P,urn:nasa:pds:cassini_iss_fring_mosaics_rsfrench2025:document:f-ring-mosaics-user-guide::1.0
S,urn:nasa:pds:cassini_iss_saturn:document:iss-data-user-guide::2.0
S,urn:nasa:pds:context:instrument:issna.co::1.2
S,urn:nasa:pds:context:instrument:isswa.co::1.2
S,urn:nasa:pds:context:instrument_host:spacecraft.co::1.4
S,urn:nasa:pds:context:investigation:mission.cassini-huygens::1.5
S,urn:nasa:pds:context:target:ring.saturn.f_ring::1.1
S,urn:nasa:pds:context:target:ring.saturn.rings::1.1
S,urn:nasa:pds:context:target:satellite.saturn.pandora::1.2
S,urn:nasa:pds:context:target:satellite.saturn.prometheus::1.2
