Observation,Inertial,Nav qual,Bkgnd qual,Prometheus,Pandora,Additional Comments,
ISS_000RI_SATSRCHAP001_PRIME,Y,G,G,Y,N,,
ISS_00ARI_SPKMOVPER001_PRIME,Y,F,G,Y,N,,
ISS_006RI_LPHRLFMOV001_PRIME,Y,G,G,Y,N,,
ISS_007RI_LPHRLFMOV001_PRIME,Y,F,P,Y,N,B,
ISS_007RI_AZSCNLOPH001_PRIME,N,G,G,Y,N,N,
ISS_007RI_HPMRDFMOV001_PRIME,Y,F,F,N,N,B,
ISS_029RF_FMOVIE001_VIMS,Y,G,G,N,N,,
ISS_029RF_FMOVIE002_VIMS,Y,G,G,N,N,,
ISS_030RF_FMOVIE001_VIMS,Y,G,G,Y,N,,
ISS_031RF_FMOVIE001_VIMS,Y,G,G,N,N,,
ISS_032RF_FMOVIE001_VIMS,Y,G,G,N,N,,
ISS_032RF_FMOVIE002_VIMS,Y,G,G,N,N,,
ISS_033RF_FMOVIE001_VIMS,Y,G,G,Y,N,,
ISS_036RF_FMOVIE001_VIMS,Y,G,G,N,N,E,
ISS_036RF_FMOVIE002_VIMS,Y,G,G,N,N,C;E,
ISS_039RF_FMOVIE002_VIMS,Y,G,G,Y,N,E,
ISS_039RF_FMOVIE003_VIMS,Y,G,G,N,N,E,
ISS_039RF_FMOVIE001_VIMS,Y,G,G,Y,N,E,
ISS_039RI_FMONITOR002_CIRS,Y,G,G,N,N,N,
ISS_041RF_FMOVIE002_VIMS,Y,G,G,Y,N,E,
ISS_041RF_FMOVIE001_VIMS,Y,G,G,N,N,,
ISS_041RI_FMONITOR001_CIRS,Y,G,G,N,N,N,
ISS_043RF_FMOVIE001_VIMS,Y,G,G,N,N,,
ISS_043RI_FMONITOR001_CIRS,Y,G,G,N,N,N,
ISS_043RI_FMONITOR001_PRIME,Y,F,G,N,N,N,
ISS_044RF_FMOVIE001_VIMS,Y,F,G,N,N,,
ISS_051RI_LPMRDFMOV001_PRIME,Y,P,G,Y,N,,
ISS_055RF_FMOVIE001_VIMS,Y,G,G,N,Y,,
ISS_055RI_LPMRDFMOV001_PRIME,Y,G,G,N,N,,
ISS_057RF_FMOVIE001_VIMS,Y,G,G,Y,N,,
ISS_059RF_FMOVIE001_VIMS,Y,G,G,N,Y,,
ISS_059RF_FMOVIE002_VIMS,Y,G,G,N,N,,
ISS_061RI_LPMRDFMOV001_PRIME,Y,F,G,N,N,,
ISS_068RF_FMOVIE001_VIMS,Y,G,G,N,N,,
ISS_072RI_SPKHRLPDF001_PRIME,Y,G,G,Y,N,,
ISS_075RF_FMOVIE002_VIMS,Y,G,G,Y,N,C,
ISS_075RB_BMOVIE4001_VIMS,Y,G,G,N,N,,
ISS_079RI_FMONITOR002_PRIME,N,G,F,N,N,N,
ISS_079RF_FRINGMRLF002_PRIME,Y,F,G,Y,N,,
ISS_080RF_FMOVIE005_PRIME,Y,G,G,N,Y,,
ISS_081RI_FMONITOR001_PRIME,N,F,F,N,N,N,
ISS_081RI_FMOVIE106_VIMS,Y,G,G,N,Y,,
ISS_082RI_FMONITOR003_PRIME,N,G,F,Y,N,N,
ISS_083RI_FMONITOR002_PRIME,Y,G,G,N,N,B;N,
ISS_083RI_FMOVIE109_VIMS,Y,G,G,N,N,,
ISS_084RI_FMONITOR002_PRIME,N,G,F,N,N,N,
ISS_085RF_FMOVIE003_PRIME_1,Y,G,G,N,Y,M2,
ISS_085RF_FMOVIE003_PRIME_2,Y,G,G,N,N,M2,
ISS_087RF_FMOVIE003_PRIME,Y,G,G,Y,Y,,
ISS_089RF_FMOVIE003_PRIME,Y,G,G,N,Y,,
ISS_091RI_APOMOSL109_VIMS,N,F,G,N,N,,
ISS_091RF_FMOVIE003_PRIME,Y,G,G,N,N,,
ISS_092RF_FMOVIE003_PRIME,Y,G,G,N,N,,
ISS_093RF_FMOVIE003_PRIME,Y,G,G,Y,N,,
ISS_093RF_FMOVIE001_PRIME,Y,G,F,N,N,,
ISS_094RF_FMOVIE001_PRIME_1,Y,G,G,Y,N,M2,
ISS_094RF_FMOVIE001_PRIME_2,Y,F,G,N,N,M2,
ISS_094RF_FMOVIE003_PRIME,Y,G,G,N,N,,
ISS_096RF_FMOVIE004_PRIME,Y,G,G,Y,N,,
ISS_098RI_TMAPN30LP001_CIRS,N,F,G,Y,N,N,
ISS_100RF_FMOVIE003_PRIME,Y,G,G,N,Y,,
ISS_100RI_SUBMS20LP001_CIRS,N,F,G,N,N,N,
ISS_102RF_FMOVIE001_PRIME,Y,G,G,Y,N,,
ISS_102RI_SPKFMLFLP001_PRIME,Y,G,F,N,N,,
ISS_103RF_FMOVIE003_PRIME,Y,G,G,N,Y,,
ISS_104RF_FMOVIE003_PRIME,Y,G,F,N,N,,
ISS_105RF_FMOVIE003_PRIME,Y,G,G,N,N,,
ISS_105RI_TMAPN45LP001_CIRS_1,Y,G,G,N,N,M3,
ISS_105RI_TMAPN45LP001_CIRS_2,Y,G,G,N,N,M3,
ISS_105RI_TMAPN45LP001_CIRS_3,Y,G,G,N,N,M3,
ISS_105RI_TMAPN45LP001_CIRS_4,Y,G,G,N,Y,M3,
ISS_105RI_TMAPN45LP001_CIRS_5,Y,G,G,N,N,M3,
ISS_105RI_TMAPN45LP001_CIRS_6,Y,G,G,N,Y,M3,
ISS_105RI_TDIFS20HP001_CIRS,Y,G,P,N,N,,
ISS_105RF_FMOVIE002_PRIME,Y,G,G,Y,N,,
ISS_106RF_FMOVIE002_PRIME,Y,G,F,Y,N,,
ISS_107RF_FMOVIE002_PRIME,Y,G,G,Y,N,,
ISS_108RI_SPKMVLFLP001_PRIME,Y,G,F,N,N,,
ISS_108RF_FMOVIE001_PRIME,Y,G,G,Y,N,,
ISS_109RI_TDIFS20HP001_CIRS,Y,G,F,N,N,,
ISS_110RF_FMOVIE002_PRIME,Y,G,G,Y,N,,
ISS_111RF_FMOVIE002_PRIME,Y,G,G,Y,N,,
ISS_112RF_FMOVIE002_PRIME_1,Y,G,G,N,Y,M2,
ISS_112RF_FMOVIE002_PRIME_2,Y,G,G,Y,N,M2,
ISS_114RF_FMOVIEEQX001_PRIME,Y,G,G,N,Y,,
ISS_115RF_FMOVIEEQX001_PRIME,Y,G,G,N,N,,
ISS_132RI_FMOVIE001_VIMS,Y,F,G,Y,N,,
ISS_134RI_SPKMVDFHP001_PRIME,Y,G,F,N,N,,
ISS_137RI_FMOVIE001_VIMS,Y,G,G,N,N,E,
ISS_166RI_FNTLPMOV001_PRIME,Y,P,G,N,N,,
ISS_168RF_FMOVIE001_PRIME,Y,G,G,N,N,,
ISS_168RF_FMOVIE002_PRIME,Y,F,G,N,N,E,
ISS_168RI_PROPRETRG001_PRIME,Y,G,G,N,N,,
ISS_170RF_HIRESFRNG001_PRIME,Y,G,G,N,N,,
ISS_172RF_FMOVIE001_PRIME,Y,G,G,N,N,,
ISS_172RI_BETPEGOCC001_VIMS,Y,G,G,N,N,O,
ISS_172ST_URGAMPEG001_UVIS,Y,G,F,N,N,O,
ISS_172RI_EGAPMOVMP002_PRIME,Y,G,G,N,N,,
ISS_172RI_SPOKEMOV001_PRIME,N,P,P,Y,N,,
ISS_172RI_SPOKEMOV002_PRIME,Y,F,F,Y,N,,
ISS_173RI_SPOKEMOV001_PRIME,Y,G,F,N,N,,
ISS_173RI_SPOKEMOV002_PRIME,Y,F,F,N,N,,
ISS_173RI_SPOKEMOV003_PRIME,Y,F,F,Y,N,,
ISS_173RF_FMOVIE001_PRIME_1,Y,G,G,Y,N,M2,
ISS_173RF_FMOVIE001_PRIME_2,Y,G,G,N,N,E;M2,
ISS_173RF_HIRESFRNG001_PRIME,Y,F,G,N,N,,
ISS_174RI_SPOKEMOV001_PRIME,Y,P,F,N,N,,
ISS_174RI_SPOKEMOV002_PRIME,Y,P,F,N,N,,
ISS_174RI_SPOKEMOV004_PRIME,Y,F,F,N,N,,
ISS_174RF_FRSTRCHAN001_PRIME_1,Y,G,F,N,N,M2,
ISS_174RF_FRSTRCHAN001_PRIME_2,Y,G,G,N,N,M2,
ISS_176RF_FMOVIE001_PRIME,Y,G,F,N,N,,
ISS_177RF_FMOVIE001_PRIME_1,Y,G,G,Y,N,M2,
ISS_177RF_FMOVIE001_PRIME_2,Y,G,G,N,N,M2,
ISS_177RI_SPOKEMOV001_PRIME,Y,P,F,N,N,,
ISS_177RF_FRSTRCHAN001_PRIME_1,Y,G,G,Y,N,M2,
ISS_177RF_FRSTRCHAN001_PRIME_2,Y,G,F,Y,N,M2,
ISS_178RI_EGAPMOVMP001_PRIME,Y,G,G,N,N,,
ISS_178RI_SPOKEMOV001_PRIME,Y,P,F,N,N,,
ISS_179RF_FMOVIE001_PRIME,Y,G,G,Y,N,,
ISS_179RI_SPOKEMOV001_PRIME,Y,F,F,N,N,,
ISS_179RF_FRINGPHOT001_VIMS,Y,G,G,N,N,,
ISS_180RI_RLYROCC001_VIMS,Y,G,G,N,N,O,
ISS_180RF_FMOVIE001_PRIME,Y,G,G,N,N,,
ISS_180RI_SPOKEMOV001_PRIME,Y,G,F,N,N,,
ISS_180RI_SPOKEMOV002_PRIME,Y,G,F,N,N,,
ISS_180RI_RCASOCC001_VIMS,Y,G,F,N,N,O,
ISS_180RF_HIRESFRNG001_PRIME,Y,G,F,N,N,,
ISS_181RF_FMOVIE001_PRIME,Y,G,G,N,N,,
ISS_181RI_SPOKEMOV001_PRIME,Y,G,F,N,N,,
ISS_181RF_FRINGPHOT001_VIMS,Y,G,G,N,N,,
ISS_181RF_FRINGPHOT002_VIMS,Y,F,G,N,N,,
ISS_183RF_FMOVIE001_PRIME_1,Y,G,G,N,N,M2,
ISS_183RF_FMOVIE001_PRIME_2,Y,F,G,N,N,M2,
ISS_183RI_SPOKEMOV001_PRIME,Y,G,F,N,N,,
ISS_184RI_SPOKEMOV002_PRIME,Y,F,F,N,N,,
ISS_184RF_FMOVIE001_PRIME,Y,G,G,N,N,,
ISS_184RF_FMOVIE002_PRIME,Y,G,G,N,N,,
ISS_185RI_RHYAOCC001_VIMS_1,Y,G,G,N,N,M4;O,
ISS_185RI_RHYAOCC001_VIMS_2,Y,G,G,N,N,M4;O,
ISS_189RF_FMOVIE001_PRIME,Y,G,G,Y,N,,
ISS_191RF_FMOVIE002_PRIME,Y,G,G,Y,N,,
ISS_191RI_RCASOCCB001_VIMS,Y,G,G,N,N,,
ISS_191RF_FMOVIE001_PRIME_1,N,F,G,N,N,M4;R,
ISS_191RF_FMOVIE001_PRIME_2,N,F,G,N,N,M4;R,
ISS_191RF_FMOVIE001_PRIME_3,N,F,G,N,N,M4;R,
ISS_191RF_FMOVIE001_PRIME_4,N,F,G,N,N,M4;R,
ISS_191RF_FMOVIE001_PRIME_5,N,F,G,N,N,M4;R,
ISS_193RF_FMOVIE001_PRIME_1,Y,G,G,Y,N,M2,
ISS_193RF_FMOVIE001_PRIME_2,Y,G,G,N,N,M2,
ISS_194RF_FMOVIE001_PRIME_1,Y,G,G,N,N,M2,
ISS_194RF_FMOVIE001_PRIME_2,Y,G,G,N,N,M2,
ISS_194RI_MUCEPOCC001_VIMS,Y,G,G,N,N,O,
ISS_196RF_FMOVIE003_PRIME,Y,G,G,Y,N,,
ISS_196RF_FMOVIE004_PRIME,Y,G,G,Y,N,,
ISS_196RF_FMOVIE005_PRIME,Y,G,G,Y,N,,
ISS_196RF_FMOVIE006_PRIME,Y,G,G,Y,N,,
ISS_196RI_BETANDOCC001_VIMS,Y,G,G,N,N,O,
ISS_197RF_FMOVIE007_PRIME,Y,F,G,Y,N,,
ISS_197RI_WHYAOCC001_VIMS,Y,G,G,N,N,O,
ISS_197RF_FMOVIE002_PRIME,Y,G,F,N,N,,
ISS_198RI_RLYROCC001_VIMS,Y,G,G,N,N,O,
ISS_198RF_FMOVIE001_PRIME_1,Y,G,G,N,N,M2,
ISS_198RF_FMOVIE001_PRIME_2,Y,G,G,N,N,M2,
ISS_198RI_SPOKEMOV004_PRIME,Y,P,F,N,N,,
ISS_198RI_SPOKEMOV005_PRIME_1,Y,F,F,N,N,M1,
ISS_198RI_SPOKEMOV005_PRIME_2,Y,F,F,N,N,M1,
ISS_199RI_SPOKEMOV002_PRIME_1,Y,P,P,N,N,M1,
ISS_199RI_SPOKEMOV002_PRIME_2,Y,P,P,N,N,M1,
ISS_199RI_SPOKEMOV003_PRIME_1,Y,P,P,N,N,M1,
ISS_199RI_SPOKEMOV003_PRIME_2,Y,P,P,N,N,M1,
ISS_199RI_SPOKEMOV003_PRIME_3,Y,P,P,N,N,M1,
ISS_199RI_SPOKEMOV004_PRIME_1,Y,F,P,N,N,M1,
ISS_199RI_SPOKEMOV004_PRIME_2,Y,F,P,N,N,M1,
ISS_199RI_SPOKEMOV006_PRIME_1,Y,F,F,N,N,M1,
ISS_199RI_SPOKEMOV006_PRIME_2,Y,G,P,N,N,M1,
ISS_199RI_SPOKEMOV006_PRIME_3,Y,G,P,N,N,M1,
ISS_199RI_EGAPMOVMP001_PRIME,Y,G,G,Y,N,,
ISS_199RF_FMOVIE002_PRIME,N,F,G,N,N,R,
ISS_200RI_SPOKEMOV001_PRIME,Y,G,F,N,N,,
ISS_200RI_SPOKEMOV004_PRIME_1,Y,F,P,N,N,M1,
ISS_200RI_SPOKEMOV004_PRIME_2,Y,P,P,N,N,M1,
ISS_200RI_SPOKEMOV004_PRIME_3,Y,F,P,N,N,M1,
ISS_200RI_SPOKEMOV007_PRIME,Y,F,G,N,N,,
ISS_200RI_SPOKEMOV011_PRIME,Y,F,F,N,N,,
ISS_201RI_SPOKEMOV001_PRIME_1,Y,P,P,N,N,M1,
ISS_201RI_SPOKEMOV001_PRIME_2,Y,P,P,N,N,M1,
ISS_201RI_L2PUPOCC001_VIMS_1,Y,G,G,N,N,M4;O,
ISS_201RI_L2PUPOCC001_VIMS_2,Y,G,G,N,N,M4;O,
ISS_201RF_FMOVIE001_PRIME_1,Y,G,G,N,N,M2,
ISS_201RF_FMOVIE001_PRIME_2,Y,G,G,N,N,M2,
ISS_201RF_FMOVIE001_VIMS,Y,G,G,Y,N,,
ISS_201RI_SPOKEMOV009_PRIME_1,Y,G,F,N,N,M1,
ISS_201RI_SPOKEMOV009_PRIME_2,Y,G,P,N,N,M1,
ISS_201RI_SPOKEMOV011_PRIME,Y,F,P,N,N,,
ISS_201RI_SPOKEMOV013_PRIME,Y,G,F,N,N,,
ISS_201RI_SPOKEMOV015_PRIME,Y,G,F,N,N,,
ISS_202RF_FMOVIE001_PRIME_1,Y,G,G,N,N,M2,
ISS_202RF_FMOVIE001_PRIME_2,Y,G,G,N,N,M2,
ISS_203RF_FMOVIE001_PRIME_1,Y,G,G,Y,N,M2,
ISS_203RF_FMOVIE001_PRIME_2,Y,G,G,Y,N,M2,
ISS_205RF_FMOVIE001_PRIME,Y,G,G,N,N,,
ISS_205RI_L2PUPOCC002_VIMS,Y,G,G,N,N,O,
ISS_206RI_PROPRETRG001_PRIME_1,Y,G,G,N,N,M4,
ISS_206RI_PROPRETRG001_PRIME_2,Y,G,G,N,N,M4,
ISS_206RI_PROPRETRG001_PRIME_3,Y,G,G,N,N,M4,
ISS_206RI_LATPHASE001_VIMS,Y,G,G,N,N,,
ISS_206RI_BMOVIE001_PRIME,Y,G,G,Y,N,,
ISS_206RI_L2PUPOCC002_VIMS,Y,G,G,N,N,O,
ISS_207RF_FMOVIE001_PRIME,Y,G,G,Y,N,,
ISS_208RF_FMOVIE001_PRIME_1,Y,G,G,N,N,M2,
ISS_208RF_FMOVIE001_PRIME_2,Y,G,G,N,N,M2,
ISS_208RF_FMOVIE002_PRIME_1,Y,G,G,N,N,M2,
ISS_208RF_FMOVIE002_PRIME_2,Y,G,G,Y,N,M2,
ISS_209RF_FMOVIE001_PRIME_1,Y,G,G,N,N,M2,
ISS_209RF_FMOVIE001_PRIME_2,Y,F,G,N,N,M2,
ISS_211RI_EGAPMOVMP001_PRIME,Y,G,F,N,N,,
ISS_211RF_FMOVIE001_PRIME,Y,F,G,N,N,,
ISS_211RF_HIRESFRNG001_PRIME,Y,G,G,N,N,,
ISS_212RF_FMOVIE001_PRIME_1,Y,G,G,Y,N,M2,
ISS_212RF_FMOVIE001_PRIME_2,Y,G,G,Y,N,M2,
ISS_213RF_FMOVIE001_PRIME,Y,F,G,Y,N, ,
ISS_213RF_FMOVIE002_PRIME,Y,F,G,Y,N,,
ISS_231RI_EGAPMOVMP001_PRIME,Y,P,G,Y,N,,
ISS_232RF_FMOVIE001_PRIME,Y,F,G,Y,N,,
ISS_232RI_PROPRETRG001_PRIME,Y,G,G,N,N,,
ISS_232RI_EGAPMOVMP001_PRIME_1,Y,F,G,Y,N,M2,
ISS_232RI_EGAPMOVMP001_PRIME_2,Y,G,G,Y,N,M2,
ISS_233RF_FMOVIE001_PRIME_1,Y,G,G,N,N,M2,
ISS_233RF_FMOVIE001_PRIME_2,Y,G,G,N,N,M2,
ISS_233RI_HIRESAFRG001_PRIME,Y,G,F,N,N,,
ISS_234RF_FMOVIE001_PRIME,Y,G,F,Y,N,,
ISS_234RI_EGAPMOVMP001_PRIME,Y,G,F,N,N,,
ISS_235RF_FMOVIE001_PRIME,Y,G,G,Y,N,,
ISS_235RF_FMOVIE002_PRIME_1,Y,F,G,N,N,M2,
ISS_235RF_FMOVIE002_PRIME_2,Y,G,G,N,N,M2,
ISS_236RF_FMOVIE002_PRIME,Y,G,G,Y,N,,
ISS_239RF_FMOVIE001_PRIME,Y,G,G,Y,N,,
ISS_239RI_HIRESAFRG001_PRIME_1,Y,G,G,N,N,M4,
ISS_239RI_HIRESAFRG001_PRIME_2,Y,F,G,Y,N,M4,
ISS_239RF_FMOVIE002_PRIME_1,Y,G,G,N,N,M2,
ISS_239RF_FMOVIE002_PRIME_2,Y,G,G,N,N,M2,
ISS_240RF_FMOVIE002_PRIME,Y,F,G,Y,N,,
ISS_241RF_FMOVIE001_PRIME,Y,P,F,Y,N,,
ISS_242RF_FMOVIE001_PRIME,Y,G,G,N,N,,
ISS_243RF_FMOVIE001_PRIME_1,Y,G,G,N,N,M2,
ISS_243RF_FMOVIE001_PRIME_2,Y,G,G,Y,N,M2,
ISS_244RI_PROPRETRG001_PRIME,Y,G,G,N,N,,
ISS_245RI_HIRESAFRG002_PRIME,Y,G,G,N,N,,
ISS_246RF_FMOVIE002_PRIME,Y,F,G,Y,N,,
ISS_253RF_FMOVIE001_PRIME_1,Y,G,G,N,N,M4,
ISS_253RF_FMOVIE001_PRIME_2,Y,F,G,Y,N,M4,
ISS_253RF_FMOVIE001_PRIME_3,Y,G,G,N,N,M4,
ISS_253RI_HIRESAFRG001_PIE,Y,G,G,N,N,,
ISS_256RF_FMOVIE001_PRIME_1,Y,G,G,N,N,M2,
ISS_256RF_FMOVIE001_PRIME_2,Y,F,G,N,N,M2,
ISS_256RI_HIRESAFRG002_PRIME,N,G,G,N,N,R,
ISS_260RF_FMOVIE001_PRIME,Y,F,G,Y,Y,,
ISS_260RI_HIRESAFRG001_PRIME,Y,G,G,N,N,,
ISS_262RF_FMOVIE001_PRIME_01,Y,G,F,N,N,M3,
ISS_262RF_FMOVIE001_PRIME_02,Y,G,F,N,N,M3,
ISS_262RF_FMOVIE001_PRIME_03,Y,G,F,N,N,M3,
ISS_262RF_FMOVIE001_PRIME_04,Y,G,F,N,N,M3,
ISS_262RF_FMOVIE001_PRIME_05,Y,G,F,N,N,M3,
ISS_262RF_FMOVIE001_PRIME_06,Y,G,F,N,N,M3,
ISS_262RF_FMOVIE001_PRIME_07,Y,G,F,N,N,M3,
ISS_262RF_FMOVIE001_PRIME_08,Y,G,F,N,N,M3,
ISS_262RF_FMOVIE001_PRIME_09,Y,G,F,N,N,M3,
ISS_262RF_FMOVIE001_PRIME_10,Y,G,F,N,N,M3,
ISS_262RF_FMOVIE001_PRIME_11,Y,G,F,N,N,M3,
ISS_262RF_FMOVIE001_PRIME_12,Y,P,G,N,N,M3;R,
ISS_262RF_FMOVIE001_PRIME_13,Y,G,F,N,N,M3,
ISS_262RF_FMOVIE001_PRIME_14,Y,G,G,N,N,M3,
ISS_262RF_FMOVIE001_PRIME_15,Y,G,G,N,N,M3,
ISS_262RF_FMOVIE001_PRIME_16,Y,G,G,N,N,M3,
ISS_262RF_FMOVIE001_PRIME_17,Y,G,G,N,N,M3,
ISS_265RF_FMOVIE001_PRIME,Y,G,F,Y,N,,
ISS_268RF_FMOVIE001_PRIME_1,N,P,G,N,N,M4;R,
ISS_268RF_FMOVIE001_PRIME_2,Y,G,P,N,N,M3,
ISS_268RF_FMOVIE001_PRIME_3,Y,F,G,N,N,M3,
ISS_268RF_FMOVIE001_PRIME_4,Y,F,F,N,N,M3,
ISS_268RF_FMOVIE001_PRIME_5,Y,G,F,N,N,M3,
ISS_268RF_FMOVIE001_PRIME_6,Y,G,F,N,N,M3,
ISS_268RF_FMOVIE001_PRIME_7,Y,G,F,N,N,M3,
ISS_268RF_FMOVIE001_PRIME_8,Y,G,F,N,N,M3,
ISS_268RF_FMOVIE001_PRIME_9,Y,G,G,N,N,M3,
ISS_272RF_FMOVIE001_PRIME,Y,G,F,N,N,,
ISS_274RF_FMOVIE001_PRIME,Y,G,G,Y,N,,
ISS_274RF_FMOVIE002_PRIME,Y,F,F,N,N,,
IOSIC_276RB_COMPLITB4001_SI,Y,G,G,N,N,,
ISS_276RI_HIRESAFRG001_PRIME_1,Y,G,G,N,N,M2,
ISS_276RI_HIRESAFRG001_PRIME_2,Y,G,G,N,N,M2,
ISS_277RI_HIRESAFRG001_PRIME,Y,G,G,N,N,,
ISS_283RA_COMPLITA2001_CIRS,Y,G,G,N,N,,
ISS_286RI_CASDIVLIT001_CIRS,Y,G,G,Y,N,,
ISS_286RI_PROPRETRG001_PRIME,Y,G,F,N,N,,
ISS_287RI_COMPLITCD001_CIRS,Y,G,G,N,N,,
ISS_287RI_PROPRETRG001_PRIME,Y,G,G,N,N,,
ISS_289RF_FMOVIE001_PRIME,Y,F,G,Y,N,,
ISS_292RF_FMOVIE001_PRIME,Y,P,G,Y,N,,
ISS_292RI_CASDIVLIT001_CIRS,Y,G,G,N,N,,
ISS_292RI_PROPRETRG001_PRIME,Y,G,G,N,N,,
