Observation,Slice#,Num Data,Date,Min Long,Max Long,Mean Long,Min Inertial Long,Max Inertial Long,Mean Inertial Long,Min Long of Pericenter,Max Long of Pericenter,Mean Long of Pericenter,Min True Anomaly,Max True Anomaly,Mean True Anomaly,Min Radial Res,Max Radial Res,Mean Radial Res,Min Angular Res,Max Angular Res,Mean Angular Res,Min Phase,Max Phase,Mean Phase,Min Emission,Max Emission,Mean Emission,Incidence,% Coverage,EW Median,EW Mean,EW Std,Normal EW Median,Normal EW Mean,Normal EW Std,Pandora Closest Distance,Pandora Closest Long,Pandora Distance,Pandora Long,Pandora Earliest Distance,Pandora Earliest Long,Pandora Latest Distance,Pandora Latest Long,Prometheus Closest Distance,Prometheus Closest Long,Prometheus Distance,Prometheus Long,Prometheus Earliest Distance,Prometheus Earliest Long,Prometheus Latest Distance,Prometheus Latest Long
IOSIC_276RB_COMPLITB4001_SI,0,16414,2017-05-26T20:28:43,0.0,359.98,188.09,26.09,113.2,72.383,265.244,266.369,265.821,119.721,207.956,166.562,56.750652,154.73346,79.608536,0.0,0.0,0.0,126.58747,132.21358,129.6028,70.416336,75.182396,72.9297,63.26915439,91.19,4.28062564,4.42503561,1.11281657,1.23414216,1.29005335,0.30281856,807.394,254.084,1296.945,255.02,2070.272,258.154,874.978,253.879,715.893,347.047,--,--,753.317,344.097,802.159,346.235
ISS_000RI_SATSRCHAP001_PRIME,0,17958,2004-06-20T19:15:28,0.0,359.98,180.06,171.938,180.675,177.368,111.827,113.477,112.667,58.46,68.734,64.702,38.195957,40.904255,39.345722,0.0,0.0,0.0,67.25348,67.353516,67.30996,73.856476,73.90929,73.88395,65.44991752,99.77,2.06054526,2.26526362,0.71346826,0.57208373,0.62880766,0.19806073,1160.414,27.923,1173.237,27.78,1751.696,29.576,1785.825,24.026,491.478,53.223,992.508,54.46,502.918,53.13,507.641,56.391
ISS_006RI_LPHRLFMOV001_PRIME,0,17316,2005-04-13T02:37:52,0.0,359.98,184.05,43.214,56.746,48.178,191.93,193.477,192.695,209.868,224.816,215.483,5.9229774,16.404602,6.922879,0.0,0.0,0.0,31.158085,39.418076,35.58776,83.16902,83.7301,83.4709,67.9820476,96.2,3.91246751,4.02639803,0.76553152,0.44279273,0.45765511,0.08712145,1225.218,190.775,1719.529,187.18,1225.291,190.784,1273.335,185.269,416.37,192.865,998.84,192.26,490.778,189.843,421.805,192.925
ISS_007RI_AZSCNLOPH001_PRIME,0,17509,2005-05-02T05:53:52,0.0,359.98,179.66,84.414,255.238,164.975,243.603,244.48,244.014,0.004,359.995,261.017,28.667898,65.901085,47.227493,0.0,0.0,0.0,5.7398376,26.251131,14.953823,62.386364,70.87746,65.76463,68.1692899,97.27,1.47919258,1.50304095,0.43859067,0.60477439,0.61356439,0.17954981,1221.072,11.056,1656.305,12.82,1596.117,15.576,1366.82,11.667,411.858,294.46,--,--,630.549,291.687,985.904,293.875
ISS_007RI_HPMRDFMOV001_PRIME,0,9274,2005-05-04T01:56:16,0.0,359.98,97.39,134.159,148.324,140.006,248.557,249.433,249.007,245.558,259.001,250.998,4.8324056,10.038877,5.568164,0.0,0.0,0.0,117.139084,126.45205,121.35892,93.81844,96.68235,95.124504,68.18652858,51.52,8.70582756,8.99057537,1.13397148,0.76480303,0.7978666,0.14503156,1220.542,353.664,--,--,1440.368,358.717,1522.645,354.812,411.204,304.291,--,--,584.358,301.442,1040.356,303.651
ISS_00ARI_SPKMOVPER001_PRIME,0,17197,2004-11-15T08:52:32,13.54,358.08,185.89,148.29,181.33,165.52,150.295,151.938,151.083,0.009,359.997,18.373,27.02021,45.349976,28.431366,0.0,0.0,0.0,84.21324,84.90501,84.58008,77.207726,77.4394,77.30106,66.60331307,95.54,2.61224837,2.68902976,0.59731218,0.57403043,0.59109998,0.13115194,1213.872,113.018,1237.206,113.2,1677.52,116.858,1626.649,111.358,453.013,119.748,576.253,120.12,1190.232,118.818,1202.709,122.051
ISS_029RF_FMOVIE001_VIMS,0,16847,2006-09-28T20:32:15,0.94,338.08,169.49,263.5,273.78,268.98,193.178,194.725,193.958,69.968,79.139,75.022,9.414875,10.43138,9.882035,0.0,0.0,0.0,158.30063,161.91473,160.13878,120.74043,122.6673,121.73365,74.3351139,93.59,10.47918708,10.84713787,2.34291604,5.51736134,5.69638983,1.1932775,983.674,330.621,1982.707,334.4,1982.707,334.405,1827.148,329.26,307.131,150.56,981.852,151.48,751.275,150.153,984.925,153.258
ISS_029RF_FMOVIE002_VIMS,0,10666,2006-09-30T00:32:15,0.0,359.98,117.93,78.647,88.056,83.235,196.328,197.285,196.802,242.319,251.639,246.433,11.066244,11.544299,11.276519,0.0,0.0,0.0,158.80467,161.00053,159.92007,118.505295,119.567535,119.00646,74.3486806,59.26,11.51489016,11.57596722,2.16413749,5.57994965,5.6064975,1.01353983,982.66,319.027,--,--,1665.181,323.797,1154.057,319.592,306.932,157.114,777.593,156.68,1096.639,156.43,830.163,157.849
ISS_030RF_FMOVIE001_VIMS,0,9610,2006-10-16T01:34:07,0.0,359.98,227.44,262.636,271.344,266.964,239.648,240.521,240.087,22.988,30.823,26.877,10.425333,10.865238,10.629146,0.0,0.0,0.0,150.44765,152.59543,151.52309,130.1524,131.51881,130.8503,74.56557364,53.39,5.58309677,5.69451287,1.03567355,3.66346958,3.72464383,0.6772897,974.703,174.077,--,--,1608.803,175.671,1418.444,173.392,304.269,242.31,--,--,937.285,241.771,829.227,243.042
ISS_031RF_FMOVIE001_VIMS,0,16695,2006-10-31T18:37:35,0.0,359.98,186.09,91.562,101.048,95.501,282.071,283.615,282.837,169.491,177.711,172.664,9.339399,9.820332,9.591308,0.0,0.0,0.0,156.15068,160.30232,158.29521,124.81006,128.27803,126.52449,74.78418078,92.75,8.54947588,8.7033432,1.27092904,5.08662354,5.17804656,0.75854927,967.783,29.125,1511.48,30.48,1921.885,31.712,2017.463,26.731,301.425,327.51,1384.88,326.14,780.451,324.904,552.214,327.919
ISS_032RF_FMOVIE001_VIMS,0,16725,2006-11-12T17:53:35,0.0,359.98,168.26,91.246,100.952,95.288,314.392,315.936,315.158,136.853,145.267,140.13,9.30752,9.793083,9.562086,0.0,0.0,0.0,155.70526,159.96182,157.90623,124.91946,128.40477,126.63702,74.94861145,92.92,8.17132661,8.49313844,1.69872506,4.90743156,5.05429392,0.94460773,962.258,278.954,1796.709,281.04,1991.459,281.912,2007.627,276.902,300.096,29.777,1382.368,31.58,1110.234,29.078,1290.501,32.101
ISS_033RF_FMOVIE001_VIMS,0,17142,2006-11-25T16:52:47,0.0,359.98,179.49,291.973,301.277,296.566,349.381,350.949,350.171,301.628,310.33,306.395,10.039805,10.407507,10.172998,0.0,0.0,0.0,159.64995,160.813,160.27496,119.08481,122.61162,120.8756,75.12775345,95.23,10.7722273,10.86290356,1.54099399,5.50972035,5.5665519,0.75775058,956.314,157.182,1112.596,162.6,1019.893,162.746,956.373,157.188,297.495,98.603,339.789,98.48,983.285,98.024,1159.887,101.125
ISS_036RF_FMOVIE001_VIMS,0,18000,2006-12-23T09:43:43,0.0,359.98,179.99,285.166,294.059,289.755,64.183,65.842,65.025,220.05,228.398,224.73,11.6990595,11.849619,11.772853,0.0,0.0,0.0,158.60165,160.99257,159.77655,122.643234,125.75914,124.279175,75.51264835,100.0,10.26351466,11.37300636,4.47034981,5.74690031,6.41851429,2.61947946,942.488,267.898,1032.411,262.44,968.039,268.071,1003.635,262.385,292.736,246.053,--,--,1044.213,245.42,1052.24,248.689
ISS_036RF_FMOVIE002_VIMS,0,16033,2007-01-05T14:31:59,0.0,359.98,188.17,247.912,260.815,255.457,99.828,101.331,100.585,148.049,159.485,154.872,10.175464,10.55741,10.361977,0.0,0.0,0.0,131.06834,135.70941,133.36728,143.63052,145.69357,144.77669,75.69550963,89.07,1.88312455,2.69159652,2.3347074,1.53986944,2.19510114,1.89655571,933.628,146.183,1923.674,142.84,1143.88,146.792,1530.97,141.776,291.099,318.135,1283.218,316.26,449.164,315.149,299.612,318.191
ISS_039RF_FMOVIE001_VIMS,0,17934,2007-02-27T07:18:39,0.0,359.98,179.87,194.78,210.736,203.666,242.127,243.89,243.033,312.552,326.846,320.633,10.153094,10.244501,10.194295,0.0,0.0,0.0,101.40309,108.09622,104.84538,143.66588,146.75105,145.3222,76.43975463,99.63,1.20008086,1.48377259,0.79804551,0.98721448,1.21640482,0.64514787,896.279,19.494,1273.931,18.94,1758.472,24.153,1864.145,18.164,282.847,236.632,303.906,236.54,1031.646,236.006,825.43,239.444
ISS_039RF_FMOVIE002_VIMS,0,16515,2007-02-10T11:47:11,0.0,359.98,187.53,241.769,256.004,248.985,196.727,198.292,197.515,45.042,57.712,51.47,10.221834,10.286767,10.254735,0.0,0.0,0.0,125.325714,131.16293,128.21051,146.7758,148.76643,147.93845,76.20085429,91.75,1.8859387,2.31897506,1.38701933,1.59399565,1.9635585,1.17256797,907.492,175.888,1858.789,174.54,1695.98,177.633,1939.292,172.543,286.08,148.177,516.993,148.54,1280.357,146.281,1124.234,149.275
ISS_039RF_FMOVIE003_VIMS,0,3525,2007-02-11T15:43:11,74.0,144.66,109.35,263.066,268.266,265.966,199.87,200.183,200.032,62.884,68.084,65.934,10.106428,10.164152,10.132053,0.0,0.0,0.0,136.47511,137.8783,137.12758,143.36708,144.37376,143.94104,76.21102864,19.58,2.30103515,2.28724637,0.31610409,1.86026455,1.84891696,0.25474064,906.496,164.302,--,--,2060.446,167.402,1602.07,165.83,286.274,154.729,--,--,958.217,152.321,1391.483,153.211
ISS_041RF_FMOVIE001_VIMS,0,15342,2007-03-31T09:35:11,44.0,352.16,198.07,172.646,182.951,179.774,328.792,330.203,329.508,203.778,212.748,210.265,11.851454,11.957434,11.862889,0.0,0.0,0.0,82.17428,85.65319,83.93737,128.18346,130.51265,129.40294,76.89618428,85.23,1.42632103,1.74050793,0.74045907,0.90528727,1.10170025,0.46060739,880.061,84.157,1428.443,85.32,1156.869,89.494,882.745,84.206,278.027,46.98,1390.975,49.02,635.878,46.639,1150.98,49.508
ISS_041RF_FMOVIE002_VIMS,0,17978,2007-03-17T03:49:19,0.0,359.98,179.91,205.12,218.118,211.899,290.34,292.039,291.199,274.51,286.083,280.7,10.416571,10.754052,10.593021,0.0,0.0,0.0,106.2098,111.87248,109.03471,143.60162,145.44048,144.57378,76.69391689,99.88,1.33574999,1.63495067,0.84599644,1.08880775,1.33130839,0.68608734,886.79,217.338,958.656,217.1,1973.063,219.85,1981.842,214.091,280.756,331.634,534.288,331.34,1059.284,330.982,987.555,334.322
ISS_043RF_FMOVIE001_VIMS,0,17799,2007-04-18T03:26:39,0.0,359.98,178.65,177.703,188.016,183.674,16.706,18.375,17.556,160.341,169.757,166.119,12.0191,12.3239565,12.171758,0.0,0.0,0.0,83.66193,87.2821,85.48906,125.60197,127.63681,126.62627,77.15251569,98.88,1.46100701,1.76090244,0.76132041,0.87400426,1.05078627,0.45473152,871.868,282.028,1427.624,283.18,1535.538,286.985,1453.3,281.285,275.111,141.989,1397.453,144.02,1252.13,141.109,1243.426,144.398
ISS_044RF_FMOVIE001_VIMS,0,17961,2007-05-05T04:51:11,0.0,359.98,179.96,177.169,186.549,182.428,62.769,64.419,63.608,112.75,122.247,118.82,11.896049,12.359062,12.134924,0.0,0.0,0.0,80.24793,83.49156,81.87492,118.622215,120.1378,119.3852,77.39863725,99.78,1.81151217,2.0290407,0.70160103,0.8847174,0.99777776,0.35433673,865.035,125.713,1889.966,127.88,1604.966,130.586,1480.666,124.939,272.929,233.716,1297.828,231.8,1086.029,231.455,1061.754,234.697
ISS_051RI_LPMRDFMOV001_PRIME,0,15744,2007-10-18T21:11:11,0.0,359.98,186.83,144.588,191.632,168.074,152.848,154.102,153.475,0.006,359.986,25.437,17.603495,82.2806,24.309118,0.0,0.0,0.0,54.90006,57.00236,56.052143,93.992226,94.12555,94.05356,79.85007578,87.47,7.47323493,7.84162447,1.32733749,0.53005344,0.55398694,0.09172175,779.906,37.869,1986.849,42.16,1584.772,42.762,780.492,37.849,251.446,38.151,332.224,38.32,261.278,38.099,932.059,40.869
ISS_055RF_FMOVIE001_VIMS,0,16403,2007-12-31T15:47:27,24.94,353.68,189.28,166.893,175.341,170.96,352.059,353.576,352.819,174.295,181.881,178.141,9.031588,10.012331,9.510062,0.0,0.0,0.0,62.869984,67.78988,65.25061,122.048775,123.75632,122.88803,80.96044549,91.13,1.10094588,1.14571297,0.25261316,0.59712153,0.62239908,0.13894661,742.102,80.36,1320.892,81.32,927.8,85.833,742.305,80.35,243.629,71.279,1437.534,72.98,786.402,70.823,1107.582,73.835
ISS_055RI_LPMRDFMOV001_PRIME,0,17958,2008-01-07T08:03:11,0.0,359.98,179.93,119.947,124.646,122.332,10.09,11.753,10.915,109.334,114.492,111.417,9.401457,10.054076,9.742484,0.0,0.0,0.0,18.989372,22.644426,20.827414,99.52403,102.566925,101.06703,81.06294606,99.77,2.91479497,2.95554471,0.45405548,0.54931173,0.566146,0.09309826,739.031,22.439,--,--,1771.425,24.11,1876.158,18.519,242.751,107.315,1232.407,108.46,1310.853,106.333,1311.321,109.609
ISS_057RF_FMOVIE001_VIMS,0,16095,2008-01-23T14:10:23,0.0,359.98,163.3,139.411,147.59,143.472,53.982,55.452,54.711,85.339,93.608,88.761,9.781918,10.452367,10.032417,0.0,0.0,0.0,42.45036,46.12287,44.23763,117.089966,119.41508,118.2296,81.3075041,89.42,1.16916436,1.21551466,0.27785404,0.55246546,0.57449827,0.1291802,730.922,231.826,2091.431,234.18,2188.982,235.661,1715.47,230.788,241.294,195.775,1020.935,193.34,241.668,192.502,389.733,195.578
ISS_059RF_FMOVIE001_VIMS,0,16594,2008-02-17T12:25:03,0.0,359.98,193.39,311.302,318.891,315.325,121.292,122.82,122.056,189.841,196.45,193.27,8.523694,9.348299,8.93444,0.0,0.0,0.0,42.970676,47.116062,44.977627,121.28038,124.36487,122.78043,81.68679303,92.19,1.02031885,1.09237232,0.31726084,0.55313183,0.59113401,0.1702454,722.927,5.855,833.601,6.14,833.601,6.153,1209.932,0.871,237.588,326.838,1447.955,325.4,1442.498,325.253,1323.74,328.137
ISS_059RF_FMOVIE002_VIMS,0,17990,2008-02-24T12:27:11,0.0,359.98,179.96,283.411,295.975,291.852,140.197,141.863,141.02,142.858,154.55,150.833,9.266293,10.3862705,9.468263,0.0,0.0,0.0,23.615261,26.835382,25.220116,104.35153,108.31919,106.37763,81.79431965,99.94,2.00555831,2.06488548,0.41026264,0.55717599,0.58149113,0.12127504,720.475,302.1,1276.622,297.2,720.475,302.1,726.804,296.375,237.524,2.878,1437.641,4.52,498.306,2.605,492.619,5.886
ISS_061RI_LPMRDFMOV001_PRIME,0,10828,2008-03-15T10:14:07,139.1,356.28,247.64,104.006,126.671,115.858,193.952,194.855,194.406,269.151,292.718,281.452,7.8410463,22.224758,8.617162,0.0,0.0,0.0,12.60477,15.142368,13.875648,94.195465,97.1202,95.68773,82.0925254,60.16,5.28734105,5.26790401,1.07251258,0.49953808,0.50732417,0.05743093,715.951,116.64,--,--,2253.003,119.641,772.793,116.465,235.21,110.999,--,--,552.03,108.112,977.485,110.393
ISS_068RF_FMOVIE001_VIMS,0,8060,2008-05-15T23:55:27,0.0,359.98,173.61,128.725,142.664,135.072,0.208,1.855,0.966,128.517,140.808,134.106,5.377399,6.5681157,6.0467625,0.0,0.0,0.0,44.146023,56.183697,49.250698,126.22192,136.35187,130.60635,83.03749433,44.78,0.78345848,0.79541124,0.12682969,0.50346141,0.51697979,0.0879674,690.921,268.447,--,--,719.954,274.126,692.189,268.422,230.074,78.674,635.568,75.84,472.613,75.714,445.793,78.967
ISS_072RI_SPKHRLPDF001_PRIME,0,16847,2008-06-14T05:16:15,0.0,359.98,188.14,58.658,91.619,86.825,79.116,80.533,79.878,0.004,359.984,30.324,80.703964,109.911514,91.79361,0.0,0.0,0.0,32.11883,39.133717,35.65126,115.549675,122.53823,119.11424,83.48521951,93.59,1.08324149,1.09531007,0.21806108,0.51921254,0.52993112,0.09907906,675.573,1.768,2218.308,5.62,1863.144,6.334,1035.552,1.32,227.734,232.675,227.95,232.66,1344.328,231.623,1428.264,234.205
ISS_075RB_BMOVIE4001_VIMS,0,7564,2008-07-08T03:57:51,0.0,359.98,127.83,57.085,78.925,73.177,143.775,144.467,144.179,272.618,294.458,288.998,53.67158,104.32915,69.73773,0.0,0.0,0.0,22.49069,28.297026,24.809885,59.407215,67.69553,64.037155,83.8491575,42.02,1.15272425,1.18227197,0.23234899,0.50769778,0.51445019,0.09332995,666.25,141.484,--,--,1490.864,146.456,1963.244,143.366,225.587,0.475,473.8,0.2,1456.416,358.871,351.834,0.297
ISS_075RF_FMOVIE002_VIMS,0,17911,2008-07-05T01:45:03,0.0,359.98,179.81,117.763,127.046,122.321,135.426,137.116,136.279,342.321,349.93,346.042,6.012622,6.8809867,6.475173,0.0,0.0,0.0,28.855572,37.32032,32.869507,112.40743,121.12215,116.596115,83.80674788,99.51,1.13887473,1.1489784,0.16745606,0.50413229,0.51234952,0.07835537,667.805,170.468,--,--,1985.582,174.853,1949.028,169.113,225.987,344.091,226.855,344.06,1440.082,342.383,1453.545,345.74
ISS_079RF_FRINGMRLF002_PRIME,0,11284,2008-08-06T01:42:23,79.6,305.4,192.52,149.494,151.775,150.313,221.829,222.866,222.346,286.64,289.946,287.967,8.63476,13.674567,10.894353,0.0,0.0,0.0,21.175026,28.065271,24.348375,63.58742,72.509636,68.242805,84.29531436,62.69,1.54886899,1.63974299,0.44314026,0.57147312,0.60501907,0.17212789,659.978,234.867,--,--,674.29,240.581,2034.676,236.876,223.628,154.488,1312.721,153.48,1379.308,152.566,243.246,154.561
ISS_079RI_FMONITOR002_PRIME,0,7016,2008-08-02T01:25:19,45.74,283.92,162.3,77.396,327.201,199.472,210.996,211.05,211.022,46.771,300.3,177.636,66.17813,131.53764,84.86619,0.0,0.0,0.0,29.444393,37.21118,33.22186,113.138664,116.745,114.84035,84.22805389,38.98,1.27630349,1.29737275,0.34322413,0.53436455,0.54622585,0.15397431,660.771,275.437,--,--,1870.791,277.136,1717.454,276.891,223.462,131.549,--,--,335.273,131.383,274.047,131.44
ISS_080RF_FMOVIE005_PRIME,0,5160,2008-08-14T06:50:39,66.76,170.94,118.52,96.854,117.628,108.608,244.009,244.396,244.21,212.458,233.619,224.398,6.60491,14.890286,7.145697,0.0,0.0,0.0,14.242755,15.012456,14.542466,81.26417,83.72377,82.54831,84.41857917,28.67,3.49702363,3.53537617,0.5497415,0.44841148,0.4550229,0.06303662,658.364,159.533,--,--,682.733,165.218,1576.861,164.408,222.702,197.086,--,--,822.57,196.585,224.646,197.063
ISS_081RI_FMONITOR001_PRIME,0,9501,2008-08-16T10:45:19,0.0,359.98,186.57,61.038,332.555,195.863,249.849,249.902,249.875,0.013,359.993,151.924,69.18817,201.17052,110.24482,0.0,0.0,0.0,25.276434,33.380432,29.304436,107.97158,111.80082,109.75188,84.44970804,52.78,1.41643184,1.43196453,0.26481523,0.47430885,0.48340629,0.09241338,658.333,142.148,2304.382,145.64,2304.382,145.65,2324.991,145.386,222.887,210.192,--,--,905.734,207.609,1027.415,207.735
ISS_081RI_FMOVIE106_VIMS,0,15865,2008-08-20T00:36:15,0.0,359.98,189.99,104.716,108.752,106.771,259.509,260.991,260.257,203.761,207.773,206.514,3.4660778,4.925783,4.228001,0.0,0.0,0.0,29.14762,47.49322,37.122505,39.292896,60.600754,51.208267,84.51332547,88.14,0.87304339,0.8834911,0.23361653,0.52357768,0.53913617,0.11687718,656.999,107.377,901.169,107.8,919.505,112.803,657.018,107.381,222.086,229.853,1464.509,228.32,289.096,226.717,235.386,229.797
ISS_082RI_FMONITOR003_PRIME,0,6083,2008-08-28T08:54:23,0.0,359.98,190.89,63.948,317.134,194.068,282.045,282.199,282.127,0.015,359.995,168.552,60.136883,160.93765,93.81243,0.0,0.0,0.0,21.77274,35.91287,29.084272,68.48664,73.07978,70.99595,84.6340453,33.79,1.57717747,1.72328755,0.5274487,0.52619985,0.56187121,0.17450485,655.482,32.048,2264.951,35.76,1972.6,36.436,2264.951,35.761,222.265,272.452,--,--,1275.822,271.503,956.679,271.845
ISS_083RI_FMOVIE109_VIMS,0,15988,2008-08-30T16:19:11,31.78,351.62,191.7,112.186,119.495,116.012,288.278,289.73,289.005,182.457,191.217,187.007,6.9560084,7.69213,7.1152177,0.0,0.0,0.0,20.889902,26.530937,23.598976,103.16276,110.25313,106.66101,84.67734012,88.82,1.76729922,1.83226961,0.51831601,0.48747663,0.5132779,0.11783823,655.628,14.655,--,--,655.628,14.655,985.476,9.412,221.542,285.558,1451.376,283.86,1284.196,283.438,832.522,286.18
ISS_084RI_FMONITOR002_PRIME,0,5768,2008-09-08T03:54:07,63.14,280.32,171.26,87.577,316.195,201.372,311.184,311.237,311.21,0.018,359.998,234.683,63.178257,97.78648,72.330574,0.0,0.0,0.0,32.250797,40.305798,36.364334,116.70901,120.47749,118.510994,84.79998806,32.04,1.02609413,1.06259974,0.21853738,0.48883066,0.50878765,0.11464326,652.648,293.546,--,--,2267.726,297.255,2314.552,296.998,221.482,331.435,--,--,475.317,328.471,582.181,328.56
ISS_085RF_FMOVIE003_PRIME_1,0,9047,2008-09-15T23:01:19,65.92,248.78,156.6,126.63,130.625,129.52,332.237,333.069,332.66,154.007,158.368,156.86,5.248175,5.788656,5.51866,0.0,0.0,0.0,41.459164,48.00539,44.650288,126.37478,132.6413,129.46577,84.92485239,50.26,0.759787,0.8121302,0.20383644,0.48541019,0.51256169,0.11498164,650.756,224.016,--,--,1310.099,224.925,1620.202,223.047,220.51,10.762,--,--,611.947,10.403,1071.149,11.623
ISS_085RF_FMOVIE003_PRIME_2,0,6238,2008-09-16T06:34:07,120.48,245.34,182.92,307.066,310.153,308.236,333.086,333.654,333.367,333.887,337.067,334.869,5.2879205,6.0729833,5.6412563,0.0,0.0,0.0,48.221302,52.997692,50.580883,130.32596,135.6531,132.94868,84.92827364,34.66,0.74240902,0.77324278,0.179853,0.50686375,0.52419281,0.11180115,650.536,218.224,--,--,1671.901,222.993,2118.264,220.388,220.417,14.039,--,--,1107.953,11.666,1168.238,13.227
ISS_087RF_FMOVIE003_PRIME,0,13935,2008-09-30T16:28:15,0.0,359.98,187.43,282.666,287.065,284.591,12.004,13.29,12.641,270.656,274.782,271.95,4.905153,5.854948,5.3882046,0.0,0.0,0.0,44.65068,54.23677,49.15658,125.56203,136.73578,130.89207,85.15466252,77.42,0.83436369,0.83564081,0.17096868,0.54210951,0.54882691,0.12839505,645.173,84.975,1072.589,90.26,839.13,90.458,939.883,85.466,219.814,89.416,715.584,88.98,945.009,88.815,1466.498,91.143
ISS_089RF_FMOVIE003_PRIME,0,14577,2008-10-14T22:37:51,0.0,359.98,191.14,280.389,286.354,282.475,50.5,51.845,51.162,229.844,235.481,231.313,5.6597567,6.456966,6.052115,0.0,0.0,0.0,38.920864,46.086903,42.326984,117.971115,127.250626,122.476326,85.37515929,80.98,1.01811783,1.04071759,0.20375403,0.54998219,0.55914005,0.11815272,639.031,317.554,--,--,1816.655,319.119,2333.859,315.127,218.627,164.783,1464.939,166.44,406.732,164.56,1104.014,167.314
ISS_091RF_FMOVIE003_PRIME,0,15371,2008-10-29T20:23:27,27.78,335.28,181.52,197.842,199.891,198.947,90.752,92.17,91.462,105.673,109.11,107.485,5.749195,8.673289,7.142544,0.0,0.0,0.0,43.518864,55.777946,49.204243,127.86671,141.25955,134.17996,85.60563025,85.39,1.06784224,1.06188809,0.32125283,0.71824145,0.72858354,0.19399253,632.076,178.569,2039.365,180.5,1746.267,183.253,901.924,178.201,217.722,246.705,853.114,244.04,289.945,243.572,276.033,246.587
ISS_091RI_APOMOSL109_VIMS,0,9864,2008-11-02T00:33:03,71.8,332.2,207.39,69.456,303.864,186.782,99.321,99.863,99.637,0.001,359.981,148.569,48.94726,96.01577,60.241776,0.0,0.0,0.0,29.338015,47.669815,38.289726,55.104347,66.36654,61.859253,85.65069122,54.8,1.15269945,1.17737956,0.29981953,0.54623431,0.55185958,0.13963872,630.223,149.617,2296.164,153.24,1875.977,154.141,2037.637,151.55,217.832,263.088,--,--,763.909,260.364,1429.46,261.818
ISS_092RF_FMOVIE003_PRIME,0,3502,2008-11-07T03:06:39,230.4,300.66,265.51,300.312,303.754,300.716,113.109,113.421,113.259,186.998,190.644,187.457,5.8261986,6.1691623,5.9573817,0.0,0.0,0.0,48.893974,51.154705,50.107346,132.83926,135.37384,134.18001,85.7276404,19.46,0.80005777,0.79817889,0.1154732,0.55613417,0.55637295,0.08182235,629.12,103.292,--,--,2221.635,107.19,2209.51,105.629,217.69,289.305,--,--,1462.639,287.871,998.219,288.654
ISS_093RF_FMOVIE003_PRIME,0,11284,2008-11-14T15:06:39,0.0,359.98,199.03,126.592,133.734,130.432,133.361,134.419,133.896,353.173,359.32,356.537,6.051661,6.6153154,6.3432364,0.0,0.0,0.0,40.236088,46.930294,43.471645,126.077156,132.4935,129.21906,85.84781998,62.69,0.81051037,0.80838277,0.10943198,0.51314621,0.51153728,0.07609675,625.526,33.815,2215.862,37.72,1707.406,38.54,763.274,34.107,217.384,328.626,--,--,1030.937,327.946,1164.879,329.588
ISS_094RF_FMOVIE001_PRIME_1,0,8595,2008-11-21T21:26:55,0.0,359.98,88.92,120.848,125.476,123.272,152.977,153.756,153.366,327.092,332.493,329.906,6.229938,6.567346,6.407874,0.0,0.0,0.0,36.09095,41.00778,38.48894,121.86459,126.96473,124.37712,85.95858064,47.75,0.7973577,0.80037803,0.10229386,0.44722779,0.45165201,0.05914297,623.235,330.128,--,--,1258.033,330.962,1501.516,329.269,216.586,7.95,256.383,7.84,1469.952,6.385,232.078,7.89
ISS_094RF_FMOVIE001_PRIME_2,0,4509,2008-11-22T04:36:47,82.02,175.62,129.39,300.621,304.635,302.606,153.783,154.2,153.988,146.521,150.806,148.618,6.3656826,6.922448,6.627527,0.0,0.0,0.0,43.7326,46.360104,45.010357,125.86069,129.07458,127.42828,85.96106824,25.05,0.70080502,0.72412382,0.11071027,0.42622159,0.43993968,0.06733906,623.078,324.337,--,--,1587.588,329.187,2355.439,327.382,216.586,7.95,--,--,221.184,7.917,767.721,8.502
ISS_096RF_FMOVIE004_PRIME,0,15256,2008-12-10T18:01:03,0.0,359.98,205.4,134.459,136.52,135.318,203.896,205.308,204.602,289.202,292.539,290.716,3.796547,5.276271,4.506827,0.0,0.0,0.0,52.912807,74.09261,62.57246,17.417028,40.62698,29.940887,86.25303359,84.76,0.59519025,0.60448101,0.08797876,0.51182119,0.52173907,0.09137652,618.037,156.443,740.015,156.2,1961.309,158.2,2360.273,153.888,216.027,109.543,1103.415,108.78,372.44,106.491,231.374,109.484
ISS_098RI_TMAPN30LP001_CIRS,0,12111,2008-12-22T23:58:55,0.0,359.98,186.91,93.006,309.674,201.869,236.97,237.634,237.259,0.003,359.983,159.517,62.69122,100.47357,75.069176,0.0,0.0,0.0,32.953026,38.760593,36.18808,115.27156,122.28926,119.5343,86.43899447,67.28,1.10254107,1.11585752,0.1676584,0.53163768,0.54940792,0.08808732,615.174,40.67,1460.279,45.62,676.185,46.293,2321.716,44.225,214.86,175.083,1359.992,173.06,215.1,171.814,1359.992,173.066
ISS_100RF_FMOVIE003_PRIME,0,13301,2009-01-11T10:41:34,6.44,273.16,139.76,126.554,135.925,130.892,289.48,290.738,290.113,197.074,205.197,200.779,5.8498487,6.2906446,6.0778337,0.0,0.0,0.0,36.249763,47.223305,41.528996,122.90184,133.62552,128.1834,86.74292879,73.89,0.7240682,0.7310279,0.11078185,0.44316661,0.44960803,0.06398111,612.141,227.015,631.456,227.1,941.256,227.512,2212.566,223.493,213.836,276.666,--,--,1393.298,275.489,1170.56,277.62
ISS_100RI_SUBMS20LP001_CIRS,0,11395,2009-01-17T22:23:26,54.42,288.4,172.43,213.576,318.463,258.147,306.997,307.596,307.255,0.005,359.985,292.758,66.78783,157.08685,91.724525,0.0,0.0,0.0,41.58434,47.14277,45.08341,64.5279,69.23359,67.11827,86.83919963,63.31,1.32982419,1.35114741,0.26905775,0.5164986,0.52363512,0.09942923,612.004,163.345,920.798,168.72,903.667,168.747,2364.038,166.589,213.566,312.712,--,--,368.308,309.655,1465.152,311.029
ISS_102RI_SPKFMLFLP001_PRIME,0,11031,2009-02-05T16:39:26,82.06,303.28,192.7,64.373,97.252,81.851,357.656,358.557,358.124,65.816,98.696,83.726,66.14688,118.23701,79.521904,0.0,0.0,0.0,35.163345,40.788216,37.783855,59.077774,66.899155,63.074375,87.13156869,61.28,1.10108373,1.13189817,0.2195267,0.49260271,0.51092094,0.10000646,609.75,355.48,--,--,993.169,356.029,2111.976,353.821,212.94,51.021,--,--,1398.276,49.827,381.086,51.251
ISS_103RF_FMOVIE003_PRIME,0,11447,2009-02-10T14:28:46,0.0,359.98,220.23,168.104,194.405,180.551,10.913,12.081,11.497,157.191,182.324,169.054,6.2054257,6.4454904,6.3274,0.0,0.0,0.0,69.84946,82.182365,75.981346,150.1931,155.5453,153.12743,87.20852526,63.59,0.70120242,0.73424923,0.17604826,0.62521367,0.65431453,0.15530422,608.786,309.172,--,--,2129.994,311.216,1801.284,307.972,212.136,77.236,--,--,1443.517,75.911,850.062,77.849
ISS_104RF_FMOVIE003_PRIME,0,3126,2009-02-25T00:06:54,0.0,359.98,69.97,277.54,283.389,281.29,49.8,50.082,49.947,227.74,233.333,231.343,5.0108404,5.102901,5.0379763,0.0,0.0,0.0,142.84433,146.61613,144.7864,112.21038,116.3881,114.284134,87.42623123,17.37,5.85675662,6.0605585,1.09227591,2.42119476,2.47385325,0.34723245,606.221,176.033,--,--,2289.907,179.717,2222.085,178.291,211.754,152.611,--,--,263.804,152.5,341.283,152.807
ISS_105RF_FMOVIE002_PRIME,0,14090,2009-03-11T11:51:58,0.0,359.98,183.26,146.438,192.848,168.952,88.926,90.435,89.677,57.512,102.413,79.276,5.323018,5.6580243,5.48752,0.0,0.0,0.0,98.88073,112.06572,105.5747,23.152744,25.636396,23.899626,87.65713263,78.28,0.84117249,0.89085825,0.22132842,0.76934438,0.81464303,0.20345068,602.8,42.899,2073.028,44.8,2131.282,46.988,1568.299,41.948,211.255,231.258,230.524,231.32,1457.522,229.501,1273.848,232.34
ISS_105RF_FMOVIE003_PRIME,0,5445,2009-03-04T08:46:54,0.0,359.98,81.02,282.544,288.326,284.664,69.677,70.162,69.914,212.793,218.649,214.75,7.078299,7.232705,7.0929894,0.0,0.0,0.0,33.542137,35.0133,34.26808,110.73173,114.441284,112.58979,87.54120359,30.25,1.25728878,1.28397674,0.17544122,0.4792842,0.49478144,0.08243567,604.102,106.573,--,--,738.404,112.113,2109.51,110.703,210.853,191.935,--,--,361.783,191.737,567.907,192.313
ISS_105RI_TDIFS20HP001_CIRS,0,8638,2009-03-10T02:14:54,0.0,359.98,226.53,258.305,327.201,297.976,85.144,85.638,85.409,172.679,242.058,212.567,47.923496,102.51674,58.243835,0.0,0.0,0.0,150.10298,157.51123,154.16743,62.73118,71.557,67.41064,87.62980368,47.99,11.70803097,11.0759037,3.31418274,4.33312755,4.12484328,0.90296221,602.792,54.477,--,--,1016.002,59.783,2332.759,57.995,211.268,224.703,--,--,600.314,221.83,1472.551,223.058
ISS_105RI_TMAPN45LP001_CIRS,0,5777,2009-03-05T08:45:18,18.84,147.84,82.93,109.59,316.621,211.785,72.374,73.087,72.733,37.034,243.703,139.052,67.57909,80.85952,69.88592,0.0,0.0,0.0,41.563354,50.072285,45.570297,128.98898,137.20895,132.52097,87.55808853,32.09,0.6861131,0.69000779,0.11273772,0.45679659,0.46601095,0.07874039,604.196,100.784,606.467,100.8,1920.343,102.425,737.148,100.538,211.051,198.488,--,--,1474.543,196.962,258.807,198.382
ISS_106RF_FMOVIE002_PRIME,0,13540,2009-03-23T11:07:10,0.0,359.98,223.37,145.606,190.698,167.274,121.245,122.695,121.964,24.361,68.002,45.311,5.312372,5.6380115,5.4723487,0.0,0.0,0.0,99.88759,112.45398,106.23867,23.128952,25.733028,23.850767,87.84176869,75.22,0.82126564,0.89378687,0.30371443,0.75222938,0.8168742,0.2753895,598.523,292.921,--,--,1942.1,297.322,1137.666,292.344,210.609,293.517,--,--,337.409,293.338,764.997,296.315
ISS_107RF_FMOVIE002_PRIME,0,7397,2009-03-29T16:51:42,188.5,337.72,263.02,151.998,161.791,156.758,138.093,138.808,138.456,13.905,22.984,18.302,7.082908,7.1307006,7.0963187,0.0,0.0,0.0,54.925053,61.22007,58.11304,139.90654,144.15727,142.10304,87.93404367,41.09,0.64409208,0.73291089,0.27536677,0.51148,0.57604129,0.20773632,597.365,235.039,--,--,1303.142,240.113,2084.237,236.947,210.415,329.564,--,--,220.209,326.336,1454.327,327.782
ISS_108RF_FMOVIE001_PRIME,0,11645,2009-04-16T10:34:06,0.0,359.98,144.68,237.194,249.95,244.652,185.989,187.1,186.552,51.152,62.861,58.1,7.8144507,7.85867,7.825223,0.0,0.0,0.0,100.746994,107.745514,104.25324,142.25545,147.30371,144.94643,88.2102077,64.69,0.85636839,1.14083684,0.75146179,0.70415229,0.92796445,0.59621681,591.582,72.958,2183.467,75.04,1816.563,77.521,621.004,73.076,210.268,61.321,565.731,61.68,535.653,60.998,1476.407,63.004
ISS_108RI_SPKMVLFLP001_PRIME,0,10862,2009-04-10T09:49:18,0.0,359.98,250.25,66.27,149.421,106.94,169.704,170.327,170.012,255.943,339.717,296.927,70.840485,161.53357,93.46843,0.0,0.0,0.0,33.55067,41.621437,36.28628,66.48016,74.85807,70.82827,88.11452449,60.34,1.43160428,1.47481795,0.2724727,0.45113988,0.48555259,0.12212209,593.254,130.844,--,--,1460.436,131.864,848.093,130.493,209.942,31.827,--,--,226.996,28.614,1382.591,29.822
ISS_109RI_TDIFS20HP001_CIRS,0,12761,2009-04-21T12:42:06,0.0,359.98,154.6,244.318,328.619,296.17,199.73,200.53,200.173,43.787,128.888,95.997,66.32926,125.6247,79.33715,0.0,0.0,0.0,143.66544,148.0075,145.47516,55.42003,59.832817,57.221832,88.2870336,70.89,4.50071997,5.14436615,2.08208895,2.3792744,2.79034473,1.16026004,590.253,26.647,1922.322,28.24,2100.271,30.796,1028.82,27.226,209.316,90.812,1116.181,88.38,315.026,87.706,1409.396,89.582
ISS_110RF_FMOVIE002_PRIME,0,12596,2009-05-10T09:03:58,49.94,302.24,176.13,249.535,262.004,256.157,250.626,251.841,251.235,0.001,359.999,18.069,5.531809,5.761377,5.638957,0.0,0.0,0.0,52.805702,66.2597,59.30959,56.305046,70.077415,63.25205,88.58032899,69.98,1.17311694,1.23826173,0.30205789,0.52333613,0.54843847,0.1204917,586.088,212.977,1864.58,217.46,1327.715,218.024,666.195,213.175,209.145,189.124,372.754,188.9,1039.897,188.41,1416.508,190.471
ISS_111RF_FMOVIE002_PRIME,0,9598,2009-05-26T09:08:14,0.0,359.98,243.25,273.695,285.571,277.438,293.838,294.689,294.246,339.852,351.733,343.191,5.235607,21.119284,5.816235,0.0,0.0,0.0,34.34401,38.285255,36.10233,92.94914,103.17809,97.956856,88.82511891,53.32,3.94519583,4.81920239,2.58727622,0.52607228,0.53558322,0.09113141,584.221,68.238,--,--,2321.498,70.698,660.794,68.058,208.618,274.323,--,--,1095.693,273.552,631.919,274.744
ISS_112RF_FMOVIE002_PRIME_1,0,9094,2009-06-10T11:51:26,0.0,359.98,205.66,115.158,122.209,119.573,334.647,335.46,335.058,139.698,147.561,144.515,4.214558,5.5319166,4.6161976,0.0,0.0,0.0,17.098747,21.66051,18.8013,97.7894,109.73838,104.14325,89.05793106,50.52,2.1069074,2.10915654,0.54182964,0.47066821,0.48478173,0.07123459,583.045,289.269,--,--,2398.408,292.279,591.535,289.33,208.85,356.247,--,--,740.095,353.474,986.596,355.578
ISS_112RF_FMOVIE002_PRIME_2,0,6496,2009-06-10T19:18:22,0.0,359.98,187.35,294.525,299.114,295.54,335.486,336.072,335.773,318.683,323.627,319.767,5.1981945,5.9433274,5.2974734,0.0,0.0,0.0,33.752274,34.878727,34.217342,109.64929,117.23621,113.52755,89.06137421,36.09,1.31982003,1.33947494,0.12102308,0.52918576,0.5352932,0.07616681,583.044,289.269,--,--,583.786,289.287,1968.306,287.823,208.849,356.247,--,--,925.231,355.631,288.754,356.392
ISS_114RF_FMOVIEEQX001_PRIME,0,14925,2009-07-13T20:02:06,0.0,359.98,168.93,220.488,226.548,224.845,64.677,66.043,65.367,154.445,161.426,159.478,8.778051,9.724829,9.20379,0.0,0.0,0.0,88.16686,92.176735,90.24953,130.7217,132.91011,131.88211,89.57431509,82.92,1.08534211,1.08030867,0.22615884,0.72186685,0.72023924,0.14661406,584.069,342.291,--,--,1808.255,346.834,786.201,341.978,207.465,173.207,1449.592,171.36,1254.529,170.953,587.114,173.59
ISS_115RF_FMOVIEEQX001_PRIME,0,15671,2009-07-30T01:05:34,0.0,359.98,181.49,231.545,240.925,236.853,108.449,109.864,109.159,121.681,132.476,127.693,9.999373,11.023145,10.384252,0.0,0.0,0.0,98.87824,101.838196,100.41279,117.34717,119.10134,118.22035,89.82384793,87.06,1.55579872,1.56032943,0.28563988,0.73547098,0.73753249,0.13369566,583.39,197.45,1791.526,193.02,591.085,197.509,1165.723,192.351,206.656,258.409,788.145,258.94,1094.2,257.63,1463.811,260.25
ISS_132RI_FMOVIE001_VIMS,0,15201,2010-05-31T23:02:54,32.6,347.02,194.4,262.04,277.597,267.833,214.496,215.92,215.18,47.081,61.678,52.654,7.372074,10.828643,8.09734,0.0,0.0,0.0,119.85024,125.546646,122.47649,79.423874,80.13897,79.85404,85.53846367,84.45,5.8131259,5.86780308,0.70606805,1.02149694,1.03340831,0.12405826,577.376,266.583,2358.803,268.94,2389.591,269.644,1816.486,265.195,208.928,86.949,211.615,86.96,1398.312,84.879,944.815,87.575
ISS_134RI_SPKMVDFHP001_PRIME,0,17665,2010-07-02T21:24:14,0.0,359.98,178.97,255.28,291.462,273.195,300.719,302.518,301.68,314.561,348.945,331.515,68.92824,107.16242,82.84264,0.0,0.0,0.0,123.15765,131.44096,127.2587,105.57593,107.69819,106.58581,85.06217696,98.14,4.02370708,4.17917289,0.85841834,1.15659351,1.19391594,0.25275975,579.79,331.283,2289.563,334.76,613.625,336.949,749.04,330.984,210.189,257.329,361.919,257.1,917.097,254.652,1215.465,258.227
ISS_166RI_FNTLPMOV001_PRIME,0,11620,2012-05-23T12:10:06,45.86,287.94,166.38,188.11,230.065,205.211,5.552,6.48,6.001,181.63,224.513,199.21,19.999493,69.47682,29.538076,0.0,0.0,0.0,45.53184,47.598915,46.647884,92.97794,93.59436,93.267525,75.57645192,64.56,8.06785081,8.23859717,1.27368532,0.44957697,0.47062806,0.08403004,789.703,120.737,865.427,120.46,1183.885,121.25,1961.43,118.547,271.964,330.557,--,--,1119.481,329.5,759.501,330.981
ISS_168RF_FMOVIE001_PRIME,0,10728,2012-06-25T03:03:58,0.0,359.98,191.05,275.07,288.15,277.763,93.637,94.636,94.12,180.825,194.513,183.642,10.752375,14.074018,11.406833,0.0,0.0,0.0,108.71253,111.519875,110.10214,110.622635,111.00453,110.77294,75.17375467,59.6,2.52229375,2.75237987,0.84778978,0.89501719,0.97601681,0.30028756,807.292,179.746,--,--,2171.573,182.269,881.96,179.481,276.352,144.237,--,--,1209.72,143.025,800.181,144.686
ISS_168RI_SPOKEMOV001_PRIME,0,17556,2012-06-24T11:10:54,0.0,359.98,177.36,42.545,112.65,84.169,91.849,93.5,92.677,2.88,324.324,108.744,139.9789,217.64413,167.58954,0.0,0.0,0.0,97.227455,100.984695,98.9273,109.5648,111.241264,110.18846,75.18117857,97.53,2.10209384,2.29819478,0.70919742,0.72395537,0.79217793,0.24151894,806.907,185.535,1671.505,186.52,2126.616,188.478,2065.476,182.967,276.309,140.962,313.364,140.84,1366.268,139.386,1375.557,142.629
ISS_172RF_FMOVIE001_PRIME,0,15213,2012-09-20T17:37:33,0.0,359.98,170.83,273.05,282.9,278.452,330.195,331.609,330.91,302.531,311.305,307.542,10.02026,10.9173,10.461224,0.0,0.0,0.0,110.86728,115.31748,113.05666,121.61432,122.18835,121.903145,74.11723353,84.52,1.79943852,1.91343486,0.54499954,0.95145634,1.01136833,0.28868795,857.378,94.693,2105.069,96.76,1451.613,99.282,913.923,94.451,289.661,249.655,--,--,414.425,249.406,876.644,252.16
ISS_172RI_EGAPMOVMP002_PRIME,0,17969,2012-10-01T13:11:25,0.0,359.98,180.02,226.41,236.81,231.793,0.006,359.987,134.023,226.972,237.33,231.581,14.31293,14.867898,14.571996,0.0,0.0,0.0,71.71768,74.50857,73.109764,114.71967,116.27462,115.50692,73.98809547,99.83,1.5004535,1.6069042,0.47290608,0.64759964,0.69165234,0.20190566,862.204,356.174,1811.568,354.2,1918.885,359.724,1811.568,354.219,291.573,308.663,1349.078,307.06,1371.146,306.546,1360.12,309.783
ISS_172RI_SPOKEMOV001_PRIME,0,17926,2012-09-18T19:10:21,0.0,359.98,180.11,10.11,113.59,61.063,324.971,326.16,325.561,43.95,148.619,95.502,137.0731,215.97952,152.66362,0.0,0.0,0.0,92.01531,96.55973,93.30324,118.42712,121.81139,120.20701,74.14366588,99.59,1.37192773,1.46220625,0.42181569,0.68831891,0.73500639,0.21082592,856.837,112.08,--,--,1200.999,117.098,1053.764,112.447,289.458,239.821,--,--,849.305,239.081,1383.074,241.033
ISS_172RI_SPOKEMOV002_PRIME,0,17301,2012-09-19T17:55:41,0.0,359.98,182.32,215.5,313.6,267.859,327.53,328.69,328.124,246.81,346.07,299.735,116.781425,209.69724,128.89081,0.0,0.0,0.0,103.059814,106.84696,105.33877,119.42218,122.141335,120.85719,74.13011311,96.12,1.67012014,1.78224773,0.50222079,0.85602693,0.91414402,0.2579525,856.976,106.284,--,--,1780.992,107.439,1884.923,104.146,289.811,246.377,950.177,245.5,970.604,243.668,292.276,246.347
ISS_173RF_FMOVIE001_PRIME_1,0,11321,2012-10-15T19:43:57,3.64,232.72,117.94,107.14,143.095,124.661,37.939,38.836,38.387,68.304,105.156,86.274,7.7177973,9.039368,8.034547,0.0,0.0,0.0,137.36513,142.12177,139.50485,123.75617,124.32153,124.078415,73.82718137,62.89,3.70975413,3.74025446,0.68162141,2.08002125,2.09592887,0.38279894,867.283,228.678,--,--,876.307,228.762,2116.098,225.293,293.34,24.054,433.918,24.24,1224.502,22.766,566.874,24.347
ISS_173RF_FMOVIE001_PRIME_2,0,11426,2012-10-16T03:46:37,3.48,232.06,117.77,302.105,337.56,319.951,38.845,39.741,39.294,262.364,298.715,280.657,7.213976,9.848021,7.8736424,0.0,0.0,0.0,153.2955,160.86551,157.20512,118.24112,123.41418,120.86068,73.82084172,63.48,10.54854946,10.17270184,1.95978329,5.31600282,5.18236127,0.84426041,867.732,222.884,2115.934,225.24,2115.934,225.249,878.494,222.785,293.412,27.331,1161.428,26.14,583.175,24.357,975.063,26.43
ISS_173RI_SPOKEMOV001_PRIME,0,16948,2012-10-06T19:24:45,0.0,359.98,174.96,200.665,315.355,254.964,13.602,14.642,14.107,186.023,301.753,240.857,162.08391,258.85403,175.94937,0.0,0.0,0.0,91.36581,94.0043,93.09748,123.257065,125.589935,124.37885,73.92959462,94.16,1.32922889,1.40242622,0.37131433,0.75176638,0.79234738,0.21147051,864.125,309.814,1666.922,308.18,1696.999,310.845,1717.247,308.076,291.946,334.886,1390.429,336.34,292.599,334.871,1250.067,336.828
ISS_173RI_SPOKEMOV002_PRIME,0,11654,2012-10-10T23:56:13,0.0,359.98,149.87,46.39,157.4,97.136,24.911,25.487,25.178,20.903,132.489,71.958,151.21317,245.30788,166.86331,0.0,0.0,0.0,103.17243,105.07287,103.905815,126.40171,129.7867,127.992165,73.88493179,64.74,1.29921393,1.38717294,0.37991571,0.79827985,0.85538062,0.24178479,865.834,269.247,--,--,1800.755,273.107,1797.573,270.431,293.177,357.83,--,--,693.247,357.266,490.81,358.075
ISS_173RI_SPOKEMOV003_PRIME,0,17683,2012-10-12T20:55:25,0.0,359.98,179.55,98.245,103.085,99.706,29.974,31.634,30.799,66.826,71.641,68.907,119.084625,128.26562,123.49176,0.0,0.0,0.0,112.39741,116.0775,114.19165,128.90048,129.15361,129.0385,73.85836077,98.24,1.46917509,1.56205371,0.41248459,0.92547216,0.98382611,0.25973292,866.23,251.863,--,--,1688.858,255.979,1591.238,250.387,293.376,7.666,425.521,7.86,555.958,7.252,559.058,10.527
ISS_174RF_FRSTRCHAN001_PRIME_1,0,8977,2012-11-08T21:59:57,0.0,359.98,200.13,316.81,322.47,320.744,103.0,103.81,103.411,213.105,219.418,217.334,7.4197116,7.946328,7.6617928,0.0,0.0,0.0,150.42447,156.162,153.24744,121.0525,123.744606,122.498184,73.54504831,49.87,7.50425316,7.83792752,1.46965933,4.00399795,4.20553413,0.76674157,878.896,2.639,1686.268,6.74,1087.072,7.88,1967.82,4.193,297.321,151.888,--,--,835.262,151.157,801.379,152.331
ISS_174RF_FRSTRCHAN001_PRIME_2,0,8985,2012-11-09T05:18:21,0.0,359.98,199.91,133.89,139.645,136.29,103.822,104.631,104.224,29.629,35.823,32.066,6.4428396,7.2859817,6.800552,0.0,0.0,0.0,143.81628,149.51744,146.55724,119.1272,121.81354,120.56555,73.54318713,49.92,5.56189837,5.84616028,1.21115938,2.80256094,2.96812263,0.598432,878.898,2.642,1342.829,3.26,1948.802,4.141,977.97,2.294,297.346,155.168,--,--,828.157,152.349,901.004,154.355
ISS_174RI_SPOKEMOV001_PRIME,0,17547,2012-11-02T19:58:21,0.0,359.98,181.62,57.485,105.885,83.712,86.57,90.077,88.904,8.773,335.006,149.727,151.95348,165.06659,159.44014,0.0,0.0,0.0,98.51032,104.230255,102.02736,127.401726,129.37733,128.10072,73.60604012,97.48,1.23603056,1.31814215,0.33890964,0.7615968,0.81315948,0.20859215,875.705,60.602,1942.523,56.28,2108.466,63.014,2072.557,50.963,296.617,119.11,358.712,125.48,463.011,118.804,300.98,125.627
ISS_174RI_SPOKEMOV002_PRIME,0,17975,2012-11-05T10:47:25,0.0,359.98,180.04,98.765,107.375,103.063,93.639,95.292,94.475,3.713,13.673,8.588,124.2461,138.33453,130.43658,0.0,0.0,0.0,110.12398,113.58363,111.84318,128.50891,129.05482,128.78526,73.58369426,99.86,1.42241492,1.52380196,0.39359054,0.89102183,0.95453326,0.2465408,877.189,37.42,1557.201,38.26,1875.378,38.75,1959.188,33.15,296.759,135.5,347.166,135.34,448.63,132.435,434.938,135.702
ISS_174RI_SPOKEMOV004_PRIME,0,15530,2012-11-07T23:09:17,0.0,359.98,187.13,100.015,169.04,120.29,100.43,101.553,100.926,0.002,359.982,21.149,87.80473,150.9529,96.177605,0.0,0.0,0.0,127.698395,132.20514,129.72693,125.03404,127.60181,126.7825,73.55633743,86.28,2.36289172,2.52735697,0.59670605,1.41254616,1.51318193,0.35840093,878.926,14.234,1527.876,15.04,1921.8,15.668,1628.818,12.671,297.174,148.61,--,--,692.93,145.704,441.788,148.331
ISS_176RF_FMOVIE001_PRIME,0,15762,2012-12-06T18:33:01,0.0,359.98,182.27,0.0,359.995,118.261,178.22,179.889,179.042,176.035,191.681,183.626,8.231553,9.425564,8.839818,0.0,0.0,0.0,103.37802,111.67881,107.353325,146.12732,148.36385,147.34033,73.22226133,87.57,1.01901215,1.10995043,0.36377136,0.85765317,0.93472686,0.30740056,896.55,107.552,1229.158,106.74,1511.386,112.021,1435.347,106.372,302.381,299.407,1006.259,300.0,305.073,299.375,303.803,302.663
ISS_177RF_FMOVIE001_PRIME_1,0,7279,2012-12-18T20:33:33,0.0,359.98,73.38,237.055,241.615,239.987,210.849,211.504,211.179,25.551,30.701,28.808,9.538636,9.729951,9.631253,0.0,0.0,0.0,93.81783,96.50203,95.16114,135.55908,136.70581,136.1401,73.08681601,40.44,1.06324854,1.13498729,0.30500236,0.7661505,0.81836282,0.22061675,905.903,357.376,--,--,1952.001,0.69,1396.405,358.047,304.472,4.979,305.281,4.96,1268.31,3.565,304.481,4.977
ISS_177RF_FMOVIE001_PRIME_2,0,7242,2012-12-19T02:29:49,0.0,359.98,72.84,20.925,25.0,23.385,211.518,212.171,211.846,168.754,173.471,171.539,9.728523,10.032331,9.881216,0.0,0.0,0.0,89.2124,92.20657,90.66387,139.67523,141.3828,140.50902,73.08630497,40.23,0.90437204,0.9711272,0.27673153,0.69683515,0.74943124,0.21451552,905.902,357.375,--,--,1368.776,358.019,1205.68,356.624,304.513,8.258,1263.258,5.88,304.971,4.992,1279.413,5.913
ISS_177RF_FRSTRCHAN001_PRIME_1,0,8656,2012-12-25T02:34:37,0.0,359.98,208.72,180.73,194.135,190.389,227.728,228.476,228.116,312.254,326.407,322.274,5.7965064,10.681469,6.193674,0.0,0.0,0.0,16.325441,21.399899,18.97744,75.7644,81.6374,78.85656,73.01643283,48.09,2.98954807,2.99190669,0.75956703,0.54270066,0.56932726,0.14627952,909.773,299.39,--,--,1648.719,303.556,1561.746,300.247,304.954,37.758,662.929,37.22,824.169,37.032,693.451,38.128
ISS_177RF_FRSTRCHAN001_PRIME_2,0,5583,2012-12-25T09:20:29,0.0,359.98,161.86,0.015,359.995,350.312,228.487,228.934,228.724,116.801,135.374,127.908,6.336169,16.550337,7.137301,0.0,0.0,0.0,9.754965,13.515151,11.771193,81.4745,84.341255,83.00716,73.01515412,31.02,5.02609269,5.20442268,1.32963541,0.59591515,0.62621805,0.15533632,909.774,299.391,--,--,1536.097,300.216,909.771,299.389,305.048,41.036,900.861,38.26,717.026,38.143,1377.999,39.027
ISS_177RI_SPOKEMOV001_PRIME,0,15995,2012-12-19T19:33:17,0.0,359.98,173.8,99.49,145.31,111.924,213.436,214.808,214.026,246.006,291.874,257.899,92.04292,121.25381,97.326805,0.0,0.0,0.0,94.82218,101.83739,97.854324,136.66621,139.70624,138.86742,73.07531617,88.86,1.05895246,1.12438143,0.29783004,0.79879912,0.84659101,0.22373979,906.157,351.575,--,--,997.967,351.837,1625.178,346.717,304.492,11.535,1206.537,10.24,556.132,8.54,306.705,11.506
ISS_178RI_SPOKEMOV001_PRIME,0,14233,2013-01-02T11:35:25,0.0,359.98,167.82,119.725,158.285,132.735,250.344,251.564,250.893,229.381,267.941,241.842,90.81138,114.30919,97.93127,0.0,0.0,0.0,100.09155,107.80132,103.58109,137.66391,139.63347,139.05984,72.92053377,79.07,1.08818956,1.15170063,0.3103655,0.82230291,0.86994193,0.23452906,916.583,224.006,--,--,2032.356,225.924,1580.503,222.518,306.4,83.651,1342.76,82.0,1171.815,81.141,388.347,83.81
ISS_179RF_FMOVIE001_PRIME,0,17938,2013-01-13T18:33:33,0.0,359.98,179.97,258.4,261.335,259.878,280.83,282.49,281.66,336.137,340.326,338.218,9.499176,10.25125,9.851367,0.0,0.0,0.0,87.332825,93.61426,90.42876,133.78603,136.84299,135.33899,72.7895668,99.66,1.02097553,1.07988119,0.26384397,0.72835353,0.76753674,0.18549304,924.056,119.624,1811.837,120.86,2020.848,122.525,1978.217,116.957,308.003,142.655,517.84,142.28,1044.433,141.631,1049.688,144.901
ISS_179RF_FRINGPHOT001_VIMS,0,4080,2013-01-17T23:20:29,76.42,166.56,123.22,147.38,156.54,151.795,292.169,292.613,292.383,215.211,223.936,219.412,3.7163885,4.112118,3.9219794,0.0,0.0,0.0,151.91298,160.86594,156.1248,116.809944,123.91072,120.62839,72.74964398,22.67,10.41877872,10.81372145,2.57208712,5.32923443,5.46497489,1.13715998,927.424,79.028,--,--,1014.572,84.483,1826.092,82.708,308.602,165.6,--,--,1378.337,163.707,761.264,164.946
ISS_179RI_SPOKEMOV001_PRIME,0,15666,2013-01-16T03:13:33,0.0,359.98,180.64,120.71,151.95,135.501,287.206,288.607,287.862,193.504,224.744,207.638,80.009895,102.193306,87.23088,0.0,0.0,0.0,104.78953,115.00646,109.41491,138.59177,140.21703,139.65819,72.76637166,87.03,1.13523762,1.18790391,0.26682455,0.86490368,0.90514398,0.20188948,925.965,96.427,1577.513,100.72,1247.364,101.406,925.968,96.424,308.225,155.767,1373.826,153.94,1373.826,153.945,1197.299,156.569
ISS_180RF_FMOVIE001_PRIME,0,15048,2013-01-27T17:43:25,0.0,359.98,195.74,331.08,335.18,333.23,318.539,319.923,319.231,11.261,16.576,13.998,10.650917,11.657373,11.164731,0.0,0.0,0.0,90.55701,96.79743,93.62282,139.9578,142.78957,141.39201,72.63550749,83.6,0.92000726,0.96996647,0.22807956,0.71832249,0.75796561,0.1783904,932.729,352.043,--,--,2018.611,353.967,1871.001,349.766,310.627,218.049,706.157,217.44,1193.571,215.569,665.275,218.398
ISS_180RF_HIRESFRNG001_PRIME,0,4197,2013-02-01T15:06:37,233.08,321.64,276.57,192.92,197.085,194.966,331.747,332.166,331.96,221.169,224.925,223.006,2.8328922,3.1786208,3.0012445,0.0,0.0,0.0,50.883926,66.65462,58.361908,22.25743,28.135237,24.703655,72.58488168,23.32,0.6300436,0.65232517,0.10705289,0.5709631,0.59208767,0.09560305,935.87,305.646,--,--,1675.422,309.72,2024.572,307.632,311.533,244.273,--,--,1027.121,241.61,1339.614,242.622
ISS_180RI_SPOKEMOV001_PRIME,0,7177,2013-01-28T17:14:05,0.0,359.98,226.01,117.2,157.5,125.18,321.186,321.695,321.374,156.014,196.314,163.807,103.38702,123.783966,108.337364,0.0,0.0,0.0,95.34546,98.09428,96.61375,136.5711,138.31725,137.74777,72.62954985,39.87,0.91270984,0.98022585,0.24287566,0.67573666,0.72500486,0.17718527,933.263,340.443,--,--,1057.614,345.81,1960.248,343.621,310.782,221.327,--,--,331.441,221.232,881.846,221.822
ISS_180RI_SPOKEMOV002_PRIME,0,9631,2013-01-29T17:23:41,0.0,359.98,117.24,125.175,152.235,134.097,323.902,324.736,324.269,161.273,188.333,169.828,76.68774,93.655846,81.032585,0.0,0.0,0.0,109.13476,115.48814,111.96706,138.86534,140.48607,139.9248,72.61686938,53.51,1.18960686,1.26589356,0.31337643,0.90990998,0.96858184,0.23956761,933.622,334.643,--,--,1660.788,335.645,1291.47,333.743,310.938,227.883,--,--,1293.135,226.384,394.973,228.044
ISS_181RF_FMOVIE001_PRIME,0,17990,2013-02-09T18:25:33,0.0,359.98,180.01,267.69,270.81,269.228,353.722,355.389,354.559,272.456,276.917,274.669,9.219322,10.140054,9.655869,0.0,0.0,0.0,90.82574,97.56108,94.149055,136.20964,139.1191,137.70355,72.4883592,99.94,0.97092774,1.05009189,0.30171314,0.71847209,0.77704741,0.22580669,940.184,230.254,2043.228,232.74,1295.546,235.146,1224.352,229.489,312.545,286.89,1083.035,285.78,1370.348,285.057,1369.142,288.344
ISS_181RF_FRINGPHOT001_VIMS,0,5938,2013-02-13T14:14:21,36.58,155.32,95.95,147.145,158.96,152.583,4.052,4.633,4.339,143.087,154.335,148.244,3.5631847,4.090131,3.8174372,0.0,0.0,0.0,151.95752,163.77673,157.67995,113.79813,123.57413,118.97335,72.45250301,32.99,11.28662886,11.5068527,3.31888694,5.36187443,5.4586169,1.25997067,941.893,195.454,--,--,1495.791,199.938,1957.152,197.125,313.835,306.561,--,--,898.499,305.731,382.543,306.709
ISS_181RF_FRINGPHOT002_VIMS,0,3230,2013-02-14T00:09:01,78.78,143.36,111.07,15.535,25.02,20.299,5.168,5.461,5.325,10.301,19.559,14.974,2.9567585,6.545725,3.215243,0.0,0.0,0.0,146.94185,156.39223,151.46407,93.43142,101.83554,97.42058,72.44949593,17.94,28.07134246,29.0471358,6.08202105,3.29293988,3.52669851,0.96100948,941.891,195.455,--,--,1039.041,195.737,1005.334,195.166,313.871,309.839,--,--,1278.527,307.499,1307.196,308.29
ISS_181RI_SPOKEMOV001_PRIME,0,6739,2013-02-11T17:03:25,36.16,171.9,104.05,119.165,151.025,127.791,358.968,359.481,359.175,120.197,152.057,128.616,85.205215,102.887,89.588196,0.0,0.0,0.0,103.88298,107.30724,105.45929,138.56526,140.23473,139.87132,72.4740867,37.44,1.04967685,1.12795517,0.30188545,0.8020161,0.8622983,0.23075806,940.833,212.854,--,--,1559.428,217.197,1993.706,214.68,313.49,296.724,--,--,1079.658,295.638,315.965,296.694
ISS_183RF_FMOVIE001_PRIME_1,0,7341,2013-03-04T22:20:13,172.64,319.7,246.17,41.99,48.2,43.396,56.269,56.922,56.587,345.093,351.931,346.81,9.028205,9.494702,9.158726,0.0,0.0,0.0,68.72583,71.65326,70.200226,128.76418,131.20462,130.0549,72.24007351,40.78,0.85287499,0.88200825,0.18187345,0.54791662,0.56762383,0.11764969,949.727,21.47,--,--,1106.788,21.831,1528.069,20.082,317.184,51.467,--,--,488.419,48.423,1363.064,49.653
ISS_183RF_FMOVIE001_PRIME_2,0,7255,2013-03-05T04:20:13,172.62,317.9,245.25,187.62,192.09,190.719,56.942,57.598,57.274,130.022,135.125,133.445,11.675706,12.087328,11.85992,0.0,0.0,0.0,77.63863,80.54489,79.100044,129.20105,130.99559,130.11127,72.23558738,40.31,0.88715756,0.92375412,0.19589971,0.57158082,0.59510737,0.12615189,949.956,15.673,--,--,1569.814,19.987,1796.796,16.924,317.184,51.467,--,--,1354.591,49.713,364.246,51.317
ISS_183RI_SPOKEMOV001_PRIME,0,15073,2013-03-06T22:18:37,0.0,359.98,187.26,260.405,296.08,284.815,61.665,62.987,62.369,197.446,233.093,222.446,69.644615,76.22473,72.698265,0.0,0.0,0.0,104.80483,113.83578,109.465004,145.14442,148.62369,147.14099,72.21257526,83.74,1.06474185,1.13614968,0.27084983,0.89684029,0.95418657,0.22713974,950.618,358.28,1791.301,2.0,969.364,3.929,1272.89,358.816,317.802,61.3,1368.675,59.4,1222.128,58.865,596.904,61.606
ISS_184RF_FMOVIE001_PRIME,0,7090,2013-03-18T20:15:25,0.0,359.98,278.75,268.265,272.14,270.242,93.837,94.48,94.159,173.785,178.27,176.083,7.440614,7.692306,7.570558,0.0,0.0,0.0,104.28167,108.375984,106.30656,144.8172,145.86829,145.36786,72.08515628,39.39,0.95350889,1.03217435,0.29374747,0.78538921,0.84923432,0.2411359,955.615,253.915,--,--,1035.748,254.174,1626.412,252.294,319.768,123.577,--,--,924.889,122.704,441.886,123.775
ISS_184RF_FMOVIE002_PRIME,0,13833,2013-03-27T13:23:41,0.0,359.98,199.28,5.93,11.44,9.849,117.367,118.627,118.003,247.303,254.048,251.846,9.6903715,10.294027,9.893771,0.0,0.0,0.0,55.682934,61.358875,58.466087,119.286896,123.87068,121.54012,71.99010974,76.85,1.06661811,1.16945485,0.36069399,0.55929405,0.60966442,0.1805049,958.927,172.753,1333.844,171.78,1613.977,173.691,2001.951,169.728,320.717,169.464,1210.272,170.28,474.014,169.154,1195.813,171.433
ISS_184RI_SPOKEMOV002_PRIME,0,7127,2013-03-18T15:13:33,0.0,359.98,77.82,243.905,282.165,268.78,93.271,93.756,93.54,150.149,188.894,175.239,76.55938,80.73105,77.73374,0.0,0.0,0.0,100.81181,103.81022,102.461555,142.59576,145.41545,144.37534,72.08810272,39.59,1.01741632,1.10504271,0.32046813,0.82663158,0.89859898,0.26243133,955.616,253.915,--,--,1962.822,255.658,1139.269,254.307,319.767,123.577,1267.371,121.22,1233.753,121.161,1077.124,122.482
ISS_189RF_FMOVIE001_PRIME,0,17756,2013-05-06T12:10:05,0.0,359.98,181.08,238.625,243.75,240.146,225.238,226.864,226.047,11.791,18.367,14.099,9.500394,12.676282,10.762386,0.0,0.0,0.0,52.63712,60.738384,56.657253,113.706856,120.48845,117.08054,71.55824127,98.64,1.43940777,1.61587274,0.72832105,0.6581835,0.7296228,0.31769121,981.453,167.619,1431.145,162.52,982.864,167.657,1016.519,162.0,328.599,22.511,357.437,22.38,866.225,21.707,939.276,24.885
ISS_191RF_FMOVIE002_PRIME,0,17219,2013-05-27T09:05:33,0.0,359.98,178.11,263.21,267.05,265.023,281.599,283.191,282.389,340.118,345.451,342.634,7.9023004,8.714614,8.25709,0.0,0.0,0.0,84.380035,94.03475,89.12058,138.1009,143.55678,140.89323,71.33788599,95.66,0.9597101,1.10955337,0.47419781,0.74800637,0.86086897,0.36941981,996.595,330.604,1749.042,331.8,1016.871,336.235,1000.228,330.665,332.827,133.958,540.681,133.56,1184.183,132.643,1271.472,135.716
ISS_193RF_FMOVIE001_PRIME_1,0,9783,2013-06-19T22:58:37,118.08,313.8,215.93,42.54,47.925,44.038,345.267,346.149,345.702,56.556,62.658,58.336,8.217124,8.687032,8.37485,0.0,0.0,0.0,69.54281,74.55601,72.0526,131.53119,135.62367,133.6355,71.09778927,54.35,0.90184698,0.95483683,0.28926558,0.6206989,0.65840455,0.19999915,1012.308,116.242,--,--,1862.735,119.548,1087.987,116.509,337.623,258.509,--,--,400.318,258.322,1325.745,259.617
ISS_193RF_FMOVIE001_PRIME_2,0,9751,2013-06-20T06:57:01,118.4,313.46,215.93,236.15,241.19,239.508,346.163,347.046,346.609,249.104,255.003,252.899,8.028353,8.13464,8.084351,0.0,0.0,0.0,83.54698,88.742905,86.15536,136.1953,139.2409,137.75525,71.0914951,54.17,0.98880012,1.04818173,0.32811874,0.72946437,0.77564843,0.24340922,1012.308,116.244,--,--,1076.041,116.488,1931.057,113.367,337.52,261.788,--,--,1332.696,259.65,338.492,261.767
ISS_194RF_FMOVIE001_PRIME_1,0,9716,2013-07-02T02:38:53,118.06,312.64,215.37,275.55,279.39,277.006,18.082,18.969,18.523,256.774,261.308,258.483,8.711221,9.461143,9.054204,0.0,0.0,0.0,81.46022,86.82729,84.13532,137.38524,140.81563,139.10632,70.96921747,53.98,1.02056172,1.06670102,0.33564199,0.76774782,0.80567331,0.2533739,1020.144,6.184,--,--,1793.82,7.528,1237.35,5.475,339.659,324.061,--,--,1129.998,322.833,644.879,324.392
ISS_194RF_FMOVIE001_PRIME_2,0,9746,2013-07-02T10:36:45,117.68,312.62,215.15,108.29,112.495,109.768,18.978,19.864,19.418,88.566,93.517,90.35,10.671611,11.923176,11.25775,0.0,0.0,0.0,76.9333,81.78164,79.32495,133.89517,137.18147,135.54964,70.96919907,54.14,0.94662994,0.9872319,0.30860414,0.67228369,0.70417996,0.22018588,1020.248,0.393,--,--,1252.162,5.44,1680.657,1.478,339.532,327.337,--,--,662.487,324.403,920.659,326.445
ISS_196RF_FMOVIE003_PRIME,0,17994,2013-08-20T21:55:41,0.0,359.98,179.97,237.4,241.19,239.456,152.563,154.22,153.394,83.261,88.574,86.062,9.05703,10.37078,9.519686,0.0,0.0,0.0,58.616646,69.63074,64.250404,116.8634,124.67279,120.92303,70.46120992,99.97,1.35875232,1.47908483,0.60315934,0.68284135,0.75524251,0.3124124,1044.314,268.651,1045.973,268.6,1933.613,270.85,1936.352,265.295,349.229,229.562,520.556,229.8,1332.74,227.692,1334.659,230.951
ISS_196RF_FMOVIE004_PRIME,0,17980,2013-08-24T10:02:37,0.0,359.98,179.97,277.44,280.675,279.059,162.028,163.696,162.857,114.004,118.34,116.202,10.874667,11.367328,11.093482,0.0,0.0,0.0,108.600685,115.05646,111.84261,143.19888,143.5141,143.38123,70.42594371,99.89,1.26961372,1.38350707,0.5756886,1.01882978,1.11041113,0.46209683,1045.928,233.909,1122.507,239.32,1090.492,239.433,1068.493,233.728,350.177,249.227,753.67,246.34,729.957,246.334,741.45,249.62
ISS_196RF_FMOVIE005_PRIME,0,17989,2013-08-26T09:47:41,0.0,359.98,180.0,282.49,288.255,286.623,167.4,169.066,168.229,113.966,120.662,118.394,12.429727,13.419891,12.902396,0.0,0.0,0.0,128.11348,133.58563,130.84998,138.37102,140.74387,139.58092,70.40573876,99.94,2.1690917,2.35145491,1.04963778,1.64843377,1.78614317,0.78288059,1046.412,216.54,1135.911,216.12,1417.535,221.212,1355.826,215.576,350.588,259.061,757.091,259.46,1306.279,256.85,1308.232,260.136
ISS_196RF_FMOVIE006_PRIME,0,17624,2013-08-28T09:38:05,0.0,359.98,181.16,296.115,303.305,301.079,172.782,174.387,173.591,121.728,130.523,127.487,13.974835,16.007837,14.73539,0.0,0.0,0.0,145.29483,150.18694,147.76195,129.41565,132.78722,131.14673,70.38671283,97.91,5.40165923,5.71641883,1.9856819,3.53500949,3.75129049,1.27049301,1047.414,199.171,1146.955,198.72,1815.278,202.573,1683.821,197.291,350.887,268.895,789.385,269.3,1049.368,267.786,1142.654,270.894
ISS_197RF_FMOVIE002_PRIME,0,10643,2013-09-15T08:13:17,27.44,290.26,181.15,267.385,272.76,269.012,221.229,222.824,222.289,44.642,51.216,46.723,9.627328,9.95324,9.820272,0.0,0.0,0.0,90.44224,99.115814,96.29453,136.70831,139.7834,138.86902,70.20886193,59.13,1.02644242,1.20807152,0.58857748,0.77222623,0.90987018,0.44477651,1055.691,37.065,1630.759,32.28,1362.202,37.661,1534.085,32.121,354.159,3.948,--,--,652.414,3.408,770.749,6.526
ISS_197RF_FMOVIE007_PRIME,0,13797,2013-09-07T08:26:05,0.0,359.98,209.99,252.95,257.625,254.573,199.65,200.916,200.277,52.184,57.975,54.296,9.183665,11.619886,10.219853,0.0,0.0,0.0,104.98635,113.717384,109.474335,48.23601,54.425865,51.341034,70.28901193,76.65,1.78542453,1.92961327,0.77962872,1.10044245,1.20174561,0.49344065,1051.954,106.537,--,--,1212.383,111.727,1165.588,106.872,352.924,321.337,--,--,585.689,320.888,1241.639,323.107
ISS_198RF_FMOVIE001_PRIME_1,0,9795,2013-10-18T16:59:09,0.02,359.98,166.78,274.62,280.98,279.335,311.323,312.206,311.772,322.414,329.35,327.563,11.254852,12.275711,11.650827,0.0,0.0,0.0,118.365326,122.02884,120.249245,138.03105,139.08107,138.65004,69.88620464,54.42,1.51094021,1.54919852,0.36421155,1.13286501,1.16251105,0.27162096,1075.039,90.262,1601.343,91.22,1740.272,91.56,1282.217,89.524,360.842,180.949,--,--,361.641,180.93,1321.348,182.345
ISS_198RF_FMOVIE001_PRIME_2,0,9843,2013-10-19T00:57:01,0.0,359.98,167.33,106.78,113.59,108.521,312.218,313.103,312.653,153.787,161.372,155.869,11.435349,11.804015,11.620877,0.0,0.0,0.0,113.75621,117.45198,115.59026,138.56026,139.09793,138.84576,69.886632,54.68,1.27854658,1.32295378,0.34454923,0.96244571,0.99595448,0.25893159,1075.506,84.471,1427.249,89.14,1298.326,89.482,1639.772,85.522,361.008,184.227,--,--,1317.761,182.379,396.135,184.345
ISS_198RI_SPOKEMOV004_PRIME,0,17695,2013-10-19T10:08:29,0.0,359.98,182.34,104.295,170.6,117.295,313.252,314.667,313.834,150.852,217.348,163.462,117.29787,158.7275,122.965034,0.0,0.0,0.0,118.048744,123.41991,120.4035,135.84462,138.74379,137.66571,69.88010878,98.31,1.49392435,1.59641682,0.49658637,1.10321379,1.18008332,0.36879049,1075.507,84.473,1432.29,83.32,1414.468,85.132,1811.283,80.229,361.486,187.503,--,--,562.527,184.499,361.523,187.509
ISS_198RI_SPOKEMOV005_PRIME,0,17988,2013-10-21T14:05:17,0.0,359.98,180.0,129.51,150.045,137.447,319.098,320.722,319.873,169.051,190.947,177.573,143.08173,151.62459,146.56395,0.0,0.0,0.0,137.19066,141.4497,139.25513,128.75421,131.34447,130.0725,69.85473444,99.93,3.28146396,3.52644748,1.02200267,2.11780846,2.26619949,0.64117189,1076.816,61.318,1582.74,65.52,1383.436,66.107,1272.603,60.61,362.272,197.338,1192.048,198.14,1084.589,196.146,1141.413,199.314
ISS_199RI_EGAPMOVMP001_PRIME,0,7146,2013-11-25T04:05:17,0.84,358.6,206.37,67.17,71.73,69.41,52.48,53.53,52.984,13.941,19.16,16.426,13.257393,13.675642,13.467264,0.0,0.0,0.0,76.39858,80.067085,78.32221,41.996494,42.68636,42.332047,69.53212595,39.7,0.87563583,0.95380848,0.3072085,0.64680464,0.70514081,0.22743629,1099.527,108.746,--,--,1100.916,108.787,1803.146,104.563,369.297,20.886,439.625,20.66,635.729,20.368,1296.163,21.971
ISS_199RI_SPOKEMOV002_PRIME,0,17862,2013-11-11T12:25:33,0.0,359.98,180.18,195.46,201.825,198.598,15.615,18.742,17.542,178.205,184.03,181.056,222.39168,228.78323,224.475,0.0,0.0,0.0,140.89691,144.16116,142.16927,75.299644,77.862305,76.2992,69.65195463,99.23,9.12831118,9.84572002,2.53139636,2.19515859,2.31895373,0.54756302,1090.397,230.302,1599.726,228.66,1748.889,233.892,1358.508,223.596,366.717,308.78,1188.234,312.86,1115.411,307.52,1309.668,313.499
ISS_199RI_SPOKEMOV003_PRIME,0,17733,2013-11-14T01:20:29,0.0,359.98,180.18,199.38,206.39,202.89,22.47,24.116,23.308,175.264,182.7,179.582,214.64435,219.75577,216.73924,0.0,0.0,0.0,134.99564,136.91322,135.95311,70.7428,72.234535,71.48984,69.63316356,98.52,5.08158666,5.36150921,1.28724636,1.62206262,1.69967908,0.39514834,1092.131,207.147,1581.83,205.56,1784.357,210.562,1719.776,205.073,367.157,321.889,1172.087,322.66,769.201,321.185,799.039,324.419
ISS_199RI_SPOKEMOV004_PRIME,0,17874,2013-11-16T02:25:33,0.0,359.98,179.95,203.585,211.38,207.594,27.991,29.646,28.83,173.939,181.814,178.763,203.87415,208.85341,206.10513,0.0,0.0,0.0,128.38899,130.50713,129.47382,65.77357,67.39022,66.604805,69.61375112,99.3,3.25842795,3.43931082,1.04753394,1.28670751,1.36539387,0.41979677,1093.716,189.783,1601.253,188.14,1777.235,191.254,1821.761,185.665,367.841,334.998,1197.752,332.54,450.142,331.9,442.459,335.169
ISS_199RI_SPOKEMOV006_PRIME,0,17793,2013-11-19T07:44:29,0.0,359.98,180.07,209.275,220.485,214.248,36.69,39.354,38.006,170.648,182.858,176.242,181.60022,186.19533,183.66776,0.0,0.0,0.0,114.50801,118.8646,116.78356,55.922913,58.976788,57.518726,69.5790928,98.85,1.74421699,1.8854787,0.59139992,0.9372805,1.01130921,0.31290142,1095.62,160.84,1630.847,159.1,1555.454,161.737,1581.51,153.481,368.207,351.389,1156.306,352.14,1060.905,348.76,415.385,354.494
ISS_200RI_SPOKEMOV001_PRIME,0,17988,2013-12-18T03:06:05,0.0,359.98,179.97,185.97,218.325,203.446,114.476,115.996,115.241,69.974,103.849,88.205,160.62663,200.67801,162.61288,0.0,0.0,0.0,131.2402,134.74457,133.07965,66.96925,69.86302,68.44907,69.31398908,99.93,4.15129643,4.47627334,1.15450915,1.52499845,1.64130145,0.41354811,1113.344,254.557,1144.776,254.32,1715.983,258.245,1476.139,253.321,374.495,145.444,533.23,142.4,466.382,142.355,376.825,145.476
ISS_200RI_SPOKEMOV004_PRIME,0,17963,2013-12-23T06:21:49,0.0,359.98,179.9,205.33,216.595,210.589,128.344,132.003,129.595,73.327,88.217,80.993,149.49702,155.81853,152.44583,0.0,0.0,0.0,96.91786,106.358986,103.150734,43.71853,49.404163,47.369,69.25955906,99.79,1.18279205,1.25558881,0.32715101,0.797697,0.84889998,0.21791564,1116.409,208.24,1127.082,208.1,1863.218,210.759,1741.138,198.071,375.156,171.668,477.591,171.86,1279.892,169.424,1136.718,176.899
ISS_200RI_SPOKEMOV007_PRIME,0,7706,2014-01-05T04:03:41,0.0,359.98,200.25,126.01,170.495,135.064,163.188,163.701,163.383,0.007,359.987,314.583,79.85931,104.95725,85.58321,0.0,0.0,0.0,108.86038,113.6231,111.0347,135.50108,137.74586,137.21529,69.15241483,42.81,1.23600181,1.31985742,0.29221566,0.90776479,0.96752971,0.20862547,1122.873,92.464,--,--,1162.145,92.679,1436.448,91.355,378.598,240.495,--,--,1209.538,238.077,979.067,239.459
ISS_200RI_SPOKEMOV011_PRIME,0,18000,2014-01-14T01:18:21,0.0,359.98,179.99,154.775,230.505,196.965,187.181,188.499,187.86,0.016,359.996,42.845,152.13991,384.42917,174.78305,0.0,0.0,0.0,139.15523,142.9437,141.33115,73.34594,76.483925,74.96271,69.06728578,100.0,9.03036247,8.93612864,1.86048589,2.28054963,2.30444587,0.44001101,1126.879,11.412,1438.93,6.3,1126.881,11.415,1438.93,6.32,380.607,286.379,451.75,286.14,640.097,285.855,1189.671,288.197
ISS_201RF_FMOVIE001_PRIME_1,0,9218,2014-01-29T23:03:57,174.82,359.58,267.37,129.32,136.015,134.063,230.132,230.959,230.552,258.361,265.81,263.511,11.125353,11.471792,11.27192,0.0,0.0,0.0,39.99559,43.434597,41.70113,45.705284,47.835052,46.694443,68.92659014,51.21,0.83299998,0.89743219,0.28157229,0.57101794,0.61481711,0.19035406,1133.243,220.891,--,--,1369.645,225.79,1643.183,222.029,383.663,11.589,--,--,1110.362,10.3,568.18,11.858
ISS_201RF_FMOVIE001_PRIME_2,0,9245,2014-01-30T06:30:53,174.56,359.62,267.08,309.685,316.495,312.295,230.971,231.797,231.38,77.888,85.524,80.915,10.563151,10.983821,10.731541,0.0,0.0,0.0,45.18901,48.57958,46.91719,47.013252,48.93127,47.906677,68.92073707,51.36,0.88308052,0.95250105,0.29488009,0.59224502,0.63784843,0.19507463,1133.243,220.891,--,--,1629.975,221.993,1322.209,220.142,383.714,14.866,--,--,583.693,11.869,1107.397,13.583
ISS_201RF_FMOVIE001_VIMS,0,16315,2014-02-05T17:27:57,0.0,359.98,177.05,304.45,328.945,317.595,248.404,250.005,249.214,56.046,78.94,68.382,6.189224,6.79337,6.463136,0.0,0.0,0.0,125.84784,142.90323,134.71104,130.811,137.75243,134.65607,68.86049523,90.64,2.44494467,2.60266934,0.78689317,1.7296537,1.81303717,0.49374689,1135.747,162.996,1135.849,163.0,1187.142,163.246,1278.846,157.631,385.52,47.638,426.702,47.76,1138.448,46.286,1212.498,49.379
ISS_201RI_SPOKEMOV001_PRIME,0,17934,2014-01-20T19:18:21,0.0,359.98,179.91,196.875,207.075,202.747,205.407,208.588,206.425,0.001,359.996,337.252,175.05615,188.91362,180.9516,0.0,0.0,0.0,102.64325,108.85487,106.8224,47.67679,51.47166,50.1828,69.00046503,99.63,1.27086967,1.31477503,0.29119482,0.81069205,0.84132405,0.18498193,1129.491,307.731,1346.654,308.26,1621.466,308.807,1827.737,298.111,381.753,322.43,502.642,322.1,748.184,321.748,996.563,327.913
ISS_201RI_SPOKEMOV009_PRIME,0,17889,2014-02-11T23:47:41,0.0,359.98,180.77,195.285,203.25,199.306,265.317,266.985,266.144,289.925,296.703,293.162,133.66527,140.11166,136.82274,0.0,0.0,0.0,138.23828,142.33893,140.25192,72.59074,75.786804,74.14725,68.79866972,99.38,7.69521349,7.85963491,1.19668832,2.10088797,2.14071785,0.30941048,1138.055,105.1,1705.471,100.64,1311.308,105.576,1355.02,99.858,386.793,80.409,1002.509,82.58,675.937,79.832,668.996,83.119
ISS_201RI_SPOKEMOV011_PRIME,0,17720,2014-02-14T17:17:17,0.0,359.98,180.6,137.245,203.685,193.177,272.687,274.049,273.477,223.196,290.978,279.7,158.64713,301.69754,183.35039,0.0,0.0,0.0,120.987686,125.94758,124.080376,60.51389,63.55519,62.23241,68.78294218,98.44,2.41353894,2.44978458,0.54573313,1.12024357,1.13765049,0.23922098,1138.848,76.153,1750.441,77.66,1298.88,81.278,1151.627,76.278,387.783,96.796,1050.355,95.6,814.449,93.958,419.072,96.914
ISS_201RI_SPOKEMOV013_PRIME,0,17972,2014-02-16T17:28:29,0.0,359.98,180.21,171.98,234.46,217.669,278.108,279.487,278.865,252.493,316.352,298.804,164.30467,240.19597,169.77621,0.0,0.0,0.0,112.26335,116.53226,114.881584,54.411247,57.540413,56.246616,68.76437879,99.84,1.56281482,1.60561547,0.36495193,0.86809458,0.89115223,0.1990719,1140.039,58.782,1648.925,59.94,1676.562,62.622,1281.609,58.172,387.837,106.628,922.482,105.66,1298.98,104.623,1062.859,107.285
ISS_201RI_SPOKEMOV015_PRIME,0,17973,2014-02-18T18:08:29,0.0,359.98,180.0,190.885,217.41,212.545,283.584,285.131,284.396,265.754,293.781,288.149,175.09105,213.05583,181.67226,0.0,0.0,0.0,103.48609,106.974495,105.493454,49.266594,51.42041,50.52794,68.7460477,99.85,1.1592081,1.19620731,0.27466163,0.73774591,0.76040387,0.17457607,1141.03,41.409,1702.649,42.74,1823.202,43.437,1828.099,38.421,387.981,116.462,1032.109,118.58,720.27,115.818,917.142,118.791
ISS_202RF_FMOVIE001_PRIME_1,0,8077,2014-03-01T22:16:29,192.16,353.74,272.95,144.41,151.74,146.419,313.751,314.467,314.102,189.943,197.989,192.317,12.655709,13.211689,12.854003,0.0,0.0,0.0,43.32638,45.634064,44.46466,46.39764,47.75121,47.129166,68.6507965,44.87,0.80062345,0.83570849,0.20967779,0.54402595,0.56839186,0.14217961,1144.95,297.18,--,--,1487.455,301.744,1661.633,298.396,390.853,175.455,--,--,428.646,175.295,1141.673,176.213
ISS_202RF_FMOVIE001_PRIME_2,0,7978,2014-03-02T04:46:53,192.64,352.26,272.45,299.89,308.1,306.043,314.483,315.187,314.844,344.703,353.585,351.199,12.381617,12.657766,12.524484,0.0,0.0,0.0,48.633156,50.684826,49.65358,47.75115,48.765152,48.257126,68.64551396,44.32,0.87991636,0.91587594,0.21052575,0.58507527,0.6096466,0.13973449,1144.948,297.182,--,--,1643.626,298.341,1199.034,296.856,391.097,178.734,--,--,1161.751,176.244,709.681,178.106
ISS_203RF_FMOVIE001_PRIME_1,0,10415,2014-04-13T09:58:53,0.0,359.98,134.46,193.63,211.175,203.091,68.479,69.364,68.925,124.266,142.696,134.165,10.140897,12.3987,10.492854,0.0,0.0,0.0,136.29405,140.02855,138.18044,71.94295,74.6551,73.29825,68.28010126,57.86,6.82082193,7.00411546,1.62426064,1.92924312,2.00276934,0.42449058,1167.159,269.183,--,--,1798.125,271.244,1200.041,268.938,400.508,41.575,860.77,42.04,448.807,41.385,1270.408,42.658
ISS_203RF_FMOVIE001_PRIME_2,0,10347,2014-04-13T17:56:45,0.0,359.98,134.27,26.815,43.34,36.308,69.375,70.261,69.824,316.554,333.965,326.485,10.689373,12.741827,11.015609,0.0,0.0,0.0,128.87276,131.98991,130.39316,70.17768,72.225296,71.174835,68.27874045,57.48,4.46462199,4.66058255,1.08087328,1.43485092,1.49868416,0.32639418,1167.531,263.392,--,--,1205.49,268.916,1755.889,265.103,400.732,44.853,737.888,44.16,1274.524,42.682,400.838,44.844
ISS_205RF_FMOVIE001_PRIME,0,16314,2014-06-22T08:27:09,0.0,359.98,195.59,68.285,76.27,69.891,257.324,258.802,258.052,169.488,178.946,171.839,13.224895,14.064452,13.403876,0.0,0.0,0.0,105.361244,109.429504,107.39471,52.826958,55.04862,53.921284,67.69999625,90.63,1.42013963,1.53821528,0.47806258,0.83392046,0.90483174,0.27855735,1201.03,346.008,--,--,1637.999,350.018,1403.221,345.162,417.244,55.153,860.956,55.62,1267.529,53.063,1142.583,55.932
ISS_206RI_BMOVIE001_PRIME,0,14676,2014-07-17T13:26:21,10.7,307.0,158.72,268.87,307.445,288.227,325.392,326.741,326.11,303.478,340.704,322.118,52.6411,58.06238,53.797607,0.0,0.0,0.0,96.37486,117.7676,107.79443,134.8177,138.53831,137.15645,67.49529941,81.53,1.25804404,1.36806021,0.44797725,0.92787918,1.00231096,0.32508511,1206.078,114.158,1417.696,114.8,1518.487,118.722,1223.844,113.983,422.817,189.501,917.516,188.5,1207.786,187.141,786.392,189.921
ISS_207RF_FMOVIE001_PRIME,0,15523,2014-08-16T11:01:17,0.0,359.98,181.89,232.89,238.34,234.592,46.128,47.544,46.83,185.751,192.212,187.762,7.983392,12.837035,9.713545,0.0,0.0,0.0,46.62599,57.76026,51.974,109.50784,117.2124,113.2733,67.26247485,86.24,1.55451956,1.68959913,0.57950804,0.61595753,0.66479587,0.22776166,1210.623,201.713,1593.386,200.2,1686.477,203.322,1765.572,198.925,429.949,346.791,--,--,438.877,346.712,669.057,349.503
ISS_208RF_FMOVIE001_PRIME_1,0,6319,2014-09-20T13:16:13,0.0,359.98,196.46,50.765,52.61,51.704,140.889,141.469,141.178,269.318,271.678,270.526,6.550438,7.6519656,7.066841,0.0,0.0,0.0,131.76598,142.56451,137.26643,126.57307,132.69139,129.70941,67.00169382,35.11,3.01141611,3.08811105,0.84435255,1.92028937,1.95590893,0.47775714,1219.278,237.114,--,--,1451.849,242.002,1742.699,239.284,438.735,173.567,--,--,457.735,173.442,964.981,174.136
ISS_208RF_FMOVIE001_PRIME_2,0,3230,2014-09-20T18:29:17,0.0,359.98,66.87,178.925,181.85,179.879,141.476,141.763,141.616,37.28,40.374,38.262,8.572218,8.899827,8.687708,0.0,0.0,0.0,134.25821,137.96172,136.09987,116.47978,118.707985,117.619675,66.99994218,17.94,3.6776199,3.80750604,0.72078194,1.70823882,1.7608777,0.31207936,1219.278,237.114,--,--,1739.36,239.245,1511.78,238.064,438.898,176.842,--,--,976.592,174.147,1243.248,174.7
ISS_208RF_FMOVIE002_PRIME_1,0,9225,2014-09-26T08:25:33,98.62,283.28,190.95,42.62,55.78,49.716,156.545,157.341,156.945,245.279,259.235,252.771,13.796762,14.635373,13.986982,0.0,0.0,0.0,117.25778,118.91411,118.07659,61.91248,62.883057,62.39172,66.95789347,51.25,2.53409753,2.75877781,0.99810234,1.17942712,1.27756863,0.4583271,1220.786,184.945,--,--,1723.341,188.469,1296.841,185.299,439.88,206.333,--,--,1110.514,203.8,618.299,205.857
ISS_208RF_FMOVIE002_PRIME_2,0,8846,2014-09-26T15:33:49,106.16,283.22,194.67,214.785,228.845,221.976,157.349,158.104,157.727,56.681,71.496,64.249,14.142856,14.909653,14.318359,0.0,0.0,0.0,119.60818,121.42664,120.531555,60.9174,62.149433,61.533703,66.9534829,49.14,2.75702369,3.00478072,1.05239651,1.31746419,1.43130905,0.49765474,1220.787,184.947,--,--,1291.36,185.283,1618.756,183.368,439.879,206.331,--,--,608.301,205.875,974.364,206.91
ISS_209RF_FMOVIE001_PRIME_1,0,8193,2014-10-27T01:33:17,51.98,216.32,134.14,204.105,223.195,213.688,239.48,240.154,239.817,323.951,343.715,333.87,13.132011,15.2928,13.433164,0.0,0.0,0.0,132.59317,134.34586,133.49147,70.939995,72.11834,71.52793,66.73163287,45.52,5.97726598,6.23205077,1.27436027,1.90427771,1.97354412,0.39996987,1229.606,260.916,--,--,1252.624,266.516,1748.026,264.054,447.572,10.174,--,--,811.526,7.337,1089.319,8.787
ISS_209RF_FMOVIE001_PRIME_2,0,7777,2014-10-27T07:45:01,96.62,252.28,174.48,29.245,49.28,42.947,240.177,240.821,240.508,148.439,169.103,162.439,13.562066,17.364315,13.89927,0.0,0.0,0.0,127.75244,129.06482,128.39658,70.41649,71.15811,70.78566,66.73153946,43.21,4.58423025,4.92133522,1.24013533,1.5085267,1.61934633,0.40818739,1229.605,260.917,--,--,1752.231,263.936,1332.488,261.365,447.573,10.174,--,--,1061.403,8.855,462.66,10.27
ISS_211RF_FMOVIE001_PRIME,0,17978,2015-01-03T18:11:09,0.0,359.98,180.02,274.005,285.95,281.689,64.968,66.61,65.811,207.395,220.371,215.878,13.462647,14.320379,13.894252,0.0,0.0,0.0,79.82076,82.62046,81.284615,61.409332,61.785683,61.59492,66.24943722,99.88,1.41569714,1.53168168,0.38484641,0.67364915,0.72865919,0.1833531,1227.534,355.1,1696.105,351.3,1292.703,355.449,1337.417,349.798,464.887,13.904,1210.665,14.96,772.306,13.151,801.722,16.372
ISS_211RF_HIRESFRNG001_PRIME,0,3927,2015-01-10T03:44:29,163.78,243.24,203.58,29.365,45.2,37.353,82.245,82.677,82.461,307.12,322.523,314.892,4.560072,5.770445,5.1168394,0.0,0.0,0.0,113.77623,124.84391,119.54123,120.33895,125.13004,122.81362,66.2128038,21.82,1.98483894,2.05089082,0.45469932,1.06066984,1.10756033,0.23786824,1225.922,291.386,--,--,1228.903,297.118,1534.881,296.086,466.176,49.955,--,--,658.509,47.0,1183.706,47.621
ISS_211RI_EGAPMOVMP001_PRIME,0,16091,2015-01-02T23:46:37,0.0,359.98,187.09,270.595,286.515,279.162,62.896,64.645,63.694,207.688,221.87,215.468,14.585462,15.63655,15.075195,0.0,0.0,0.0,83.09536,85.64402,84.485405,61.174038,61.641888,61.413326,66.25433559,89.39,1.41901514,1.54575683,0.39930934,0.67942687,0.73964809,0.19121901,1227.526,0.894,--,--,1617.493,2.408,1579.86,356.437,464.931,10.628,1206.675,11.66,1213.391,8.713,1169.128,12.223
ISS_212RF_FMOVIE001_PRIME_1,0,8059,2015-02-07T00:23:57,168.82,330.46,249.72,117.76,131.585,119.878,157.476,158.163,157.796,319.782,334.109,322.082,10.734475,15.116129,11.461799,0.0,0.0,0.0,75.76962,77.892204,76.86807,70.60694,71.121765,70.97708,66.02997653,44.77,1.8050972,1.9015953,0.42905902,0.58897946,0.61985991,0.13992334,1220.35,36.586,--,--,1347.816,41.882,1739.262,39.038,474.134,197.428,--,--,1152.507,195.019,682.594,196.845
ISS_212RF_FMOVIE001_PRIME_2,0,8036,2015-02-07T06:36:45,173.8,334.8,254.38,273.675,286.675,284.122,158.175,158.862,158.536,114.813,128.5,125.585,10.054861,11.871061,10.375197,0.0,0.0,0.0,82.14864,84.19564,83.23496,71.03849,71.37874,71.26764,66.02406033,44.64,2.01947627,2.12739145,0.50249302,0.64852227,0.68324695,0.16160243,1220.349,36.587,--,--,1734.355,38.977,1223.908,36.659,474.133,197.427,--,--,667.711,196.874,823.241,197.879
ISS_213RF_FMOVIE001_PRIME,0,17960,2015-03-09T16:04:13,0.0,359.98,180.18,266.645,275.79,271.288,240.246,242.427,241.583,25.261,33.951,29.705,12.138697,14.255444,12.771319,0.0,0.0,0.0,99.512375,103.11554,100.98694,81.44681,81.5324,81.49106,65.82725132,99.78,4.8472054,4.99127704,0.86765006,0.71705721,0.73852832,0.12841812,1216.276,118.699,1309.545,118.3,1535.953,119.94,1216.152,112.9,481.295,1.282,508.934,1.1,692.29,358.351,1204.988,2.459
ISS_213RF_FMOVIE002_PRIME,0,16842,2015-03-10T22:27:09,0.0,359.98,173.0,261.505,291.075,277.347,243.664,245.092,244.383,16.413,47.411,32.964,10.249393,23.49357,11.361455,0.0,0.0,0.0,93.58024,97.14499,95.5356,81.3288,81.65801,81.51413,65.82102701,93.57,4.55841194,4.7338091,0.85619955,0.6726892,0.69848822,0.12594742,1215.68,107.121,1326.672,106.68,1526.767,108.326,1741.35,103.826,482.081,7.834,505.801,7.66,814.178,5.003,546.069,8.035
ISS_231RI_EGAPMOVMP001_PRIME,0,16852,2016-02-06T01:18:20,0.0,359.98,176.75,81.93,116.465,95.516,60.469,62.068,61.217,20.447,54.674,34.299,13.746413,29.524843,17.161394,0.0,0.0,0.0,101.202,103.59234,102.46546,80.50317,81.32534,80.97716,64.16139157,93.62,4.52519857,4.84595772,1.20191589,0.70995558,0.75841043,0.18068817,1074.947,301.42,1457.812,300.68,1312.801,302.24,1467.728,296.857,572.942,334.151,673.91,333.66,1110.525,332.131,1112.62,335.261
ISS_232RF_FMOVIE001_PRIME,0,17095,2016-02-10T00:41:00,13.1,355.94,184.36,104.6,126.815,117.594,71.2,72.688,71.953,31.913,55.615,45.641,11.481407,16.93175,11.907316,0.0,0.0,0.0,83.92955,86.85336,85.399185,76.54814,77.19771,76.88435,64.14686066,94.97,2.74191953,2.97404207,0.80007931,0.62103591,0.67528819,0.18496894,1073.204,260.846,1616.11,265.64,1180.321,266.309,1074.21,260.884,574.148,353.81,--,--,576.788,353.747,656.034,356.662
ISS_232RI_EGAPMOVMP001_PRIME_1,0,17013,2016-02-21T02:05:16,0.0,359.98,178.29,261.015,287.95,267.558,101.061,102.519,101.76,158.496,186.879,165.798,14.209195,24.777678,16.365091,0.0,0.0,0.0,106.38807,108.92212,107.70367,77.852806,78.94473,78.33108,64.10185962,94.52,3.97640303,4.43010279,1.50681205,0.80378535,0.89489442,0.30144876,1068.246,162.298,1689.69,164.2,1779.885,164.576,1915.396,160.024,577.507,52.79,921.643,53.36,599.897,52.592,742.917,55.386
ISS_232RI_EGAPMOVMP001_PRIME_2,0,7545,2016-02-21T15:15:08,0.0,359.98,201.65,88.02,116.125,102.058,102.541,103.163,102.867,0.0,359.998,214.236,14.515591,22.718449,15.80277,0.0,0.0,0.0,99.917725,100.87405,100.3586,77.64943,78.07555,77.82789,64.105313,41.92,3.27567872,3.6846361,1.24482936,0.69258143,0.77689008,0.26202241,1068.178,156.501,--,--,1916.662,159.918,1212.83,157.072,577.625,56.071,722.858,55.44,722.858,55.444,757.782,56.471
ISS_233RF_FMOVIE001_PRIME_1,0,9439,2016-03-06T01:38:04,0.0,359.98,237.5,321.53,333.42,325.588,138.813,139.638,139.217,181.897,194.607,186.371,10.518352,11.897789,10.808178,0.0,0.0,0.0,56.568653,58.669434,57.66926,67.89309,68.37892,68.090164,64.05271963,52.44,1.42860251,1.55491573,0.52978661,0.53347793,0.5799946,0.19578319,1062.84,34.753,--,--,1423.414,35.876,1521.142,33.924,581.151,128.157,--,--,1014.718,126.637,666.643,128.449
ISS_234RF_FMOVIE001_PRIME,0,7862,2016-04-01T01:26:20,0.0,359.98,225.77,344.58,352.515,348.937,208.997,209.695,209.347,135.315,143.518,139.59,6.1100545,7.043911,6.463075,0.0,0.0,0.0,35.326946,39.73028,37.629047,68.87797,69.68037,69.27143,63.96443256,43.68,1.57227417,1.62812939,0.43990253,0.5532603,0.57638789,0.15707106,1051.583,157.023,--,--,1079.802,157.232,1757.748,155.724,588.637,265.788,--,--,704.59,265.229,860.646,266.301
ISS_234RI_EGAPMOVMP001_PRIME,0,15878,2016-04-07T23:05:00,0.0,359.98,164.85,263.755,283.56,270.43,227.634,229.04,228.334,34.715,54.875,42.096,13.082034,17.765932,13.641938,0.0,0.0,0.0,106.89472,110.06378,108.48497,74.101036,75.67508,74.836685,63.94114334,88.21,3.21957196,3.50538315,1.06972396,0.83864352,0.9165602,0.28093804,1047.641,93.245,1733.423,92.0,1180.169,93.769,1633.881,89.164,590.583,305.108,--,--,602.24,301.953,644.39,304.761
ISS_235RF_FMOVIE001_PRIME,0,15989,2016-05-01T13:42:20,0.0,359.98,162.34,0.005,359.995,5.793,291.386,292.828,292.112,65.607,75.779,71.857,8.450355,9.797398,9.021594,0.0,0.0,0.0,20.862438,26.41641,23.761667,64.953384,66.837,65.869156,63.86632767,88.83,1.30860448,1.49932342,0.62251873,0.53615109,0.61200633,0.25011345,1031.227,232.921,1909.225,236.9,1542.412,237.868,1144.784,232.592,597.773,69.622,600.191,69.68,1027.121,67.13,847.815,70.126
ISS_235RF_FMOVIE002_PRIME_1,0,9186,2016-05-09T19:29:32,0.0,359.98,172.84,265.185,280.985,270.912,313.639,314.416,314.017,310.769,327.346,316.895,12.677799,14.446415,12.927529,0.0,0.0,0.0,104.742325,106.92084,105.85608,69.001465,70.36927,69.646614,63.84103711,51.03,2.37555014,2.74312856,1.37575403,0.82896275,0.95140968,0.46439839,1025.565,157.556,--,--,1690.209,162.248,1417.245,158.682,600.459,112.221,--,--,817.229,111.317,820.403,112.694
ISS_235RF_FMOVIE002_PRIME_2,0,8542,2016-05-10T02:30:52,0.0,359.98,169.09,76.17,87.295,85.244,314.429,315.169,314.815,121.001,132.788,130.429,15.410838,20.532999,16.485592,0.0,0.0,0.0,97.38935,99.060394,98.19658,68.625145,69.498184,69.050026,63.84406509,47.46,1.93087954,2.28664053,1.35851139,0.69090731,0.81564705,0.47543025,1025.567,157.555,--,--,1398.626,158.637,1398.876,156.904,600.588,115.497,--,--,830.464,112.705,935.81,114.21
ISS_236RF_FMOVIE002_PRIME,0,17980,2016-06-10T12:09:00,0.0,359.98,179.92,96.68,106.54,100.418,39.22,40.876,40.027,57.46,67.32,60.391,11.547909,12.236389,11.893952,0.0,0.0,0.0,94.95597,99.67166,97.32883,62.971207,65.874016,64.42,63.75267241,99.89,1.63821317,1.90221278,0.91916943,0.70375909,0.81763232,0.38571454,1002.833,227.723,1915.287,226.0,1977.974,231.001,1980.313,225.449,609.403,282.618,609.666,282.58,815.381,279.809,808.376,283.078
ISS_237RI_EGAPMOVMP001_PRIME,0,4502,2016-07-01T23:54:04,0.0,359.98,168.58,229.035,263.705,252.199,97.248,98.598,97.649,131.674,165.854,154.55,8.182882,23.752253,12.898057,0.0,0.0,0.0,127.52505,135.42613,132.96388,78.658295,83.99054,82.26515,63.69176183,25.01,-0.52077096,-4.48227293,13.68717229,-0.07080183,-0.59849958,1.67244846,989.104,30.683,1811.956,32.88,1963.531,33.637,1783.172,29.419,615.528,37.303,682.219,34.3,682.219,34.317,632.774,37.108
ISS_239RF_FMOVIE001_PRIME,0,17377,2016-08-02T13:36:28,0.0,359.98,174.57,146.81,152.51,150.749,182.496,184.084,183.297,322.726,329.924,327.452,9.80834,10.195449,9.98653,0.0,0.0,0.0,47.273117,53.583763,50.453987,40.94633,41.46487,41.084633,63.61705125,96.54,0.72143149,0.7739381,0.25733366,0.54380537,0.58336647,0.19404664,973.777,100.971,1246.815,100.46,1972.213,103.885,2008.55,98.675,625.307,204.42,873.867,203.3,1011.351,201.942,965.65,205.111
ISS_239RF_FMOVIE002_PRIME_1,0,9193,2016-08-12T12:44:44,0.0,359.98,231.69,253.8,262.505,256.387,209.402,210.219,209.801,43.581,53.103,46.586,9.052434,9.449622,9.117723,0.0,0.0,0.0,112.996994,116.5951,114.79939,64.209656,67.16621,65.652176,63.59093806,51.07,2.25765696,2.30417424,0.3648034,0.92964408,0.94842564,0.14365315,969.026,8.278,1892.625,12.54,1778.495,12.835,1267.817,9.109,628.21,256.847,--,--,1037.939,254.995,643.575,257.005
ISS_239RF_FMOVIE002_PRIME_2,0,6409,2016-08-12T20:09:32,0.0,359.98,231.21,73.165,80.345,78.625,210.236,210.811,210.526,222.368,230.006,228.099,9.884166,11.197221,10.207455,0.0,0.0,0.0,103.621315,105.95612,104.78161,63.087536,64.83276,63.953415,63.59363188,35.61,1.66040953,1.70535792,0.28322239,0.73016924,0.74924707,0.12781658,969.027,8.279,1065.888,8.66,1236.967,9.045,1237.477,7.786,628.426,260.124,--,--,649.457,257.03,1029.92,257.722
ISS_239RI_HIRESAFRG001_PRIME_1,0,5143,2016-08-07T15:05:00,92.46,195.38,143.94,85.145,86.905,86.067,196.164,196.635,196.399,248.776,250.716,249.669,3.3018415,3.474798,3.3524125,0.0,0.0,0.0,74.974144,90.29974,82.516174,123.76395,134.97678,129.3936,63.6059267,28.57,1.12066001,1.141657,0.22809607,0.72138997,0.72673386,0.1661025,971.742,54.626,--,--,1951.341,57.392,1178.098,55.262,626.627,230.631,--,--,1011.0,228.955,674.004,230.267
ISS_240RF_FMOVIE002_PRIME,0,10112,2016-08-23T01:03:56,0.0,359.98,231.68,238.51,257.825,245.764,237.791,238.641,238.204,0.009,359.989,7.809,8.04703,14.6343,8.419379,0.0,0.0,0.0,130.0208,134.64882,132.41927,77.31096,81.14055,79.237366,63.56779688,56.18,7.81798264,7.71051514,1.464668,1.40463509,1.41567387,0.17016228,965.017,275.591,--,--,965.488,275.613,2016.639,273.293,631.323,312.552,--,--,976.736,311.022,721.37,312.896
ISS_241RF_FMOVIE001_PRIME,0,11198,2016-08-29T18:07:56,0.0,359.98,191.38,190.455,192.03,191.296,255.912,257.795,256.694,292.963,296.044,294.603,5.167997,5.626203,5.331191,0.0,0.0,0.0,10.818474,33.586044,24.167011,36.83636,53.29031,42.34346,63.55476414,62.21,0.76178266,0.85139696,0.36490835,0.56644699,0.61721266,0.23286417,961.454,211.876,--,--,1872.118,214.244,1569.263,207.577,632.437,348.595,--,--,1047.677,346.611,942.676,350.483
ISS_242RF_FMOVIE001_PRIME,0,17991,2016-09-17T00:59:40,0.0,359.98,179.99,69.36,73.27,71.29,305.289,306.953,306.116,122.524,127.967,125.174,10.377032,11.727102,11.102226,0.0,0.0,0.0,107.60535,114.32128,110.96202,65.44092,70.582344,67.99107,63.51643725,99.95,2.2956725,2.45132311,0.72375991,0.86185178,0.91265679,0.24595632,951.276,43.921,1869.044,46.24,1957.403,46.623,1993.083,41.041,638.327,86.893,735.688,87.24,818.963,84.096,819.905,87.374
ISS_243RF_FMOVIE001_PRIME_2,0,7653,2016-09-22T17:06:36,106.72,267.82,188.91,335.935,338.985,337.464,320.604,321.338,320.963,14.757,18.283,16.502,5.0531354,5.5781736,5.3128533,0.0,0.0,0.0,40.17928,48.0632,44.3343,36.845634,38.811867,37.67676,63.50314247,42.52,0.70459684,0.74449052,0.26298346,0.55737824,0.58889316,0.20734417,947.717,351.801,--,--,1987.204,354.657,947.789,351.808,639.709,116.381,1039.252,114.4,1032.733,114.047,692.256,115.971
ISS_246RF_FMOVIE002_PRIME,0,17982,2016-10-27T16:29:48,0.0,359.98,179.96,105.95,110.625,108.298,55.043,56.705,55.877,49.456,55.453,52.421,9.804983,13.083691,11.218619,0.0,0.0,0.0,109.38069,116.7132,113.03644,63.738018,69.79213,66.74606,63.44396357,99.9,2.29068059,2.43611274,0.7856805,0.88906694,0.95468321,0.29671837,923.958,33.347,1993.4,31.56,942.169,33.488,971.957,27.799,651.0,303.147,659.542,302.98,821.546,300.358,820.315,303.633
ISS_253RF_FMOVIE001_PRIME_2,0,17989,2016-12-17T00:10:04,0.0,359.98,180.0,233.04,236.93,235.076,190.918,192.66,191.766,40.38,45.936,43.311,5.335937,6.9301267,6.1799417,0.0,0.0,0.0,110.22982,120.766426,116.05359,53.722088,64.058235,59.46311,63.36915224,99.94,2.03609985,2.13900112,0.53797532,1.01632251,1.07697658,0.24509219,893.054,290.274,1996.014,288.58,1814.015,292.301,1742.887,286.328,666.166,208.55,684.985,211.56,678.36,208.353,667.066,211.789
ISS_256RF_FMOVIE001_PRIME_1,0,9465,2017-01-07T17:49:47,0.0,359.98,123.23,233.13,236.97,235.572,249.611,250.475,250.046,342.655,347.302,345.526,5.5352883,6.3384356,5.940079,0.0,0.0,0.0,112.469666,118.05002,115.41421,55.420883,60.881496,58.30295,63.3439571,52.58,1.97518694,2.09582644,0.55612382,1.03153251,1.0973493,0.27731601,882.002,87.694,1532.5,92.64,968.906,93.232,1998.762,90.295,673.025,326.514,--,--,827.529,323.74,837.604,325.506
ISS_256RF_FMOVIE001_PRIME_2,0,9429,2017-01-08T01:40:11,0.0,359.98,122.73,63.3,66.49,65.184,250.492,251.355,250.926,171.945,175.82,174.258,6.013364,6.9578905,6.4893384,0.0,0.0,0.0,97.66925,105.114975,101.576004,53.83233,58.78372,56.379795,63.34256752,52.38,1.41839285,1.51725896,0.43178692,0.7832784,0.83793045,0.23097619,882.001,87.693,1351.659,88.72,1975.707,90.202,1019.329,87.38,673.026,326.515,--,--,826.038,325.558,879.393,327.101
ISS_260RF_FMOVIE001_PRIME,0,18000,2017-02-05T04:25:31,0.0,359.98,179.99,237.78,242.31,240.94,326.41,328.061,327.241,269.719,275.892,273.699,5.253585,6.4639473,5.8988414,0.0,0.0,0.0,112.16535,122.0187,117.47524,54.494164,64.089775,59.689114,63.31564197,100.0,2.00312366,2.12469632,0.62957548,1.00733204,1.06101111,0.28634787,870.382,187.239,921.199,187.04,1073.239,192.646,991.986,186.945,681.199,117.239,988.188,115.38,984.869,114.846,981.339,118.106
ISS_265RF_FMOVIE001_PRIME,0,5370,2017-03-12T00:02:03,20.12,346.28,208.99,225.37,234.19,231.667,60.424,61.043,60.76,164.796,173.749,170.907,7.941577,9.971021,8.363957,0.0,0.0,0.0,131.81166,134.44745,133.11665,72.479385,74.887436,73.66202,63.29112939,29.83,5.35201826,5.59565412,0.94773101,1.53222079,1.57140201,0.25844188,852.12,228.879,--,--,1593.206,233.768,1905.549,231.07,692.449,300.736,--,--,698.32,300.586,913.349,301.412
ISS_272RF_FMOVIE001_PRIME,0,9659,2017-05-01T01:44:27,0.0,359.98,184.5,235.52,245.1,238.385,195.629,196.49,196.049,39.624,49.471,42.336,5.9218273,7.347217,6.264807,0.0,0.0,0.0,133.5643,136.65662,135.12874,72.47775,75.52653,74.008446,63.27121472,53.66,6.24721835,6.39365828,0.99967082,1.74513019,1.76204353,0.29460924,821.2,131.514,--,--,2081.118,134.204,913.047,131.272,708.138,209.424,--,--,852.925,206.715,818.04,208.511
ISS_274RF_FMOVIE001_PRIME,0,6312,2017-05-13T13:46:35,0.0,359.98,267.16,233.24,243.77,234.892,229.387,229.922,229.638,3.318,14.383,5.254,6.742183,8.852525,6.925754,0.0,0.0,0.0,138.36314,140.08406,139.2084,76.47431,78.154076,77.28341,63.2696397,35.07,9.08294063,9.36871362,1.30399588,2.02625583,2.06122761,0.29005988,813.563,15.701,--,--,1981.265,19.998,1731.274,17.403,711.772,274.96,--,--,965.259,273.037,745.256,274.524
ISS_274RF_FMOVIE002_PRIME,0,13996,2017-05-14T00:07:23,50.5,330.84,190.87,83.8,89.34,85.22,230.551,231.826,231.18,212.322,218.789,214.04,5.847055,9.26524,7.0542912,0.0,0.0,0.0,124.30075,130.2341,127.4948,69.680115,74.29074,72.15415,63.26926629,77.76,4.05855153,4.09639694,1.17672014,1.20044894,1.23787257,0.30633114,813.356,9.911,--,--,863.764,15.522,1244.61,10.768,711.611,278.237,852.623,275.52,852.623,275.53,713.76,278.325
ISS_276RI_HIRESAFRG001_PRIME,0,3556,2017-05-28T01:29:31,0.0,359.98,250.43,60.74,235.5,154.363,268.508,268.838,268.671,151.902,326.992,245.691,3.0698972,4.376263,3.6899486,0.0,0.0,0.0,106.06402,120.46378,113.79931,55.721294,59.725403,57.89206,63.2676509,19.76,1.79775839,1.95060151,0.69619495,0.9494524,1.04156967,0.38546745,806.439,242.503,--,--,1804.888,247.126,2170.592,245.702,716.202,353.601,--,--,735.212,350.568,872.432,350.94
ISS_283RA_COMPLITA2001_CIRS,0,6083,2017-07-12T01:23:07,51.2,174.52,113.23,50.95,99.77,77.749,30.006,30.354,30.189,20.596,69.764,47.56,38.69239,54.339844,42.883022,0.0,0.0,0.0,116.737564,121.113976,119.117836,60.315117,63.838013,62.268707,63.27845796,33.79,1.82224522,1.88160221,0.43062233,0.83887581,0.87429112,0.19760572,790.301,191.204,--,--,2086.426,193.772,1310.503,192.164,730.353,232.796,--,--,778.379,229.911,915.984,230.283
ISS_289RF_FMOVIE001_PRIME,0,17989,2017-08-18T21:23:07,0.0,359.98,179.99,222.15,228.88,224.697,132.166,133.824,132.992,89.882,95.909,91.705,5.322594,7.1421647,6.075434,0.0,0.0,0.0,131.32793,136.96347,134.3444,68.29186,74.13256,71.40419,63.29941341,99.94,4.61133315,5.33136222,1.84948957,1.49498148,1.66872802,0.48210044,774.872,203.456,2060.44,205.86,2208.522,206.727,2203.938,201.161,741.321,72.676,--,--,929.475,70.855,930.171,74.12
ISS_292RF_FMOVIE001_PRIME,0,17940,2017-09-06T11:47:07,0.0,359.98,180.0,39.17,48.43,44.563,182.393,184.02,183.209,215.15,225.828,221.354,7.207598,9.082822,7.89169,0.0,0.0,0.0,138.14133,142.22586,140.25114,75.01581,78.931404,77.02224,63.31048407,99.67,9.16252407,9.2417373,2.20234831,1.97199845,2.05299672,0.44467454,764.063,35.348,781.49,35.46,781.49,35.462,854.373,29.834,747.481,170.978,928.859,171.88,817.148,170.1,829.424,173.275
