Observation,Slice#,Num Data,Date,Min Long,Max Long,Mean Long,Min Inertial Long,Max Inertial Long,Mean Inertial Long,Min Long of Pericenter,Max Long of Pericenter,Mean Long of Pericenter,Min True Anomaly,Max True Anomaly,Mean True Anomaly,Min Res,Max Res,Mean Res,Min Phase,Max Phase,Mean Phase,Min Emission,Max Emission,Mean Emission,Incidence,% Coverage,EW,EW Std,Normal EW,Normal EW Std
IOSIC_276RB_COMPLITB4001_SI,0,16468,2017-05-26T20:28:43,0.0,359.98,187.95,25.611,112.819,72.119,265.243,266.369,265.82,119.241,207.575,166.299,56.750652,154.70956,79.64914,126.58747,132.21358,129.60858,70.416336,75.182396,72.93325,63.26915439,91.49,4.43404657,1.13103391,1.29230673,0.30759832
ISS_000RI_SATSRCHAP001_PRIME,0,18000,2004-06-20T19:15:28,0.0,359.98,179.99,171.957,180.752,177.402,111.826,113.477,112.667,58.48,68.795,64.735,38.195957,40.904255,39.345657,67.25348,67.353516,67.30995,73.856476,73.90929,73.88397,65.44991752,100.0,2.26496079,0.7133345,0.62872293,0.1980232
ISS_006RI_LPHRLFMOV001_PRIME,0,17335,2005-04-13T02:37:52,0.0,359.98,184.09,43.286,56.821,48.2,191.93,193.476,192.694,209.892,224.891,215.506,5.9229774,16.441603,6.924921,31.158085,39.418236,35.58935,83.16902,83.7301,83.47099,67.9820476,96.31,4.02639243,0.76562447,0.45764876,0.08713043
ISS_007RI_AZSCNLOPH001_PRIME,0,17987,2005-05-02T05:53:52,0.0,359.98,179.96,84.413,255.244,164.496,243.603,244.48,244.016,0.002,359.987,260.906,28.667898,65.901085,47.231445,5.7398376,26.251131,14.92553,62.386364,70.87746,65.7512,68.1692899,99.93,1.50645379,0.43733755,0.61525175,0.17900159
ISS_007RI_HPMRDFMOV001_PRIME,0,9533,2005-05-04T01:32:48,0.0,359.98,99.67,134.005,148.347,139.902,248.513,249.433,248.996,245.47,259.024,250.906,4.7771826,10.15863,5.5530405,117.138885,127.0272,121.49022,93.81844,96.84514,95.16428,68.18652858,52.96,9.01139906,1.13418369,0.80672908,0.15510899
ISS_007RI_LPHRLFMOV001_PRIME,0,11244,2005-05-01T04:07:28,0.0,359.98,146.06,219.066,233.664,225.854,240.703,242.0,241.219,338.339,351.669,344.635,6.2711396,7.683,7.009481,29.986975,35.789898,33.631996,68.620476,69.58194,69.03763,68.16048807,62.47,1.18493762,0.34775306,0.42387984,0.12464106
ISS_00ARI_SPKMOVPER001_PRIME,0,17228,2004-11-15T08:52:32,13.54,358.08,185.81,148.321,181.344,165.554,150.295,151.938,151.083,0.004,359.987,18.295,27.02021,45.349976,28.431726,84.21324,84.90501,84.58,77.207726,77.4394,77.30111,66.60331307,95.71,2.68830671,0.59704878,0.59093942,0.13109549
ISS_029RF_FMOVIE001_VIMS,0,16858,2006-09-28T20:32:15,0.94,338.08,169.51,263.499,273.785,268.983,193.178,194.725,193.958,69.968,79.145,75.026,9.414875,10.43138,9.881989,158.30063,161.91473,160.13863,120.74043,122.6673,121.733734,74.3351139,93.66,10.84724762,2.34331318,5.69645936,1.19348648
ISS_029RF_FMOVIE002_VIMS,0,10684,2006-09-30T00:32:15,0.0,359.98,117.84,78.654,88.058,83.24,196.328,197.285,196.802,242.326,251.646,246.438,11.066244,11.544299,11.276604,158.80467,161.00053,159.92052,118.505295,119.567535,119.00625,74.3486806,59.36,11.57657099,2.16419515,5.60674691,1.01353663
ISS_030RF_FMOVIE001_VIMS,0,9615,2006-10-16T01:34:07,0.0,359.98,227.42,262.619,271.345,266.964,239.648,240.521,240.087,22.971,30.823,26.877,10.425309,10.865238,10.629139,150.44888,152.59543,151.52335,130.1524,131.51637,130.84962,74.56557364,53.42,5.69509007,1.03666676,3.72496596,0.67789633
ISS_031RF_FMOVIE001_VIMS,0,16736,2006-10-31T18:37:35,0.0,359.98,185.99,91.565,101.052,95.505,282.071,283.615,282.837,169.494,177.715,172.667,9.339399,9.821429,9.591444,156.15068,160.30232,158.29634,124.81006,128.27803,126.52352,74.78418078,92.98,8.7050784,1.27409499,5.17891452,0.75999539
ISS_032RF_FMOVIE001_VIMS,0,16730,2006-11-12T17:53:35,0.0,359.98,168.26,91.249,100.952,95.29,314.392,315.935,315.158,136.857,145.267,140.132,9.30752,9.793083,9.562077,155.70526,159.96182,157.90614,124.91946,128.40477,126.63707,74.94861145,92.94,8.49316472,1.69860661,5.05431729,0.94453492
ISS_033RF_FMOVIE001_VIMS,0,17165,2006-11-25T16:52:47,0.0,359.98,179.52,291.974,301.277,296.567,349.381,350.949,350.171,301.628,310.332,306.395,10.039805,10.407507,10.172993,159.64995,160.813,160.27496,119.08481,122.61162,120.875626,75.12775345,95.36,10.86220039,1.54088473,5.56618902,0.75764719
ISS_036RF_FMOVIE001_VIMS,0,18000,2006-12-23T09:43:43,0.0,359.98,179.99,285.166,294.059,289.755,64.184,65.842,65.025,220.05,228.398,224.73,11.6990595,11.849619,11.772853,158.60165,160.99257,159.77655,122.643234,125.75914,124.279175,75.51264835,100.0,11.37300636,4.47034981,6.41851429,2.61947946
ISS_036RF_FMOVIE002_VIMS,0,16045,2007-01-05T14:31:59,0.0,359.98,188.2,247.911,260.815,255.458,99.827,101.331,100.585,148.049,159.484,154.872,10.175464,10.55741,10.362007,131.06834,135.70941,133.36766,143.63052,145.69357,144.77654,75.69550963,89.14,2.69687522,2.34502924,2.19939335,1.90494865
ISS_039RF_FMOVIE001_VIMS,0,18000,2007-02-27T07:18:39,0.0,359.98,179.99,194.775,210.735,203.659,242.128,243.89,243.032,312.547,326.844,320.626,10.153094,10.244501,10.194315,101.40309,108.09622,104.84227,143.66588,146.75105,145.32082,76.43975463,100.0,1.48795993,0.80803578,1.21979395,0.6532703
ISS_039RF_FMOVIE002_VIMS,0,16519,2007-02-10T11:47:11,0.0,359.98,187.53,241.768,256.004,248.984,196.727,198.291,197.515,45.04,57.712,51.469,10.221834,10.286767,10.254733,125.325714,131.16293,128.21074,146.7758,148.76643,147.93839,76.20085429,91.77,2.31893468,1.38689923,1.96352331,1.17246652
ISS_039RF_FMOVIE003_VIMS,0,3534,2007-02-11T15:43:11,74.0,144.66,109.33,263.066,268.266,265.966,199.87,200.182,200.032,62.884,68.084,65.934,10.106428,10.164152,10.132035,136.47511,137.8783,137.12779,143.36708,144.37376,143.94095,76.21102864,19.63,2.28725351,0.31607423,1.84892107,0.25471871
ISS_041RF_FMOVIE001_VIMS,0,15409,2007-03-31T09:35:11,44.0,352.16,198.08,172.644,182.944,179.771,328.792,330.203,329.508,203.776,212.741,210.262,11.851454,11.957434,11.862885,82.17428,85.65319,83.93725,128.18346,130.51265,129.40286,76.89618428,85.61,1.7404827,0.74013301,1.10168297,0.46039961
ISS_041RF_FMOVIE002_VIMS,0,18000,2007-03-17T03:49:19,0.0,359.98,179.99,205.117,218.116,211.895,290.34,292.038,291.198,274.507,286.078,280.697,10.416571,10.754052,10.593078,106.2098,111.87248,109.03365,143.60162,145.44048,144.57352,76.69391689,100.0,1.63493694,0.84599779,1.33129368,0.68609122
ISS_043RF_FMOVIE001_VIMS,0,17830,2007-04-18T03:26:39,0.0,359.98,178.65,177.702,188.013,183.671,16.706,18.374,17.556,160.341,169.75,166.116,12.0191,12.3239565,12.171745,83.66193,87.2821,85.4892,125.60197,127.63681,126.62634,77.15251569,99.06,1.76070157,0.7610403,1.05066813,0.45456402
ISS_044RF_FMOVIE001_VIMS,0,18000,2007-05-05T04:51:11,0.0,359.98,179.99,177.167,186.543,182.423,62.768,64.419,63.608,112.748,122.24,118.815,11.896049,12.359062,12.134912,80.24793,83.49156,81.87505,118.622215,120.1378,119.38524,77.39863725,100.0,2.02949998,0.70218421,0.99800749,0.3546326
ISS_051RI_LPMRDFMOV001_PRIME,0,15868,2007-10-18T21:11:11,0.0,359.98,186.72,144.592,191.619,168.072,152.847,154.102,153.474,0.01,359.99,25.397,17.603495,82.2806,24.28801,54.90006,57.00236,56.05161,93.992226,94.12555,94.05357,79.85007578,88.16,7.84327297,1.3258775,0.55410319,0.09161528
ISS_055RF_FMOVIE001_VIMS,0,16438,2007-12-31T15:47:27,24.94,353.68,189.31,166.878,175.333,170.948,352.059,353.575,352.818,174.283,181.858,178.129,9.031588,10.012331,9.510151,62.869984,67.78988,65.250145,122.048775,123.75632,122.88784,80.96044549,91.32,1.14561091,0.25242853,0.62234014,0.13884451
ISS_055RI_LPMRDFMOV001_PRIME,0,18000,2008-01-07T08:03:11,0.0,359.98,179.99,119.946,124.643,122.32,10.089,11.751,10.914,109.325,114.466,111.405,9.401457,10.054076,9.742366,18.989372,22.644426,20.826452,99.52403,102.566925,101.06622,81.06294606,100.0,2.95586646,0.4542217,0.5661663,0.09311473
ISS_057RF_FMOVIE001_VIMS,0,16116,2008-01-23T14:10:23,0.0,359.98,163.31,139.412,147.568,143.46,53.982,55.451,54.71,85.34,93.586,88.749,9.781918,10.452367,10.032434,42.45036,46.12287,44.237473,117.089966,119.41508,118.22951,81.3075041,89.53,1.21552352,0.27786212,0.57449997,0.12918063
ISS_059RF_FMOVIE001_VIMS,0,16611,2008-02-17T12:25:03,0.0,359.98,193.34,311.29,318.88,315.313,121.291,122.82,122.055,189.829,196.44,193.258,8.523694,9.348299,8.9345665,42.970676,47.116062,44.977005,121.28038,124.36487,122.77997,81.68679303,92.28,1.09139912,0.31669833,0.59059931,0.16994309
ISS_059RF_FMOVIE002_VIMS,0,18000,2008-02-24T12:27:11,0.0,359.98,179.99,283.399,295.957,291.839,140.196,141.862,141.019,142.847,154.523,150.82,9.266293,10.3862705,9.468281,23.615261,26.835382,25.220308,104.35153,108.31919,106.37789,81.79431965,100.0,2.06494407,0.41035323,0.58151851,0.12131387
ISS_061RI_LPMRDFMOV001_PRIME,0,10860,2008-03-15T10:14:07,139.1,356.28,247.69,104.009,126.669,115.843,193.952,194.855,194.406,269.154,292.717,281.438,7.8410463,22.224758,8.61652,12.60477,15.142368,13.874949,94.195465,97.1202,95.686905,82.0925254,60.33,5.26860093,1.07270365,0.50730484,0.05741173
ISS_068RF_FMOVIE001_VIMS,0,8272,2008-05-15T23:55:27,0.0,359.98,174.2,128.699,142.656,135.105,0.207,1.856,0.971,128.492,140.8,134.133,5.377281,6.5681157,6.042347,44.146023,56.18496,49.295284,126.22192,136.3541,130.64412,83.03749433,45.96,0.79665456,0.12815554,0.51824786,0.08931883
ISS_072RI_SPKHRLPDF001_PRIME,0,16910,2008-06-14T05:16:15,0.0,359.98,188.12,58.649,91.606,86.813,79.116,80.532,79.878,0.016,359.996,30.246,80.703964,109.911514,91.78303,32.11883,39.133717,35.65424,115.549675,122.53823,119.11723,83.48521951,93.94,1.09532156,0.21807714,0.52998877,0.09908371
ISS_075RB_BMOVIE4001_VIMS,0,7582,2008-07-08T03:57:51,0.0,359.98,127.57,57.048,78.888,73.165,143.775,144.467,144.179,272.581,294.421,288.986,53.67158,104.32915,69.73584,22.49069,28.297026,24.807388,59.407215,67.69553,64.039635,83.8491575,42.12,1.18318957,0.23365917,0.51478167,0.0937481
ISS_075RF_FMOVIE002_VIMS,0,17932,2008-07-05T01:45:03,0.0,359.98,179.88,117.724,127.033,122.303,135.425,137.115,136.278,342.299,349.918,346.024,6.012622,6.8809867,6.475146,28.855572,37.32032,32.86981,112.40743,121.12215,116.596436,83.80674788,99.62,1.14893338,0.16744231,0.51233501,0.0783418
ISS_079RF_FRINGMRLF002_PRIME,0,11291,2008-08-06T01:42:23,79.6,305.4,192.5,149.487,151.755,150.294,221.828,222.865,222.345,286.622,289.927,287.949,8.63476,13.674567,10.894845,21.175026,28.065271,24.347656,63.58742,72.509636,68.24377,84.29531436,62.73,1.63982795,0.44302051,0.6050245,0.17207592
ISS_079RI_FMONITOR002_PRIME,0,7166,2008-08-02T01:25:19,45.74,283.92,163.33,77.348,327.195,200.591,210.995,211.05,211.022,46.765,300.253,175.246,66.17813,131.53764,84.74927,29.444393,37.21118,33.297276,113.138664,116.745,114.87424,84.22805389,39.81,1.31229945,0.36177076,0.55355973,0.16358711
ISS_080RF_FMOVIE005_PRIME,0,5210,2008-08-14T06:50:39,66.76,170.94,118.85,96.85,117.576,108.608,244.009,244.395,244.208,212.455,233.567,224.4,6.60491,14.890286,7.1447577,14.242755,15.012456,14.545098,81.26417,83.72377,82.53999,84.41857917,28.94,3.53447339,0.54770364,0.45541847,0.06297635
ISS_081RI_FMONITOR001_PRIME,0,9568,2008-08-16T10:45:19,0.0,359.98,186.34,61.009,332.531,196.379,249.849,249.902,249.875,0.009,359.989,151.374,69.18817,201.17052,110.12053,25.276434,33.380432,29.32272,107.97158,111.80082,109.75097,84.44970804,53.16,1.43161041,0.26579216,0.48327798,0.09284164
ISS_081RI_FMOVIE106_VIMS,0,15879,2008-08-20T00:36:15,0.0,359.98,189.94,104.685,108.736,106.753,259.507,260.991,260.257,203.744,207.757,206.496,3.4660778,4.925783,4.228467,29.14762,47.49322,37.11698,39.292896,60.600754,51.214737,84.51332547,88.22,0.88384497,0.23390655,0.53924398,0.11690612
ISS_082RI_FMONITOR003_PRIME,0,6126,2008-08-28T08:54:23,0.0,359.98,191.4,63.917,317.129,193.678,282.043,282.199,282.126,0.009,359.989,168.888,60.136883,160.93765,93.88371,21.77274,35.91287,29.072577,68.48664,73.07978,70.9962,84.6340453,34.03,1.73286705,0.54950473,0.56485907,0.18073625
ISS_083RI_FMOVIE109_VIMS,0,15993,2008-08-30T16:19:11,31.78,351.62,191.7,112.171,119.486,115.994,288.279,289.728,289.004,182.442,191.207,186.99,6.9560084,7.69213,7.1152186,20.889902,26.530937,23.598942,103.16276,110.25313,106.660965,84.67734012,88.85,1.83219487,0.51827722,0.5132569,0.11782819
ISS_084RI_FMONITOR002_PRIME,0,5779,2008-09-08T03:54:07,63.14,280.32,171.37,87.563,316.185,201.476,311.183,311.237,311.21,0.008,359.988,234.817,63.178257,97.78648,72.31815,32.250797,40.305798,36.37011,116.70901,120.47749,118.512924,84.79998806,32.11,1.06313992,0.21888444,0.50908108,0.11481837
ISS_085RF_FMOVIE003_PRIME_1,0,9054,2008-09-15T23:01:19,65.92,248.78,156.6,126.607,130.621,129.499,332.237,333.068,332.659,153.965,158.364,156.84,5.248175,5.788656,5.5186667,41.459164,48.00539,44.65019,126.37478,132.6413,129.46571,84.92485239,50.3,0.81208546,0.2038007,0.51253311,0.11496075
ISS_085RF_FMOVIE003_PRIME_2,0,6244,2008-09-16T06:34:07,120.48,245.34,182.91,307.047,310.118,308.215,333.086,333.654,333.366,333.85,337.032,334.848,5.2879205,6.0729833,5.6412244,48.221302,52.997692,50.58111,130.32596,135.6531,132.94894,84.92827364,34.69,0.77325559,0.17978397,0.52420554,0.11175682
ISS_087RF_FMOVIE003_PRIME,0,13961,2008-09-30T16:28:15,0.0,359.98,187.28,282.659,287.057,284.571,12.003,13.289,12.641,270.611,274.776,271.93,4.905153,5.854948,5.3884196,44.65068,54.23677,49.154385,125.56203,136.73578,130.8895,85.15466252,77.56,0.8354805,0.170976,0.54870215,0.1284281
ISS_089RF_FMOVIE003_PRIME,0,14611,2008-10-14T22:37:51,0.0,359.98,191.31,280.392,286.359,282.454,50.5,51.844,51.162,229.847,235.492,231.292,5.6597567,6.456966,6.052099,38.920864,46.086903,42.327118,117.971115,127.250626,122.476555,85.37515929,81.17,1.04092572,0.20369912,0.55925687,0.11812655
ISS_091RF_FMOVIE003_PRIME,0,15376,2008-10-29T20:23:27,27.78,335.28,181.53,197.822,199.877,198.926,90.751,92.17,91.461,105.651,109.097,107.465,5.749195,8.673289,7.142637,43.518864,55.777946,49.203922,127.86671,141.25955,134.1796,85.60563025,85.42,1.06189635,0.32122174,0.72858404,0.19396772
ISS_091RI_APOMOSL109_VIMS,0,9894,2008-11-02T00:33:03,71.8,332.2,207.45,69.428,303.865,186.834,99.321,99.863,99.637,0.013,359.993,148.616,48.94726,96.01577,60.236935,29.338015,47.669815,38.295547,55.104347,66.36654,61.860977,85.65069122,54.97,1.17821913,0.30121098,0.55221382,0.14020683
ISS_092RF_FMOVIE003_PRIME,0,3514,2008-11-07T03:06:39,230.4,300.66,265.53,300.287,303.751,300.695,113.109,113.421,113.258,186.97,190.641,187.437,5.8261986,6.1691623,5.957436,48.893974,51.154705,50.10686,132.83926,135.37384,134.17943,85.7276404,19.52,0.79811438,0.11555223,0.55632466,0.08189062
ISS_093RF_FMOVIE003_PRIME,0,11328,2008-11-14T15:06:39,0.0,359.98,199.07,126.592,133.699,130.411,133.361,134.418,133.895,353.175,359.285,356.516,6.051661,6.6153154,6.343206,40.236088,46.930294,43.47202,126.077156,132.4935,129.2194,85.84781998,62.93,0.8085162,0.10946798,0.5116273,0.07613071
ISS_094RF_FMOVIE001_PRIME_1,0,8629,2008-11-21T21:26:55,0.0,359.98,88.82,120.822,125.456,123.252,152.976,153.756,153.366,327.066,332.464,329.886,6.229938,6.567346,6.407704,36.09095,41.00778,38.491337,121.86459,126.96473,124.379585,85.95858064,47.94,0.80041038,0.10229214,0.45170279,0.05918267
ISS_094RF_FMOVIE001_PRIME_2,0,4601,2008-11-22T04:36:47,81.96,175.64,129.21,300.551,304.603,302.562,153.782,154.199,153.988,146.408,150.811,148.574,6.362343,6.924091,6.6258626,43.731785,46.362743,45.016148,125.85874,129.08087,127.43508,85.96106824,25.56,0.72174407,0.11015531,0.43856351,0.06702884
ISS_096RF_FMOVIE004_PRIME,0,15282,2008-12-10T18:01:03,0.0,359.98,205.37,134.432,136.505,135.293,203.895,205.307,204.601,289.168,292.513,290.692,3.796547,5.276271,4.5070405,52.912807,74.09261,62.569542,17.417028,40.62698,29.94411,86.25303359,84.9,0.60452926,0.08801125,0.52175825,0.09136765
ISS_098RI_TMAPN30LP001_CIRS,0,12136,2008-12-22T23:58:55,0.0,359.98,186.87,92.976,309.632,201.95,236.969,237.634,237.259,0.001,359.981,159.316,62.69122,100.47357,75.066216,32.953026,38.760593,36.19167,115.27156,122.28926,119.532845,86.43899447,67.42,1.11634765,0.16805666,0.54962202,0.08823632
ISS_100RF_FMOVIE003_PRIME,0,13337,2009-01-11T10:41:34,6.44,273.16,139.8,126.547,135.881,130.866,289.479,290.738,290.112,197.068,205.154,200.754,5.8498487,6.2906446,6.0779023,36.249763,47.223305,41.527287,122.90184,133.62552,128.18173,86.74292879,74.09,0.73104628,0.11076989,0.44960193,0.06397111
ISS_100RI_SUBMS20LP001_CIRS,0,11439,2009-01-17T22:23:26,54.42,288.4,172.38,213.541,318.438,258.085,306.997,307.596,307.255,0.001,359.981,292.797,66.78783,157.08685,91.69772,41.58434,47.14277,45.08421,64.5279,69.23359,67.117455,86.83919963,63.55,1.3510107,0.26903707,0.52360083,0.09942999
ISS_102RI_SPKFMLFLP001_PRIME,0,11062,2009-02-05T16:39:26,82.06,303.28,192.67,64.373,97.253,81.84,357.656,358.556,358.124,65.818,98.698,83.716,66.14688,118.23701,79.51089,35.163345,40.788216,37.78263,59.077774,66.899155,63.075447,87.13156869,61.46,1.13261391,0.22064565,0.51120543,0.10037428
ISS_103RF_FMOVIE003_PRIME,0,11471,2009-02-10T14:28:46,0.0,359.98,220.27,168.079,194.376,180.528,10.912,12.081,11.497,157.162,182.295,169.031,6.2054257,6.4454904,6.3273883,69.84946,82.182365,75.98194,150.1931,155.5453,153.1277,87.20852526,63.73,0.73441751,0.17639479,0.6544656,0.1556139
ISS_104RF_FMOVIE003_PRIME,0,3182,2009-02-25T00:06:54,0.0,359.98,71.58,277.226,283.36,281.233,49.8,50.082,49.946,227.426,233.305,231.287,5.0108404,5.1101084,5.0387363,142.83205,146.62186,144.78195,112.18417,116.39837,114.28764,87.42623123,17.68,6.06170523,1.09590829,2.4743253,0.34724838
ISS_105RF_FMOVIE002_PRIME,0,14097,2009-03-11T11:51:58,0.0,359.98,183.23,146.405,192.847,168.923,88.926,90.435,89.676,57.479,102.413,79.247,5.323018,5.6580243,5.4875007,98.88073,112.06572,105.575424,23.152744,25.636396,23.899862,87.65713263,78.32,0.89082254,0.22129953,0.81460882,0.20342381
ISS_105RF_FMOVIE003_PRIME,0,5472,2009-03-04T08:46:54,0.0,359.98,81.04,282.507,288.281,284.639,69.677,70.162,69.914,212.757,218.604,214.725,7.078299,7.232705,7.092982,33.542137,35.0133,34.267967,110.73173,114.441284,112.58943,87.54120359,30.4,1.28388462,0.17531824,0.49473574,0.08237878
ISS_105RI_TDIFS20HP001_CIRS,0,8638,2009-03-10T02:14:54,0.0,359.98,226.53,258.312,327.147,297.942,85.143,85.637,85.408,172.686,242.004,212.533,47.923496,102.51674,58.243835,150.10298,157.51123,154.16743,62.73118,71.557,67.41064,87.62980368,47.99,11.0759037,3.31418274,4.12484328,0.90296221
ISS_105RI_TMAPN45LP001_CIRS,0,5828,2009-03-05T08:45:18,18.84,147.84,83.11,109.523,316.577,212.37,72.374,73.087,72.734,36.967,243.66,139.635,67.57909,80.85952,69.873474,41.563354,50.072285,45.592247,128.98898,137.20895,132.53995,87.55808853,32.38,0.68961248,0.11473198,0.46590812,0.08015408
ISS_106RF_FMOVIE002_PRIME,0,13552,2009-03-23T11:07:10,0.0,359.98,223.33,145.543,190.656,167.254,121.245,122.695,121.963,24.298,67.961,45.291,5.312372,5.6380115,5.472377,99.88332,112.45572,106.23771,23.128952,25.735811,23.850983,87.84176869,75.29,0.89371803,0.30363765,0.81681016,0.27532023
ISS_107RF_FMOVIE002_PRIME,0,7462,2009-03-29T16:51:42,188.5,337.72,263.11,151.967,161.761,156.727,138.092,138.808,138.455,13.875,22.953,18.272,7.082908,7.1307006,7.0963144,54.925053,61.22007,58.10898,139.90654,144.15727,142.10019,87.93404367,41.46,0.73667069,0.28219895,0.57892001,0.21293387
ISS_108RF_FMOVIE001_PRIME,0,11667,2009-04-16T10:34:06,0.0,359.98,144.61,237.173,249.931,244.627,185.989,187.099,186.551,51.131,62.843,58.076,7.8144507,7.85867,7.825223,100.746994,107.745514,104.25434,142.25545,147.30371,144.94572,88.2102077,64.82,1.14110267,0.75194207,0.9281702,0.59659645
ISS_108RI_SPKMVLFLP001_PRIME,0,10880,2009-04-10T09:49:18,0.0,359.98,250.39,66.264,149.373,106.938,169.703,170.328,170.011,255.936,339.669,296.927,70.840485,161.53357,93.47252,33.55067,41.621437,36.29112,66.48016,74.85807,70.82269,88.11452449,60.44,1.47722318,0.27866316,0.48660681,0.12476446
ISS_109RI_TDIFS20HP001_CIRS,0,12827,2009-04-21T12:42:06,0.0,359.98,155.53,244.293,328.59,295.993,199.73,200.529,200.174,43.764,128.86,95.819,66.32926,125.6247,79.47207,143.66544,148.0075,145.47466,55.42003,59.832817,57.22118,88.2870336,71.26,5.18730533,2.16391992,2.81367987,1.20348156
ISS_110RF_FMOVIE002_PRIME,0,12616,2009-05-10T09:03:58,49.94,302.24,176.09,249.526,261.987,256.13,250.625,251.84,251.234,0.001,359.996,18.763,5.531809,5.761377,5.6389914,52.805702,66.2597,59.307636,56.305046,70.077415,63.25404,88.58032899,70.09,1.23833962,0.30193312,0.54843724,0.12043604
ISS_111RF_FMOVIE002_PRIME,0,9615,2009-05-26T09:08:14,0.0,359.98,243.29,273.659,285.544,277.409,293.838,294.69,294.246,339.813,351.706,343.163,5.235607,21.119284,5.815591,34.34401,38.285255,36.10141,92.94914,103.17809,97.95869,88.82511891,53.42,4.81671126,2.58589952,0.53555004,0.09109645
ISS_112RF_FMOVIE002_PRIME_1,0,9102,2009-06-10T11:51:26,0.0,359.98,205.66,115.15,122.15,119.543,334.647,335.459,335.058,139.691,147.502,144.485,4.214558,5.5319166,4.6161757,17.098747,21.66051,18.801378,97.7894,109.73838,104.14287,89.05793106,50.57,2.10932525,0.54194708,0.48479117,0.07122062
ISS_112RF_FMOVIE002_PRIME_2,0,6533,2009-06-10T19:18:22,0.0,359.98,187.52,294.479,299.046,295.509,335.485,336.071,335.772,318.676,323.56,319.737,5.1981945,5.9433274,5.297365,33.752274,34.878727,34.217014,109.64929,117.23621,113.52538,89.06137421,36.29,1.33945886,0.12221398,0.53525161,0.07660794
ISS_114RF_FMOVIEEQX001_PRIME,0,15013,2009-07-13T20:02:06,0.0,359.98,168.96,220.483,226.543,224.816,64.675,66.043,65.366,154.44,161.399,159.449,8.778051,9.724829,9.203712,88.16686,92.176735,90.24917,130.7217,132.91011,131.88232,89.57431509,83.41,1.08029432,0.22611809,0.7202342,0.14659511
ISS_115RF_FMOVIEEQX001_PRIME,0,15720,2009-07-30T01:05:34,0.0,359.98,181.57,231.507,240.887,236.823,108.448,109.864,109.159,121.643,132.439,127.664,9.999373,11.023145,10.384387,98.87824,101.838196,100.41331,117.34717,119.10134,118.220146,89.82384793,87.33,1.56071559,0.28648364,0.73771139,0.1341008
ISS_132RI_FMOVIE001_VIMS,0,15225,2010-05-31T23:02:54,32.6,347.02,194.39,262.026,277.616,267.793,214.495,215.919,215.179,47.066,61.696,52.614,7.372074,10.828643,8.097435,119.85024,125.546646,122.4768,79.423874,80.13897,79.854004,85.53846367,84.58,5.86788594,0.70614977,1.03342451,0.12405075
ISS_134RI_SPKMVDFHP001_PRIME,0,18000,2010-07-02T21:24:14,0.0,359.98,179.99,255.246,291.396,273.329,300.717,302.517,301.682,314.528,348.879,331.646,68.92824,107.16242,82.88335,123.15765,131.44096,127.269844,105.57593,107.69819,106.59308,85.06217696,100.0,4.27890961,1.13869474,1.22360558,0.33701456
ISS_166RI_FNTLPMOV001_PRIME,0,11935,2012-05-23T12:10:06,45.86,287.94,166.62,187.954,230.058,205.095,5.552,6.479,5.999,181.474,224.506,199.096,13.426476,69.47682,29.337059,45.53184,47.598915,46.64607,92.97794,93.59436,93.26659,75.57645192,66.31,8.09440372,1.55673166,0.46232716,0.09826425
ISS_168RF_FMOVIE001_PRIME,0,10739,2012-06-25T03:03:58,0.0,359.98,191.11,275.099,288.168,277.701,93.635,94.635,94.12,180.762,194.533,183.581,10.752375,14.074018,11.406589,108.71253,111.519875,110.10237,110.622635,111.00453,110.77292,75.17375467,59.66,2.75175832,0.84786621,0.97579617,0.30031504
ISS_168RI_SPOKEMOV001_PRIME,0,17977,2012-06-24T11:10:54,0.0,359.98,179.83,42.45,112.483,84.166,91.849,93.5,92.681,2.766,324.237,108.194,139.9789,217.64413,167.50711,97.227455,100.984695,98.93549,109.5648,111.241264,110.188515,75.18117857,99.87,2.27493473,0.71864474,0.78415115,0.24485291
ISS_172RF_FMOVIE001_PRIME,0,15384,2012-09-20T17:37:33,0.0,359.98,170.74,273.016,282.873,278.398,330.195,331.608,330.91,302.497,311.278,307.488,10.02026,10.9173,10.46127,110.86728,115.31748,113.05646,121.61432,122.18835,121.90318,74.11723353,85.47,1.91454991,0.54520205,1.01196019,0.28880225
ISS_172RI_EGAPMOVMP002_PRIME,0,18000,2012-10-01T13:11:25,0.0,359.98,179.99,226.247,236.735,231.73,0.005,359.986,134.032,226.811,237.221,231.518,14.31293,14.867898,14.572016,71.71768,74.50857,73.10989,114.71967,116.27462,115.507,73.98809547,100.0,1.6067658,0.47264476,0.69159625,0.20179874
ISS_172RI_SPOKEMOV001_PRIME,0,17975,2012-09-18T19:10:21,0.0,359.98,180.01,10.127,113.507,61.017,324.97,326.159,325.56,43.967,148.537,95.457,137.0731,215.97952,152.7103,92.01531,96.55973,93.304054,118.42712,121.81139,120.20675,74.14366588,99.86,1.46396536,0.42408415,0.73588215,0.21197226
ISS_172RI_SPOKEMOV002_PRIME,0,17393,2012-09-19T17:55:41,0.0,359.98,182.55,215.584,313.574,267.841,327.529,328.69,328.124,246.894,346.044,299.717,116.781425,209.69724,128.8351,103.059814,106.84696,105.34295,119.42218,122.141335,120.857925,74.13011311,96.63,1.78441953,0.50217157,0.91528112,0.25794322
ISS_173RF_FMOVIE001_PRIME_1,0,11455,2012-10-15T19:43:57,3.64,232.72,118.18,107.028,143.071,124.623,37.939,38.834,38.385,68.193,105.131,86.238,7.7177973,9.039368,8.032556,137.36513,142.12177,139.49869,123.75617,124.32153,124.07823,73.82718137,63.64,3.73060167,0.68718188,2.09051279,0.38591465
ISS_173RF_FMOVIE001_PRIME_2,0,11430,2012-10-16T03:46:37,3.48,232.06,117.77,302.032,337.462,319.886,38.844,39.74,39.293,262.291,298.618,280.593,7.213976,9.848021,7.8736725,153.2955,160.86551,157.2051,118.24112,123.41418,120.86071,73.82084172,63.5,10.17245429,1.95968605,5.18223828,0.84421356
ISS_173RI_SPOKEMOV001_PRIME,0,16948,2012-10-06T19:24:45,0.0,359.98,174.96,200.565,315.357,254.901,13.6,14.641,14.107,185.923,301.756,240.794,162.08391,258.85403,175.94937,91.36581,94.0043,93.09748,123.257065,125.589935,124.37885,73.92959462,94.16,1.40242622,0.37131433,0.79234738,0.21147051
ISS_173RI_SPOKEMOV002_PRIME,0,11764,2012-10-10T23:56:13,0.0,359.98,149.63,46.153,157.31,97.085,24.911,25.487,25.177,20.666,132.399,71.907,151.21317,245.30788,166.8382,103.17243,105.07287,103.90385,126.40171,129.7867,127.99094,73.88493179,65.36,1.38888485,0.38511537,0.8564232,0.24508208
ISS_173RI_SPOKEMOV003_PRIME,0,17988,2012-10-12T20:55:25,0.0,359.98,179.94,98.155,102.981,99.647,29.973,31.633,30.804,66.68,71.536,68.843,119.084625,128.26562,123.4622,112.39741,116.0775,114.20402,128.90048,129.15361,129.039,73.85836077,99.93,1.5664302,0.42248511,0.9865958,0.26605332
ISS_174RF_FRSTRCHAN001_PRIME_1,0,8991,2012-11-08T21:59:57,0.0,359.98,200.09,316.669,322.396,320.673,103.001,103.81,103.41,213.064,219.344,217.262,7.4197116,7.946328,7.661875,150.42447,156.162,153.24666,121.0525,123.744606,122.49844,73.54504831,49.95,7.83772912,1.4694472,4.20546199,0.76663383
ISS_174RF_FRSTRCHAN001_PRIME_2,0,8989,2012-11-09T05:18:21,0.0,359.98,199.89,133.81,139.652,136.229,103.822,104.631,104.223,29.61,35.83,32.005,6.4428396,7.2859817,6.800538,143.81628,149.51744,146.55736,119.1272,121.81354,120.56549,73.54318713,49.94,5.8463465,1.21179711,2.96820987,0.59875012
ISS_174RI_SPOKEMOV001_PRIME,0,17990,2012-11-02T19:58:21,0.0,359.98,180.0,57.429,105.749,83.821,86.571,90.078,88.92,8.763,335.03,148.546,151.90128,165.06659,159.4106,98.51032,104.230255,102.05203,127.401726,129.37733,128.09987,73.60604012,99.94,1.31783762,0.34012834,0.81292586,0.20923468
ISS_174RI_SPOKEMOV002_PRIME,0,17992,2012-11-05T10:47:25,0.0,359.98,180.03,98.742,107.354,102.992,93.638,95.291,94.475,3.496,13.527,8.517,124.2461,138.33453,130.43489,110.12398,113.58363,111.84388,128.50891,129.05482,128.7853,73.58369426,99.96,1.52450399,0.39488127,0.95497361,0.24734673
ISS_174RI_SPOKEMOV004_PRIME,0,15537,2012-11-07T23:09:17,0.0,359.98,187.09,99.908,168.979,120.231,100.431,101.552,100.926,0.015,359.995,21.228,87.80473,150.9529,96.19837,127.698395,132.20514,129.7268,125.03404,127.60181,126.78182,73.55633743,86.32,2.52774827,0.59686178,1.51338313,0.35844855
ISS_176RF_FMOVIE001_PRIME,0,15864,2012-12-06T18:33:01,0.0,359.98,181.88,0.004,359.999,121.099,178.218,179.89,179.039,175.862,191.764,183.534,8.231553,9.4269705,8.841733,103.36731,111.67881,107.340645,146.12524,148.36385,147.33643,73.22226133,88.13,1.10957023,0.36379958,0.93436743,0.30741797
ISS_177RF_FMOVIE001_PRIME_1,0,7288,2012-12-18T20:33:33,0.0,359.98,73.34,237.012,241.558,239.919,210.848,211.503,211.179,25.508,30.678,28.74,9.538636,9.729951,9.631234,93.81783,96.50203,95.16178,135.55908,136.70581,136.14035,73.08681601,40.49,1.1351432,0.30599182,0.81847921,0.2213401
ISS_177RF_FMOVIE001_PRIME_2,0,7252,2012-12-19T02:29:49,0.0,359.98,72.81,20.707,24.904,23.303,211.516,212.17,211.845,168.536,173.362,171.457,9.728523,10.032331,9.881184,89.2124,92.20657,90.66448,139.67523,141.3828,140.50934,73.08630497,40.29,0.97115277,0.2767538,0.74945407,0.21453105
ISS_177RF_FRSTRCHAN001_PRIME_1,0,8740,2012-12-25T02:34:37,0.0,359.98,208.72,180.677,193.977,190.324,227.726,228.475,228.115,312.201,326.25,322.209,5.7965064,10.681469,6.1930475,16.325441,21.399899,18.97593,75.7644,81.6374,78.85487,73.01643283,48.56,2.99114736,0.75797559,0.56927842,0.14600596
ISS_177RF_FRSTRCHAN001_PRIME_2,0,5702,2012-12-25T09:20:29,0.0,359.98,160.84,0.011,359.991,345.099,228.488,228.933,228.72,116.6,135.456,127.933,6.336169,16.550337,7.142919,9.754965,13.515151,11.742783,81.4745,84.341255,82.986046,73.01515412,31.68,5.19359385,1.33052446,0.62651673,0.15462306
ISS_177RI_SPOKEMOV001_PRIME,0,16189,2012-12-19T19:33:17,0.0,359.98,174.5,99.441,145.181,111.887,213.435,214.807,214.032,245.887,291.745,257.855,92.04292,121.25381,97.287346,94.82218,101.83739,97.88762,136.66621,139.70624,138.87408,73.07531617,89.94,1.12335046,0.29695241,0.84589401,0.22306047
ISS_178RI_SPOKEMOV001_PRIME,0,14368,2013-01-02T11:35:25,0.0,359.98,168.41,119.598,158.158,132.682,250.342,251.564,250.892,229.256,267.816,241.789,90.81138,114.30919,97.931175,100.09155,107.80132,103.5854,137.66391,139.63347,139.05974,72.92053377,79.82,1.15638475,0.31586719,0.87348214,0.23868383
ISS_179RF_FMOVIE001_PRIME,0,18000,2013-01-13T18:33:33,0.0,359.98,179.99,258.298,261.286,259.811,280.83,282.49,281.66,336.086,340.252,338.151,9.499176,10.25125,9.851367,87.332825,93.61426,90.42873,133.78603,136.84299,135.33896,72.7895668,100.0,1.07975058,0.26361634,0.7674438,0.18533292
ISS_179RF_FRINGPHOT001_VIMS,0,4080,2013-01-17T23:20:29,76.42,166.56,123.22,147.34,156.389,151.726,292.168,292.612,292.382,215.171,223.784,219.344,3.7163885,4.112118,3.9219794,151.91298,160.86594,156.1248,116.809944,123.91072,120.62839,72.74964398,22.67,10.81372145,2.57208712,5.46497489,1.13715998
ISS_179RI_SPOKEMOV001_PRIME,0,15782,2013-01-16T03:13:33,0.0,359.98,179.79,120.712,151.952,135.43,287.205,288.607,287.861,193.507,224.747,207.569,80.009895,102.193306,87.23155,104.78953,115.00646,109.41156,138.59177,140.21703,139.65872,72.76637166,87.68,1.19276159,0.27432252,0.90885765,0.20766806
ISS_180RF_FMOVIE001_PRIME,0,15102,2013-01-27T17:43:25,0.0,359.98,195.68,330.961,335.139,333.162,318.539,319.923,319.231,11.235,16.521,13.93,10.650917,11.657373,11.164672,90.55701,96.79743,93.62328,139.9578,142.78957,141.39217,72.63550749,83.9,0.96993054,0.22795861,0.75793791,0.17829353
ISS_180RF_HIRESFRNG001_PRIME,0,4225,2013-02-01T15:06:37,233.08,321.66,276.63,192.857,197.017,194.891,331.746,332.165,331.959,221.11,224.858,222.932,2.8328922,3.1786208,3.0009809,50.883926,66.65604,58.373302,22.25743,28.135237,24.699213,72.58488168,23.47,0.65245143,0.10725324,0.59222458,0.09579434
ISS_180RI_SPOKEMOV001_PRIME,0,7267,2013-01-28T17:14:05,0.0,359.98,226.0,117.18,157.48,125.152,321.185,321.694,321.371,155.995,196.295,163.78,103.38702,123.783966,108.364655,95.34546,98.09428,96.609505,136.5711,138.31725,137.74498,72.62954985,40.37,0.99014826,0.2608556,0.73229615,0.190522
ISS_180RI_SPOKEMOV002_PRIME,0,9760,2013-01-29T17:23:41,0.0,359.98,118.72,125.007,152.167,134.044,323.902,324.735,324.272,161.105,188.265,169.772,76.51943,93.655846,81.00798,109.12919,115.48814,111.98668,138.86534,140.49347,139.92291,72.61686938,54.22,1.27362973,0.32861422,0.9744696,0.25115994
ISS_181RF_FMOVIE001_PRIME,0,18000,2013-02-09T18:25:33,0.0,359.98,179.99,267.601,270.707,269.157,353.722,355.387,354.558,272.354,276.859,274.598,9.219322,10.140054,9.655862,90.82574,97.56108,94.149185,136.20964,139.1191,137.70361,72.4883592,100.0,1.05016304,0.30172648,0.7771014,0.22581917
ISS_181RF_FRINGPHOT001_VIMS,0,5938,2013-02-13T14:14:21,36.58,155.32,95.95,146.952,158.929,152.516,4.05,4.632,4.338,142.894,154.304,148.178,3.5631847,4.090131,3.8174372,151.95752,163.77673,157.67995,113.79813,123.57413,118.97335,72.45250301,32.99,11.5068527,3.31888694,5.4586169,1.25997067
ISS_181RF_FRINGPHOT002_VIMS,0,3230,2013-02-14T00:09:01,78.78,143.36,111.07,15.394,25.045,20.232,5.166,5.46,5.325,10.159,19.584,14.907,2.9567585,6.545725,3.215243,146.94185,156.39223,151.46407,93.43142,101.83554,97.42058,72.44949593,17.94,29.0471358,6.08202105,3.52669851,0.96100948
ISS_181RI_SPOKEMOV001_PRIME,0,6787,2013-02-11T17:03:25,36.16,171.9,104.02,119.183,151.043,127.734,358.968,359.48,359.174,120.214,152.074,128.559,85.205215,102.887,89.58117,103.88298,107.30724,105.45857,138.56526,140.23473,139.87206,72.4740867,37.71,1.13554031,0.31646945,0.86811764,0.24198839
ISS_183RF_FMOVIE001_PRIME_1,0,7354,2013-03-04T22:20:13,172.64,319.7,246.17,41.926,48.097,43.314,56.266,56.92,56.586,345.006,351.831,346.728,9.028205,9.494702,9.158773,68.72583,71.65326,70.20019,128.76418,131.20462,130.05482,72.24007351,40.86,0.88194931,0.18186526,0.56758541,0.11764449
ISS_183RF_FMOVIE001_PRIME_2,0,7265,2013-03-05T04:20:13,172.62,317.9,245.26,187.384,192.027,190.636,56.941,57.595,57.274,129.789,135.062,133.361,11.675706,12.087328,11.859964,77.63863,80.54489,79.09978,129.20105,130.99559,130.11111,72.23558738,40.36,0.9237989,0.19581918,0.59513485,0.12610397
ISS_183RI_SPOKEMOV001_PRIME,0,15219,2013-03-06T22:18:37,0.0,359.98,186.94,260.419,296.039,284.738,61.665,62.986,62.365,197.46,233.052,222.372,69.644615,76.22473,72.71104,104.80483,113.83578,109.44521,145.14442,148.62369,147.13538,72.21257526,84.55,1.14236735,0.27973474,0.95931116,0.23433634
ISS_184RF_FMOVIE001_PRIME,0,7122,2013-03-18T20:15:25,0.0,359.98,278.72,268.246,272.033,270.172,93.836,94.48,94.158,173.766,178.178,176.013,7.440614,7.692306,7.5705547,104.28167,108.375984,106.306656,144.8172,145.86829,145.36781,72.08515628,39.57,1.03208646,0.29398067,0.84916243,0.24133403
ISS_184RF_FMOVIE002_PRIME,0,13835,2013-03-27T13:23:41,0.0,359.98,199.25,5.742,11.39,9.781,117.366,118.626,118.002,247.116,254.0,251.778,9.6903715,10.294027,9.893764,55.682934,61.358875,58.46589,119.286896,123.87068,121.53997,71.99010974,76.86,1.16961776,0.36092284,0.60974448,0.18061491
ISS_184RI_SPOKEMOV002_PRIME,0,7138,2013-03-18T15:13:33,0.0,359.98,77.79,243.777,282.017,268.706,93.271,93.756,93.54,150.021,188.746,175.166,76.55938,80.73105,77.733345,100.81181,103.81022,102.46192,142.59576,145.41545,144.37555,72.08810272,39.66,1.10620904,0.32285526,0.89955139,0.26437464
ISS_189RF_FMOVIE001_PRIME,0,17765,2013-05-06T12:10:05,0.0,359.98,181.04,238.535,243.783,240.074,225.239,226.863,226.047,11.693,18.345,14.027,9.494303,12.679458,10.762525,52.63712,60.738384,56.65702,113.706856,120.48845,117.08035,71.55824127,98.69,1.6158572,0.72822839,0.7296057,0.31763969
ISS_191RF_FMOVIE002_PRIME,0,17247,2013-05-27T09:05:33,0.0,359.98,178.14,263.164,267.076,264.952,281.598,283.191,282.388,340.101,345.478,342.564,7.9023004,8.714614,8.2570715,84.380035,94.03475,89.120514,138.1009,143.55678,140.89316,71.33788599,95.82,1.10958196,0.47416617,0.86089211,0.36940215
ISS_193RF_FMOVIE001_PRIME_1,0,9787,2013-06-19T22:58:37,118.08,313.8,215.94,42.485,47.967,43.964,345.266,346.15,345.702,56.477,62.701,58.262,8.217124,8.687032,8.374863,69.54281,74.55601,72.0524,131.53119,135.62367,133.63536,71.09778927,54.37,0.95499642,0.28934064,0.6585114,0.20004311
ISS_193RF_FMOVIE001_PRIME_2,0,9754,2013-06-20T06:57:01,118.4,313.46,215.93,236.181,241.016,239.433,346.164,347.045,346.609,249.135,254.839,252.824,8.028353,8.13464,8.084354,83.54698,88.742905,86.15521,136.1953,139.2409,137.75516,71.0914951,54.19,1.04819614,0.32812424,0.7756586,0.24341568
ISS_194RF_FMOVIE001_PRIME_1,0,9730,2013-07-02T02:38:53,118.06,312.64,215.35,275.454,279.255,276.927,18.082,18.968,18.522,256.691,261.172,258.404,8.711221,9.461143,9.05413,81.46022,86.82729,84.13595,137.38524,140.81563,139.1067,70.96921747,54.06,1.06761655,0.34972078,0.8063501,0.26348019
ISS_194RF_FMOVIE001_PRIME_2,0,9748,2013-07-02T10:36:45,117.68,312.62,215.15,108.24,112.385,109.697,18.978,19.865,19.418,88.491,93.406,90.28,10.671611,11.923176,11.257779,76.9333,81.78164,79.324875,133.89517,137.18147,135.54958,70.96919907,54.16,0.98726387,0.30858066,0.70420205,0.22016887
ISS_196RF_FMOVIE003_PRIME,0,18000,2013-08-20T21:55:41,0.0,359.98,179.99,237.332,241.09,239.38,152.564,154.219,153.393,83.209,88.455,85.986,9.05703,10.37078,9.519645,58.616646,69.63074,64.25076,116.8634,124.67279,120.9233,70.46120992,100.0,1.47907084,0.60312029,0.75523965,0.31238554
ISS_196RF_FMOVIE004_PRIME,0,18000,2013-08-24T10:02:37,0.0,359.98,179.99,277.33,280.574,278.976,162.027,163.697,162.857,113.825,118.233,116.119,10.874667,11.367328,11.093456,108.600685,115.05646,111.8422,143.19888,143.5141,143.3812,70.42594371,100.0,1.38359716,0.57555675,1.1104833,0.46199129
ISS_196RF_FMOVIE005_PRIME,0,18000,2013-08-26T09:47:41,0.0,359.98,179.99,282.34,288.183,286.544,167.4,169.066,168.228,113.909,120.637,118.315,12.429727,13.419891,12.902433,128.11348,133.58563,130.85023,138.37102,140.74387,139.5808,70.40573876,100.0,2.35141722,1.04944843,1.78611247,0.78273784
ISS_196RF_FMOVIE006_PRIME,0,17648,2013-08-28T09:38:05,0.0,359.98,181.21,295.975,303.126,300.987,172.782,174.387,173.591,121.588,130.344,127.396,13.974835,16.007837,14.735412,145.29483,150.18694,147.76208,129.41565,132.78722,131.14664,70.38671283,98.04,5.71711333,1.98546701,3.75174592,1.27037094
ISS_197RF_FMOVIE002_PRIME,0,10726,2013-09-15T08:06:53,27.44,290.26,180.78,267.331,272.665,268.942,221.215,222.824,222.285,44.564,51.187,46.657,9.627328,9.95324,9.819954,90.37616,99.115814,96.271576,136.70831,139.7834,138.86128,70.20886193,59.59,1.20614887,0.58749327,0.90835242,0.44400563
ISS_197RF_FMOVIE007_PRIME,0,13802,2013-09-07T08:26:05,0.0,359.98,210.01,252.817,257.624,254.496,199.649,200.915,200.276,52.135,57.974,54.22,9.183665,11.619886,10.22001,104.98635,113.717384,109.47512,48.23601,54.425865,51.341568,70.28901193,76.68,1.92979862,0.77959633,1.20184458,0.4934071
ISS_198RF_FMOVIE001_PRIME_1,0,9826,2013-10-18T16:59:09,0.0,359.98,166.78,274.628,280.908,279.245,311.322,312.206,311.772,322.422,329.313,327.473,11.254852,12.275711,11.650926,118.365326,122.02884,120.249886,138.03105,139.08107,138.64993,69.88620464,54.59,1.5489308,0.36385992,1.16230884,0.2713579
ISS_198RF_FMOVIE001_PRIME_2,0,9850,2013-10-19T00:57:01,0.0,359.98,167.28,106.695,113.309,108.443,312.217,313.102,312.652,153.644,161.092,155.791,11.435349,11.804015,11.620848,113.75621,117.45198,115.58984,138.56026,139.09793,138.84578,69.886632,54.72,1.32288532,0.34448153,0.99590327,0.25888038
ISS_198RI_SPOKEMOV004_PRIME,0,17990,2013-10-19T10:08:29,0.0,359.98,179.96,104.186,170.598,117.209,313.252,314.666,313.84,150.833,217.345,163.368,117.29787,158.7275,122.95763,118.048744,123.41991,120.42838,135.84462,138.74379,137.66144,69.88010878,99.94,1.59771604,0.49950557,1.18098111,0.37101863
ISS_198RI_SPOKEMOV005_PRIME,0,18000,2013-10-21T14:05:17,0.0,359.98,179.99,129.399,150.03,137.371,319.097,320.722,319.873,168.939,190.933,177.498,143.08173,151.62459,146.56583,137.19066,141.4497,139.25615,128.75421,131.34447,130.072,69.85473444,100.0,3.53002652,1.03104728,2.26844843,0.64686736
ISS_199RI_EGAPMOVMP001_PRIME,0,7218,2013-11-25T04:05:17,0.84,358.6,206.1,67.066,71.681,69.326,52.479,53.529,52.983,13.87,19.08,16.343,13.257393,13.675642,13.467395,76.39858,80.067085,78.322685,41.996494,42.68636,42.332195,69.53212595,40.1,0.95481971,0.30810582,0.70588489,0.22809194
ISS_199RI_SPOKEMOV002_PRIME,0,18000,2013-11-11T12:25:33,0.0,359.98,179.99,195.349,201.766,198.522,15.615,18.742,17.533,178.265,183.933,180.989,222.39168,228.78323,224.48067,140.89691,144.16116,142.1771,75.299644,77.862305,76.30532,69.65195463,100.0,9.94221136,2.75558009,2.33963409,0.59612337
ISS_199RI_SPOKEMOV003_PRIME,0,18000,2013-11-14T01:20:29,0.0,359.98,179.99,199.224,206.31,202.799,22.469,24.115,23.296,175.109,182.595,179.502,214.64435,219.75577,216.75804,134.99564,136.91322,135.96587,70.7428,72.234535,71.4996,69.63316356,100.0,5.4866338,1.63873161,1.73720424,0.49858541
ISS_199RI_SPOKEMOV004_PRIME,0,17960,2013-11-16T02:25:33,0.0,359.98,180.04,203.549,211.289,207.519,27.991,29.646,28.831,173.902,181.751,178.688,203.87415,208.85341,206.10199,128.38899,130.50713,129.47249,65.77357,67.39022,66.60382,69.61375112,99.78,3.4656035,1.11778523,1.3759935,0.44832393
ISS_199RI_SPOKEMOV006_PRIME,0,17993,2013-11-19T07:44:29,0.0,359.98,180.02,209.158,220.441,214.175,36.69,39.353,38.007,170.642,182.814,176.168,181.60022,186.19533,183.66913,114.50801,118.8646,116.78087,55.922913,58.976788,57.516773,69.5790928,99.96,1.90836171,0.63901467,1.0237518,0.33953292
ISS_200RI_SPOKEMOV001_PRIME,0,18000,2013-12-18T03:06:05,0.0,359.98,179.99,185.858,218.178,203.354,114.474,115.995,115.241,69.863,103.703,88.113,160.62663,200.67801,162.61162,131.2402,134.74457,133.07881,66.96925,69.86302,68.44842,69.31398908,100.0,4.47969624,1.16175539,1.64266228,0.4167736
ISS_200RI_SPOKEMOV004_PRIME,0,18000,2013-12-23T06:21:49,0.0,359.98,179.99,205.274,216.588,210.512,128.344,132.002,129.594,73.271,88.21,80.918,149.49702,155.81853,152.44537,96.91786,106.358986,103.15246,43.71853,49.404163,47.370018,69.25955906,100.0,1.25557108,0.32711065,0.8488781,0.21791003
ISS_200RI_SPOKEMOV007_PRIME,0,7733,2014-01-05T04:03:41,0.0,359.98,200.37,125.897,170.265,134.909,163.188,163.7,163.383,0.017,359.997,315.046,79.73158,104.95725,85.5733,108.86038,113.6231,111.041565,135.50108,137.74586,137.21577,69.15241483,42.96,1.32168057,0.2938427,0.96888255,0.20990705
ISS_200RI_SPOKEMOV011_PRIME,0,18000,2014-01-14T01:18:21,0.0,359.98,179.99,154.73,230.469,196.895,187.179,188.499,187.859,0.011,359.991,42.816,152.13991,384.42917,174.78305,139.15523,142.9437,141.33115,73.34594,76.483925,74.96271,69.06728578,100.0,8.93612864,1.86048589,2.30444587,0.44001101
ISS_201RF_FMOVIE001_PRIME_1,0,9239,2014-01-29T23:03:57,174.82,359.58,267.2,129.136,135.924,133.968,230.131,230.959,230.552,258.177,265.76,263.415,11.125353,11.471792,11.272016,39.99559,43.434597,41.697998,45.705284,47.835052,46.69631,68.92659014,51.33,0.89706389,0.28163043,0.61455021,0.19041006
ISS_201RF_FMOVIE001_PRIME_2,0,9254,2014-01-30T06:30:53,174.56,359.62,267.09,309.604,316.398,312.208,230.969,231.797,231.38,77.807,85.429,80.828,10.563151,10.983821,10.73156,45.18901,48.57958,46.917366,47.013252,48.93127,47.9066,68.92073707,51.41,0.95243402,0.29478948,0.63780432,0.19501312
ISS_201RF_FMOVIE001_VIMS,0,16332,2014-02-05T17:27:57,0.0,359.98,177.04,304.328,328.73,317.51,248.404,250.003,249.213,55.924,78.727,68.296,6.189224,6.79337,6.4631104,125.84784,142.90323,134.7103,130.811,137.75243,134.6564,68.86049523,90.73,2.60250298,0.7866964,1.81293791,0.49362488
ISS_201RI_SPOKEMOV001_PRIME,0,17983,2014-01-20T19:18:21,0.0,359.98,180.01,196.786,207.019,202.723,205.407,208.588,206.401,0.001,359.999,338.144,175.05615,188.91362,180.86299,102.64325,108.85487,106.86793,47.67679,51.47166,50.211082,69.00046503,99.91,1.31583826,0.29111887,0.84162717,0.18538791
ISS_201RI_SPOKEMOV009_PRIME,0,18000,2014-02-11T23:47:41,0.0,359.98,179.99,195.296,203.178,199.237,265.316,266.984,266.14,289.936,296.551,293.097,133.66527,140.11166,136.81189,138.23828,142.33893,140.26024,72.59074,75.786804,74.15368,68.79866972,100.0,7.86882635,1.21423886,2.14209826,0.31197404
ISS_201RI_SPOKEMOV011_PRIME,0,18000,2014-02-14T17:17:17,0.0,359.98,179.99,137.164,203.615,193.194,272.686,274.048,273.473,223.116,290.93,279.721,158.64713,301.69754,183.11354,120.987686,125.94758,124.090355,60.51389,63.55519,62.239227,68.78294218,100.0,2.45688697,0.55733249,1.14074186,0.24519741
ISS_201RI_SPOKEMOV013_PRIME,0,18000,2014-02-16T17:28:29,0.0,359.98,179.99,171.85,234.272,217.579,278.107,279.487,278.864,252.362,316.165,298.714,164.30467,240.19597,169.77054,112.26335,116.53226,114.88178,54.411247,57.540413,56.246716,68.76437879,100.0,1.60652722,0.36829222,0.89165837,0.20097387
ISS_201RI_SPOKEMOV015_PRIME,0,18000,2014-02-18T18:08:29,0.0,359.98,179.99,190.71,217.426,212.452,283.583,285.13,284.395,265.58,293.796,288.056,175.09105,213.05583,181.67009,103.48609,106.974495,105.49403,49.266594,51.42041,50.52827,68.7460477,100.0,1.19516696,0.27803079,0.75974148,0.17672292
ISS_202RF_FMOVIE001_PRIME_1,0,8080,2014-03-01T22:16:29,192.16,353.74,272.95,144.354,151.663,146.337,313.75,314.466,314.101,189.935,197.913,192.236,12.655709,13.211689,12.853995,43.32638,45.634064,44.464645,46.39764,47.75121,47.12918,68.6507965,44.89,0.83575048,0.20966279,0.56842041,0.14216995
ISS_202RF_FMOVIE001_PRIME_2,0,7982,2014-03-02T04:46:53,192.64,352.26,272.45,299.87,307.937,305.963,314.482,315.186,314.844,344.684,353.428,351.118,12.381617,12.657766,12.524486,48.633156,50.684826,49.65359,47.75115,48.765152,48.257114,68.64551396,44.34,0.91593464,0.21051037,0.60968601,0.1397251
ISS_203RF_FMOVIE001_PRIME_1,0,10422,2014-04-13T09:58:53,0.0,359.98,134.47,193.587,211.096,203.013,68.478,69.364,68.924,124.223,142.618,134.088,10.140897,12.3987,10.49283,136.29405,140.02855,138.1803,71.94295,74.6551,73.29814,68.28010126,57.9,7.00456053,1.62543388,2.0029024,0.42480518
ISS_203RF_FMOVIE001_PRIME_2,0,10371,2014-04-13T17:56:45,0.0,359.98,134.27,26.797,43.174,36.216,69.375,70.26,69.823,316.536,333.799,326.392,10.689373,12.741827,11.015454,128.87276,131.98991,130.39366,70.17768,72.225296,71.17514,68.27874045,57.62,4.65973666,1.08020882,1.49839689,0.32621246
ISS_205RF_FMOVIE001_PRIME,0,16325,2014-06-22T08:27:09,0.0,359.98,195.56,68.159,76.185,69.817,257.323,258.802,258.052,169.419,178.862,171.765,13.224895,14.064452,13.40387,105.361244,109.429504,107.39444,52.826958,55.04862,53.921158,67.69999625,90.69,1.5382378,0.47807666,0.90484648,0.27856098
ISS_206RI_BMOVIE001_PRIME,0,14816,2014-07-17T13:26:21,10.7,307.0,158.85,268.743,307.51,288.082,325.392,326.741,326.108,303.351,340.768,321.973,52.6411,58.06238,53.801533,96.37486,117.7676,107.7813,134.8177,138.53831,137.15097,67.49529941,82.31,1.37596937,0.46088463,1.00790254,0.33388661
ISS_207RF_FMOVIE001_PRIME,0,15525,2014-08-16T11:01:17,0.0,359.98,181.89,232.851,238.198,234.498,46.126,47.543,46.829,185.655,192.071,187.669,7.983392,12.837035,9.713547,46.62599,57.76026,51.97395,109.50784,117.2124,113.27326,67.26247485,86.25,1.68959675,0.57947102,0.66479444,0.22774804
ISS_208RF_FMOVIE001_PRIME_1,0,6323,2014-09-20T13:16:13,0.0,359.98,196.44,50.729,52.529,51.62,140.889,141.467,141.177,269.332,271.64,270.442,6.550438,7.6519656,7.066825,131.76598,142.56451,137.26624,126.57307,132.69139,129.7095,67.00169382,35.13,3.08789985,0.84440456,1.95577466,0.47778383
ISS_208RF_FMOVIE001_PRIME_2,0,3234,2014-09-20T18:29:17,0.0,359.98,66.85,178.88,181.782,179.788,141.475,141.763,141.616,37.124,40.308,38.172,8.572218,8.899827,8.687759,134.25821,137.96172,136.098,116.47978,118.707985,117.62076,66.99994218,17.97,3.80736686,0.72081591,1.76087885,0.31211797
ISS_208RF_FMOVIE002_PRIME_1,0,9234,2014-09-26T08:25:33,98.62,283.28,190.95,42.473,55.805,49.629,156.544,157.34,156.944,245.133,259.26,252.684,13.796762,14.635373,13.986985,117.25778,118.91411,118.076546,61.91248,62.883057,62.391705,66.95789347,51.3,2.75842536,0.9977245,1.2774068,0.45815387
ISS_208RF_FMOVIE002_PRIME_2,0,8854,2014-09-26T15:33:49,106.16,283.22,194.69,214.626,228.751,221.885,157.348,158.104,157.726,56.522,71.403,64.158,14.142856,14.909653,14.318316,119.60818,121.42664,120.53173,60.9174,62.149433,61.53378,66.9534829,49.19,3.00458827,1.0520541,1.43121515,0.49749477
ISS_209RF_FMOVIE001_PRIME_1,0,8218,2014-10-27T01:33:17,51.98,216.32,134.15,204.027,223.001,213.607,239.48,240.154,239.816,323.873,343.522,333.79,13.132011,15.2928,13.433349,132.59317,134.34586,133.49161,70.939995,72.11834,71.528046,66.73163287,45.66,6.23484794,1.27698419,1.97441803,0.40080753
ISS_209RF_FMOVIE001_PRIME_2,0,7784,2014-10-27T07:45:01,96.62,252.28,174.45,29.221,49.363,42.869,240.176,240.821,240.508,148.416,169.186,162.361,13.562066,17.364315,13.899236,127.75244,129.06482,128.3963,70.41649,71.15811,70.785515,66.73153946,43.24,4.92085103,1.24016004,1.61919885,0.40819888
ISS_211RF_FMOVIE001_PRIME,0,18000,2015-01-03T18:11:09,0.0,359.98,179.99,273.918,285.764,281.592,64.968,66.61,65.81,207.308,220.173,215.782,13.462647,14.320379,13.894261,79.82076,82.62046,81.28463,61.409332,61.785683,61.594963,66.24943722,100.0,1.53173479,0.38478191,0.72868366,0.18332267
ISS_211RF_HIRESFRNG001_PRIME,0,3936,2015-01-10T03:44:29,163.78,243.24,203.62,29.374,45.163,37.251,82.245,82.677,82.46,307.128,322.486,314.791,4.560072,5.770445,5.1163225,113.77623,124.84391,119.536545,120.33895,125.13004,122.81569,66.2128038,21.87,2.05042517,0.45478159,1.10736036,0.23787638
ISS_211RI_EGAPMOVMP001_PRIME,0,18000,2015-01-02T23:46:37,0.0,359.98,179.99,270.407,286.39,279.144,62.896,64.643,63.743,207.511,221.747,215.4,14.504074,15.63655,15.03931,83.09536,85.64402,84.4151,61.174038,61.641888,61.416264,66.25433559,100.0,1.53875855,0.38893385,0.73623322,0.18624936
ISS_212RF_FMOVIE001_PRIME_1,0,8085,2015-02-07T00:23:57,168.82,330.5,249.66,117.69,131.555,119.791,157.474,158.161,157.795,319.766,334.081,321.996,10.734475,15.12916,11.462125,75.76962,77.89236,76.867195,70.60591,71.121765,70.97708,66.02997653,44.92,1.90236258,0.43072549,0.62010819,0.14045429
ISS_212RF_FMOVIE001_PRIME_2,0,8051,2015-02-07T06:36:45,173.8,334.8,254.3,273.644,286.593,284.035,158.173,158.86,158.536,114.783,128.419,125.499,10.054861,11.871061,10.374814,82.14864,84.19564,83.23394,71.03849,71.37874,71.267746,66.02406033,44.73,2.12731556,0.50239017,0.68321881,0.16156938
ISS_213RF_FMOVIE001_PRIME,0,18000,2015-03-09T16:04:13,0.0,359.98,179.99,266.555,275.734,271.187,240.246,242.428,241.583,25.173,33.769,29.604,12.138697,14.255444,12.771304,99.512375,103.11554,100.98716,81.44681,81.5324,81.49107,65.82725132,100.0,4.99090017,0.86690117,0.73847203,0.12830753
ISS_213RF_FMOVIE002_PRIME,0,16867,2015-03-10T22:27:09,0.0,359.98,172.9,261.259,290.838,277.236,243.664,245.092,244.383,16.166,47.173,32.852,10.249393,23.49357,11.360293,93.58024,97.14499,95.534195,81.3288,81.65801,81.51417,65.82102701,93.71,4.73372292,0.85587067,0.69847221,0.12589941
ISS_231RI_EGAPMOVMP001_PRIME,0,17050,2016-02-06T01:18:20,0.0,359.98,177.26,81.969,116.378,95.417,60.468,62.068,61.217,20.486,54.587,34.199,13.746413,29.524843,17.187834,101.202,103.59234,102.46431,80.50317,81.32534,80.97698,64.16139157,94.72,4.84777637,1.19971329,0.75871487,0.18035829
ISS_232RF_FMOVIE001_PRIME,0,17143,2016-02-10T00:41:00,13.1,355.94,184.52,104.593,126.711,117.507,71.199,72.687,71.952,31.905,55.511,45.554,11.481407,16.93175,11.909365,83.92955,86.85336,85.40056,76.54814,77.19771,76.88451,64.14686066,95.24,2.97427939,0.79961288,0.67533193,0.184851
ISS_232RI_EGAPMOVMP001_PRIME_1,0,17075,2016-02-21T02:05:16,0.0,359.98,178.33,260.91,287.954,267.513,101.059,102.519,101.758,158.391,186.895,165.755,14.209195,24.827389,16.374704,106.38403,108.92212,107.70666,77.85095,78.94524,78.33247,64.10185962,94.86,4.43247593,1.50549759,0.89524187,0.30109359
ISS_232RI_EGAPMOVMP001_PRIME_2,0,7626,2016-02-21T15:15:08,0.0,359.98,202.04,87.989,115.963,101.922,102.541,103.162,102.867,0.001,359.997,219.039,14.515591,22.718449,15.795279,99.917725,100.87405,100.358315,77.64943,78.07555,77.82802,64.105313,42.37,3.68105522,1.24079381,0.77612678,0.26116834
ISS_233RF_FMOVIE001_PRIME_1,0,9489,2016-03-06T01:38:04,0.0,359.98,237.8,321.289,333.343,325.476,138.813,139.638,139.216,181.65,194.529,186.259,10.518352,11.897789,10.808328,56.568653,58.669434,57.67007,67.89309,68.37892,68.090225,64.05271963,52.72,1.55409113,0.5291678,0.57968655,0.1955596
ISS_234RF_FMOVIE001_PRIME,0,7895,2016-04-01T01:26:20,0.0,359.98,225.8,344.469,352.372,348.824,208.997,209.695,209.347,135.198,143.374,139.476,6.1100545,7.043911,6.4627714,35.326946,39.73028,37.627266,68.87797,69.68037,69.271835,63.96443256,43.86,1.628871,0.43950937,0.57663707,0.15691935
ISS_234RI_EGAPMOVMP001_PRIME,0,15917,2016-04-07T23:05:00,0.0,359.98,165.11,263.616,283.366,270.319,227.633,229.04,228.332,34.575,54.845,41.987,13.082034,17.765932,13.646184,106.893166,110.06378,108.48809,74.10006,75.67508,74.83821,63.94114334,88.43,3.50597873,1.06855241,0.91661736,0.28060736
ISS_235RF_FMOVIE001_PRIME,0,16000,2016-05-01T13:42:20,0.0,359.98,162.3,0.007,359.997,6.056,291.384,292.829,292.112,65.604,75.707,71.761,8.450355,9.797398,9.021474,20.862438,26.41641,23.761145,64.953384,66.837,65.869354,63.86632767,88.89,1.4997855,0.62260066,0.61218796,0.25014013
ISS_235RF_FMOVIE002_PRIME_1,0,9191,2016-05-09T19:29:32,0.0,359.98,172.83,265.03,280.971,270.804,313.638,314.416,314.017,310.613,327.333,316.787,12.677799,14.446415,12.927545,104.742325,106.92084,105.85608,69.001465,70.36927,69.64661,63.84103711,51.06,2.74295497,1.3754356,0.95135226,0.46429431
ISS_235RF_FMOVIE002_PRIME_2,0,8546,2016-05-10T02:30:52,0.0,359.98,169.06,75.929,87.247,85.123,314.428,315.168,314.814,120.761,132.71,130.308,15.410838,20.532999,16.48582,97.38935,99.060394,98.19661,68.625145,69.498184,69.05006,63.84406509,47.48,2.2863361,1.35827167,0.81553891,0.47534749
ISS_236RF_FMOVIE002_PRIME,0,18000,2016-06-10T12:09:00,0.0,359.98,179.99,96.525,106.415,100.307,39.22,40.874,40.026,57.291,67.195,60.28,11.547909,12.236389,11.893888,94.95597,99.67166,97.32922,62.971207,65.874016,64.42025,63.75267241,100.0,1.90232831,0.91881572,0.81767144,0.38555308
ISS_237RI_EGAPMOVMP001_PRIME,0,4970,2016-07-01T23:54:04,0.0,359.98,161.82,229.025,263.65,252.472,97.246,98.598,97.643,131.663,165.786,154.828,8.182882,23.933767,13.18368,127.52505,135.42613,132.9978,78.658295,83.992,82.29151,63.69176183,27.61,-4.34027179,13.22354783,-0.57600627,1.61500477
ISS_239RF_FMOVIE001_PRIME,0,17383,2016-08-02T13:36:28,0.0,359.98,174.58,146.658,152.368,150.644,182.497,184.085,183.297,322.572,329.818,327.347,9.80834,10.195449,9.986515,47.273117,53.583763,50.453606,40.94633,41.46487,41.084656,63.61705125,96.57,0.77394796,0.25729767,0.58337374,0.19401955
ISS_239RF_FMOVIE002_PRIME_1,0,9230,2016-08-12T12:44:44,0.0,359.98,231.68,253.618,262.282,256.256,209.402,210.219,209.802,43.399,52.879,46.453,9.052434,9.449622,9.117744,112.996994,116.5951,114.79808,64.209656,67.16621,65.65117,63.59093806,51.28,2.3037255,0.36472042,0.94827296,0.14358924
ISS_239RF_FMOVIE002_PRIME_2,0,6413,2016-08-12T20:09:32,0.0,359.98,231.18,72.968,80.246,78.514,210.236,210.811,210.526,222.169,229.923,227.987,9.884166,11.197221,10.207408,103.621315,105.95612,104.7819,63.087536,64.83276,63.953632,63.59363188,35.63,1.70534119,0.28314507,0.74923351,0.12778055
ISS_239RI_HIRESAFRG001_PRIME_1,0,5147,2016-08-07T15:05:00,92.46,195.38,143.92,85.038,86.798,85.974,196.164,196.636,196.399,248.685,250.524,249.575,3.3018415,3.474798,3.352392,74.974144,90.29974,82.518456,123.76395,134.97678,129.39525,63.6059267,28.59,1.14162594,0.22805452,0.72674058,0.16608932
ISS_240RF_FMOVIE002_PRIME,0,10123,2016-08-23T01:03:56,0.0,359.98,231.74,238.526,257.664,245.69,237.789,238.641,238.205,0.004,359.984,7.699,8.04703,14.6343,8.419161,130.0208,134.64882,132.41916,77.31096,81.14055,79.23729,63.56779688,56.24,7.71055214,1.46469365,1.41569799,0.17022321
ISS_241RF_FMOVIE001_PRIME,0,11232,2016-08-29T18:07:56,0.0,359.98,191.31,190.388,191.965,191.185,255.913,257.796,256.694,292.792,296.029,294.491,5.167997,5.626203,5.3311453,10.818474,33.586044,24.166441,36.83636,53.29031,42.343647,63.55476414,62.4,0.8518574,0.36534034,0.61754152,0.23318745
ISS_242RF_FMOVIE001_PRIME,0,18000,2016-09-17T00:59:40,0.0,359.98,179.99,69.302,73.19,71.178,305.29,306.954,306.116,122.47,127.846,125.062,10.377032,11.727102,11.102288,107.60535,114.32128,110.961426,65.44092,70.582344,67.990616,63.51643725,100.0,2.45129948,0.72361852,0.91266821,0.24591423
ISS_243RF_FMOVIE001_PRIME_1,0,8072,2016-09-22T09:59:56,106.3,267.72,187.01,163.018,166.401,164.74,319.802,320.538,320.171,202.584,206.516,204.568,6.0937634,6.311735,6.198698,32.428215,39.947304,36.26938,36.96676,40.065815,38.401318,63.50922781,44.84,0.78586273,0.26293907,0.61519243,0.2044698
ISS_243RF_FMOVIE001_PRIME_2,0,7661,2016-09-22T17:06:36,106.72,267.82,188.86,335.763,338.961,337.349,320.603,321.339,320.963,14.662,18.303,16.386,5.0531354,5.5781736,5.31269,40.17928,48.0632,44.3316,36.845634,38.811867,37.677372,63.50314247,42.56,0.7445408,0.26293864,0.58892777,0.20730611
ISS_246RF_FMOVIE002_PRIME,0,18000,2016-10-27T16:29:48,0.0,359.98,179.99,105.75,110.567,108.168,55.043,56.704,55.878,49.448,55.312,52.289,9.804983,13.083691,11.218302,109.38069,116.7132,113.035416,63.738018,69.79213,66.745224,63.44396357,100.0,2.43588215,0.78548764,0.95462082,0.29662949
ISS_253RF_FMOVIE001_PRIME_2,0,18000,2016-12-17T00:10:04,0.0,359.98,179.99,232.865,236.851,234.966,190.918,192.661,191.766,40.267,45.856,43.199,5.335937,6.9301267,6.1798143,110.22982,120.766426,116.05275,53.722088,64.058235,59.462284,63.36915224,100.0,2.13888814,0.53806387,1.07693438,0.24511355
ISS_256RF_FMOVIE001_PRIME_1,0,9478,2017-01-07T17:49:47,0.0,359.98,123.2,233.087,236.749,235.455,249.61,250.476,250.046,342.61,347.08,345.409,5.5352883,6.3384356,5.940137,112.469666,118.05002,115.41462,55.420883,60.881496,58.303356,63.3439571,52.66,2.09562305,0.55593681,1.09722504,0.27720343
ISS_256RF_FMOVIE001_PRIME_2,0,9438,2017-01-08T01:40:11,0.0,359.98,122.67,63.299,66.328,65.076,250.492,251.354,250.926,171.945,175.684,174.149,6.013364,6.9578905,6.489343,97.66925,105.114975,101.576,53.83233,58.78372,56.37978,63.34256752,52.43,1.51726239,0.43160846,0.83793396,0.23087964
ISS_260RF_FMOVIE001_PRIME,0,18000,2017-02-05T04:25:31,0.0,359.98,179.99,237.849,242.335,240.826,326.411,328.062,327.241,269.787,275.916,273.584,5.253585,6.4639473,5.8988414,112.16535,122.0187,117.47524,54.494164,64.089775,59.689114,63.31564197,100.0,2.12469632,0.62957548,1.06101111,0.28634787
ISS_265RF_FMOVIE001_PRIME,0,5378,2017-03-12T00:02:03,20.12,346.28,208.89,225.172,234.12,231.559,60.424,61.043,60.76,164.597,173.68,170.798,7.941577,9.971021,8.363915,131.81166,134.44745,133.11726,72.479385,74.887436,73.6626,63.29112939,29.88,5.59580919,0.94745509,1.57139175,0.2583591
ISS_272RF_FMOVIE001_PRIME,0,9740,2017-05-01T01:44:27,0.0,359.98,183.9,234.766,245.002,238.256,195.629,196.491,196.05,38.867,49.373,42.206,5.9218273,7.388808,6.266039,133.5411,136.66013,135.12804,72.45559,75.532684,74.00778,63.27121472,54.11,6.39736684,1.0020598,1.76305595,0.2947294
ISS_274RF_FMOVIE001_PRIME,0,6315,2017-05-13T13:46:35,0.0,359.98,267.16,233.098,243.667,234.761,229.386,229.923,229.638,3.174,14.28,5.123,6.742183,8.852525,6.9256954,138.36314,140.08406,139.20816,76.47431,78.154076,77.28317,63.2696397,35.08,9.36967997,1.30443948,2.06148534,0.29023184
ISS_274RF_FMOVIE002_PRIME,0,14025,2017-05-14T00:07:23,50.36,330.84,190.6,83.7,89.38,85.097,230.551,231.827,231.181,212.137,218.829,213.915,5.835616,9.26524,7.0522337,124.29854,130.2341,127.488785,69.67076,74.29074,72.14959,63.26926629,77.92,4.09429576,1.17654262,1.2374879,0.30615391
ISS_276RI_HIRESAFRG001_PRIME,0,3557,2017-05-28T01:29:31,0.0,359.98,250.42,60.491,235.303,154.257,268.508,268.838,268.671,151.652,326.794,245.585,3.0698972,4.376263,3.6898506,106.06402,120.46378,113.80115,55.721294,59.725403,57.89206,63.2676509,19.76,1.95089404,0.69631563,1.04172388,0.38552296
ISS_283RA_COMPLITA2001_CIRS,0,6167,2017-07-12T01:23:07,51.2,174.52,112.86,50.769,99.56,77.572,30.006,30.352,30.191,20.416,69.553,47.38,38.69239,54.339844,42.846634,116.737564,121.113976,119.10166,60.315117,63.838013,62.258884,63.27845796,34.26,1.88941851,0.43948757,0.87832905,0.20258706
ISS_289RF_FMOVIE001_PRIME,0,18000,2017-08-18T21:23:07,0.0,359.98,179.99,222.095,228.903,224.578,132.167,133.825,132.992,89.784,95.931,91.585,5.322594,7.1421647,6.075558,131.32793,136.96347,134.34467,68.29186,74.13256,71.40446,63.29941341,100.0,5.33184441,1.84957695,1.66885495,0.48213074
ISS_292RF_FMOVIE001_PRIME,0,18000,2017-09-06T11:47:07,0.0,359.98,179.99,39.016,48.148,44.438,182.39,184.02,183.21,214.995,225.668,221.228,7.207598,9.082822,7.8918123,138.14133,142.22586,140.25134,75.01581,78.931404,77.02246,63.31048407,100.0,9.24268783,2.20198231,2.05321358,0.44470286
