Occultation Name,Ring Event Start Time,Ring Event End Time,Ring Event Mean Time,RevNo,Observation Name,Star Name,Direction,Minimum Wavelength,Maximum Wavelength,Data Quality Score,Minimum Inertial Longitude,Maximum Inertial Longitude,Mean Inertial Longitude,Minimum Co-Rot Longitude,Maximum Co-Rot Longitude,Mean Co-Rot Longitude,Ring Elevation,Lowest Detectable Opacity,Highest Detectable Opacity,Prometheus Distance,Equivalent Tau,Core30 ED,Core50 ED,Full ED,Before ISS ObsName,Before ISS Delta,After ISS ObsName,After ISS Delta
UVIS_HSP_2005_139_126TAU_E,2005-05-19T14:14:02,2005-05-19T14:20:08,2005-05-19T14:17:05,8,UVIS_008ST_UR26TAU002_PRIME,126 TAU,EGRESS,110,190,FAIR,227.12,227.34,227.234,242.417,244.664,243.545,-21.1,0.02,9.34,403.705,0.061,5.327,6.384,12.731,ISS_007RI_HPMRDFMOV001_PRIME,15.43,,497.55
UVIS_HSP_2005_141_ALPVIR_I,2005-05-21T05:06:49,2005-05-21T05:07:52,2005-05-21T05:07:20,8,UVIS_008ST_URALPVIR001_PRIME,ALP VIR,BOTH,110,190,GOOD,281.01,281.7,281.352,75.778,76.048,75.912,17.3,0.01,10.61,403.366,0.025,2.619,2.683,4.448,ISS_007RI_HPMRDFMOV001_PRIME,17.05,,495.93
UVIS_HSP_2005_141_ALPVIR_E,2005-05-21T06:27:34,2005-05-21T06:28:37,2005-05-21T06:28:05,8,UVIS_008ST_URALPVIR001_PRIME,ALP VIR,BOTH,110,190,GOOD,346.52,347.2,346.86,108.651,108.916,108.784,17.3,0.01,10.61,403.319,0.028,3.041,3.059,5.213,ISS_007RI_HPMRDFMOV001_PRIME,17.1,,495.88
UVIS_HSP_2005_141_DELAQR_E,2005-05-21T22:50:48,2005-05-21T22:52:16,2005-05-21T22:51:32,8,UVIS_008ST_URDELAQR001_PRIME,DEL AQR,EGRESS,110,190,POOR,85.67,85.78,85.725,169.848,170.547,170.198,12.2,0.13,3.12,402.845,0.039,3.675,4.092,7.812,ISS_007RI_HPMRDFMOV001_PRIME,17.79,,495.19
UVIS_HSP_2005_159_ALPLEO_I,2005-06-08T05:05:59,2005-06-08T05:07:09,2005-06-08T05:06:34,9,UVIS_009ST_URALPLEO001_PRIME,ALP LEO,BOTH,110,190,GOOD,350.3,350.89,350.6,109.581,110.646,110.119,-9.5,0.01,8.29,399.715,0.038,3.73,3.982,7.987,,35.05,,477.93
UVIS_HSP_2005_175_126TAU_I,2005-06-24T00:42:49,2005-06-24T00:48:55,2005-06-24T00:45:52,10,UVIS_010ST_UR26TAU001_PRIME,126 TAU,INGRESS,110,190,FAIR,100.69,100.9,100.793,13.121,15.376,14.247,-21.1,0.03,3.74,399.658,0.049,3.806,5.094,12.874,,50.87,,462.11
UVIS_HSP_2005_195_SIGSGR_I,2005-07-14T22:59:49,2005-07-14T23:01:19,2005-07-14T23:00:34,11,UVIS_011ST_URSIGSGR001_PRIME,SIG SGR,INGRESS,110,190,GOOD,268.94,269.21,269.075,243.67,244.013,243.841,29.1,0.01,7.14,398.409,0.042,4.046,4.388,5.509,,71.79,,441.19
UVIS_HSP_2005_232_ALPSCO_I,2005-08-20T11:11:53,2005-08-20T11:13:20,2005-08-20T11:12:36,13,UVIS_013ST_ALPSCOOCC001_VIMS,ALP SCO,BOTH,110,190,POOR,276.22,276.69,276.454,244.613,244.726,244.669,32.2,-1.0,-1.0,389.328,0.043,3.937,4.512,3.973,,108.3,,404.68
UVIS_HSP_2005_232_ALPSCO_E,2005-08-20T14:17:02,2005-08-20T14:18:26,2005-08-20T14:17:44,13,UVIS_013ST_ALPSCOOCC001_VIMS,ALP SCO,BOTH,110,190,POOR,9.76,10.22,9.989,263.33,263.441,263.386,32.2,-1.0,-1.0,389.328,0.081,8.117,8.879,10.809,,108.43,,404.55
UVIS_HSP_2006_252_LAMCET_I,2006-09-09T05:58:50,2006-09-09T06:00:29,2006-09-09T05:59:40,28,UVIS_028ST_URLAMCET001_PRIME,LAM CET,INGRESS,110,190,POOR,14.93,15.18,15.054,333.137,334.055,333.595,-15.4,0.03,5.45,314.616,0.058,5.427,6.029,8.15,,495.79,ISS_029RF_FMOVIE001_VIMS,19.9
UVIS_HSP_2006_269_LAMSCO_E,2006-09-27T03:21:59,2006-09-27T03:26:28,2006-09-27T03:24:14,29,UVIS_029ST_URLAMSCO001_PRIME,LAM SCO,EGRESS,110,190,GOOD,358.91,359.24,359.075,344.343,345.824,345.082,41.7,0.01,12.51,309.383,0.03,2.739,3.117,7.78,,513.69,ISS_029RF_FMOVIE002_VIMS,3.06
UVIS_HSP_2006_311_GAMPEG_I,2006-11-07T18:31:02,2006-11-07T18:32:56,2006-11-07T18:31:59,32,UVIS_032ST_URGAMPEG001_PRIME,GAM PEG,INGRESS,110,190,GOOD,87.32,87.76,87.537,325.992,326.328,326.161,-20.3,0.01,8.03,295.785,0.061,6.175,6.742,12.611,ISS_031RF_FMOVIE001_VIMS,6.71,ISS_033RF_FMOVIE001_VIMS,18.22
UVIS_HSP_2006_325_ALPARA_I,2006-11-21T19:07:01,2006-11-21T19:10:19,2006-11-21T19:08:40,33,UVIS_033ST_URALPARA001_PRIME,ALP ARA,INGRESS,110,190,GOOD,221.52,221.55,221.537,217.153,218.514,217.836,54.4,0.01,7.53,294.283,0.029,2.748,3.078,4.444,ISS_032RF_FMOVIE001_VIMS,8.77,ISS_033RF_FMOVIE001_VIMS,4.2
UVIS_HSP_2006_337_ALPVIR_I,2006-12-03T02:05:24,2006-12-03T02:06:00,2006-12-03T02:05:42,34,UVIS_034ST_URALPVIR001_PRIME,ALP VIR,BOTH,110,190,GOOD,206.1,206.35,206.225,112.133,112.624,112.378,17.3,-1.0,-1.0,294.655,0.04,3.872,4.206,7.126,ISS_033RF_FMOVIE001_VIMS,7.09,ISS_036RF_FMOVIE001_VIMS,20.63
UVIS_HSP_2006_337_ALPVIR_E,2006-12-03T04:05:05,2006-12-03T04:05:41,2006-12-03T04:05:23,34,UVIS_034ST_URALPVIR001_PRIME,ALP VIR,BOTH,110,190,GOOD,89.8,90.06,89.929,307.464,307.965,307.713,17.3,-1.0,-1.0,294.655,0.051,5.226,5.66,11.213,ISS_033RF_FMOVIE001_VIMS,7.17,ISS_036RF_FMOVIE001_VIMS,20.55
UVIS_HSP_2006_337_ETALUP_E,2006-12-03T16:39:36,2006-12-03T16:42:58,2006-12-03T16:41:17,34,UVIS_034ST_URETALUP001_PRIME,ETA LUP,BOTH,110,190,GOOD,104.99,105.48,105.233,16.606,18.454,17.527,44.5,-1.0,-1.0,294.613,0.033,2.873,3.326,7.466,ISS_033RF_FMOVIE001_VIMS,7.7,ISS_036RF_FMOVIE001_VIMS,20.02
UVIS_HSP_2006_350_KAPCEN_E,2006-12-17T00:52:15,2006-12-17T00:55:28,2006-12-17T00:53:51,35,UVIS_035ST_URKAPCEN001_PRIME,KAP CEN,EGRESS,110,190,GOOD,17.0,17.18,17.088,84.226,85.345,84.784,48.5,0.01,8.1,295.401,0.032,2.893,3.253,5.841,ISS_033RF_FMOVIE001_VIMS,21.04,ISS_036RF_FMOVIE001_VIMS,6.68
UVIS_HSP_2006_352_ALPARA_E,2006-12-18T17:40:08,2006-12-18T17:45:09,2006-12-18T17:42:38,35,"UVIS_035ST_URALPARA002_PRIME,UVIS_035ST_URALPARA001_PRIME",ALP ARA,BOTH,110,190,GOOD,20.55,20.72,20.638,177.747,179.6,178.676,54.4,0.01,7.76,295.241,0.048,4.939,5.202,10.998,ISS_033RF_FMOVIE001_VIMS,22.74,ISS_036RF_FMOVIE001_VIMS,4.98
UVIS_HSP_2006_363_GAMPEG_I,2006-12-29T09:01:13,2006-12-29T09:02:53,2006-12-29T09:02:03,36,UVIS_036ST_URGAMPEG001_PRIME,GAM PEG,BOTH,110,190,GOOD,86.56,87.0,86.78,173.49,173.727,173.608,-20.3,0.01,10.14,295.595,0.031,2.948,3.239,7.898,ISS_036RF_FMOVIE001_VIMS,5.66,ISS_036RF_FMOVIE002_VIMS,7.51
UVIS_HSP_2006_363_GAMPEG_E,2006-12-29T12:38:33,2006-12-29T12:40:12,2006-12-29T12:39:23,36,UVIS_036ST_URGAMPEG001_PRIME,GAM PEG,BOTH,110,190,GOOD,172.87,173.3,173.085,171.961,172.202,172.081,-20.3,0.01,10.15,295.595,0.04,3.846,4.205,9.836,ISS_036RF_FMOVIE001_VIMS,5.81,ISS_036RF_FMOVIE002_VIMS,7.36
UVIS_HSP_2007_002_KAPCEN_I,2007-01-02T15:14:37,2007-01-02T15:17:52,2007-01-02T15:16:15,36,UVIS_036ST_URKAPCEN001_PRIME,KAP CEN,INGRESS,110,190,GOOD,215.99,216.05,216.021,343.075,344.453,343.765,48.5,0.01,7.59,294.979,0.049,4.576,5.178,9.396,ISS_036RF_FMOVIE001_VIMS,9.92,ISS_036RF_FMOVIE002_VIMS,3.25
UVIS_HSP_2007_003_EPSLUP_E,2007-01-03T13:26:36,2007-01-03T13:30:09,2007-01-03T13:28:22,36,UVIS_036ST_UREPSLUP001_PRIME,EPS LUP,EGRESS,110,190,GOOD,53.64,53.71,53.675,2.296,3.804,3.05,51.0,0.01,7.54,295.169,0.072,6.672,7.694,11.063,ISS_036RF_FMOVIE001_VIMS,10.84,ISS_036RF_FMOVIE002_VIMS,2.32
UVIS_HSP_2007_009_GAMGRU_I,2007-01-09T20:17:19,2007-01-09T20:33:14,2007-01-09T20:25:05,37,UVIS_037ST_URGAMGRU001_PRIME,GAM GRU,BOTH,110,190,FAIR,304.62,306.47,305.518,192.354,196.942,194.699,35.1,0.01,9.01,294.826,0.096,7.622,9.857,18.397,ISS_036RF_FMOVIE002_VIMS,3.96,,31.93
UVIS_HSP_2007_009_GAMGRU_E,2007-01-09T23:44:22,2007-01-10T00:00:27,2007-01-09T23:52:37,37,UVIS_037ST_URGAMGRU001_PRIME,GAM GRU,BOTH,110,190,FAIR,329.46,331.33,330.419,133.47,138.1,135.729,35.1,0.01,9.01,294.826,0.042,3.863,4.356,7.286,ISS_036RF_FMOVIE002_VIMS,4.11,,31.79
UVIS_HSP_2007_015_DELPER_I,2007-01-15T13:20:39,2007-01-15T13:22:49,2007-01-15T13:21:44,37,UVIS_037ST_URDELPER001_PRIME,DEL PER,INGRESS,110,190,FAIR,28.92,29.03,28.972,196.969,197.955,197.459,-54.0,0.02,6.84,293.745,0.18,17.308,19.777,30.449,ISS_036RF_FMOVIE002_VIMS,9.67,ISS_039RF_FMOVIE002_VIMS,26.23
UVIS_HSP_2007_020_EPSLUP_E,2007-01-21T00:06:46,2007-01-21T00:11:49,2007-01-21T00:09:18,37,UVIS_037ST_UREPSLUP001_PRIME,EPS LUP,BOTH,110,190,GOOD,91.53,91.95,91.742,327.477,329.932,328.705,51.0,0.01,10.46,293.062,0.062,6.59,6.956,10.349,ISS_036RF_FMOVIE002_VIMS,15.12,ISS_039RF_FMOVIE002_VIMS,20.78
UVIS_HSP_2007_022_GAMARA_I,2007-01-22T01:37:55,2007-01-22T01:42:39,2007-01-22T01:40:17,37,"UVIS_037ST_URGAMARA007_PRIME,UVIS_037ST_URGAMARA001_PRIME",GAM ARA,BOTH,110,190,GOOD,248.29,248.48,248.387,225.75,227.471,226.613,61.0,0.01,7.57,293.108,0.271,39.422,42.646,52.123,ISS_036RF_FMOVIE002_VIMS,16.18,ISS_039RF_FMOVIE002_VIMS,19.71
UVIS_HSP_2007_022_GAMARA_E,2007-01-22T19:42:05,2007-01-22T19:46:48,2007-01-22T19:44:27,37,"UVIS_037ST_URGAMARA007_PRIME,UVIS_037ST_URGAMARA001_PRIME",GAM ARA,BOTH,110,190,GOOD,18.34,18.53,18.433,277.649,279.368,278.506,61.0,-1.0,-1.0,292.416,0.05,4.33,5.142,9.715,ISS_036RF_FMOVIE002_VIMS,16.94,ISS_039RF_FMOVIE002_VIMS,18.96
UVIS_HSP_2007_037_PSICEN_I,2007-02-06T22:42:17,2007-02-06T22:45:55,2007-02-06T22:44:06,38,UVIS_038ST_URPSICEN008_PRIME,PSI CEN,INGRESS,110,190,POOR,198.08,198.3,198.19,295.353,297.04,296.197,44.3,0.06,4.31,287.984,0.053,4.343,5.59,11.643,,32.06,ISS_039RF_FMOVIE002_VIMS,3.84
UVIS_HSP_2007_049_DELPER_I,2007-02-18T17:41:32,2007-02-18T17:43:53,2007-02-18T17:42:42,39,UVIS_039ST_URDELPER001_PRIME,DEL PER,INGRESS,110,190,FAIR,29.2,29.31,29.251,104.969,106.03,105.495,-54.0,0.02,6.81,283.531,0.052,4.041,5.361,7.487,ISS_039RF_FMOVIE003_VIMS,7.02,ISS_039RF_FMOVIE001_VIMS,8.9
UVIS_HSP_2007_056_CHICEN_I,2007-02-25T20:10:56,2007-02-25T20:15:42,2007-02-25T20:13:19,39,UVIS_039ST_URCHICEN009_PRIME,CHI CEN,INGRESS,110,190,FAIR,258.28,258.59,258.438,159.255,160.877,160.068,47.6,0.01,7.03,281.295,0.073,6.908,7.708,14.897,ISS_039RF_FMOVIE002_VIMS,15.06,ISS_039RF_FMOVIE001_VIMS,1.8
UVIS_HSP_2007_060_THEARA_I,2007-03-01T17:34:00,2007-03-01T17:45:13,2007-03-01T17:39:34,40,UVIS_040ST_URTHEARA001_PRIME,THE ARA,BOTH,110,190,FAIR,153.07,154.09,153.589,306.692,312.252,309.497,53.9,0.01,9.92,280.016,0.055,5.405,5.936,12.233,ISS_039RF_FMOVIE001_VIMS,2.1,ISS_041RF_FMOVIE002_VIMS,15.74
UVIS_HSP_2007_063_GAMGRU_E,2007-03-04T14:21:09,2007-03-04T14:23:34,2007-03-04T14:22:21,40,UVIS_040ST_URGAMGRU005_PRIME,GAM GRU,EGRESS,110,190,FAIR,18.95,19.16,19.057,308.389,309.157,308.774,35.1,0.02,6.19,279.491,0.051,4.678,5.316,14.045,ISS_039RF_FMOVIE001_VIMS,4.96,ISS_041RF_FMOVIE002_VIMS,12.88
UVIS_HSP_2007_073_3CEN_E,2007-03-14T12:12:13,2007-03-14T12:16:13,2007-03-14T12:14:13,40,UVIS_040ST_UR3CEN010_PRIME,3 CEN,EGRESS,110,190,POOR,38.21,38.25,38.227,319.306,320.882,320.093,39.3,0.03,5.89,276.567,0.045,4.312,4.728,11.609,ISS_039RF_FMOVIE001_VIMS,14.87,ISS_041RF_FMOVIE002_VIMS,2.97
UVIS_HSP_2007_073_PSICEN_I,2007-03-14T13:52:38,2007-03-14T13:57:08,2007-03-14T13:54:53,40,UVIS_040ST_URPSICEN010_PRIME,PSI CEN,INGRESS,110,190,POOR,227.35,227.38,227.363,107.655,109.44,108.545,44.3,0.06,3.66,276.567,0.054,4.307,5.64,11.232,ISS_039RF_FMOVIE001_VIMS,14.94,ISS_041RF_FMOVIE002_VIMS,2.9
UVIS_HSP_2007_078_THEARA_E,2007-03-19T19:49:26,2007-03-19T19:54:00,2007-03-19T19:51:43,41,UVIS_041ST_URTHEARA001_PRIME,THE ARA,EGRESS,110,190,FAIR,59.74,59.87,59.802,125.97,127.945,126.954,53.9,0.02,6.9,275.743,0.05,4.622,5.311,9.489,ISS_041RF_FMOVIE002_VIMS,2.35,ISS_041RF_FMOVIE001_VIMS,11.84
UVIS_HSP_2007_080_GAMGRU_I,2007-03-21T11:08:55,2007-03-21T11:11:30,2007-03-21T11:10:13,41,UVIS_041ST_URGAMGRU001_PRIME,GAM GRU,BOTH,110,190,FAIR,269.84,270.19,270.016,103.65,104.346,104.0,35.1,-1.0,-1.0,275.138,0.22,22.904,25.511,32.473,ISS_041RF_FMOVIE002_VIMS,3.99,ISS_041RF_FMOVIE001_VIMS,10.2
UVIS_HSP_2007_080_GAMGRU_E,2007-03-21T18:03:29,2007-03-21T18:06:05,2007-03-21T18:04:47,41,UVIS_041ST_URGAMGRU001_PRIME,GAM GRU,BOTH,110,190,FAIR,8.48,8.83,8.653,34.746,35.443,35.092,35.1,-1.0,-1.0,275.205,0.034,3.005,3.547,9.41,ISS_041RF_FMOVIE002_VIMS,4.28,ISS_043RF_FMOVIE001_VIMS,27.71
UVIS_HSP_2007_082_DELPER_I,2007-03-23T12:02:22,2007-03-23T12:04:02,2007-03-23T12:03:12,41,UVIS_041ST_URDELPER001_PRIME,DEL PER,INGRESS,110,190,FAIR,47.05,47.08,47.065,135.383,136.03,135.707,-54.0,0.03,6.24,274.996,0.035,3.204,3.644,10.511,ISS_041RF_FMOVIE002_VIMS,6.03,ISS_041RF_FMOVIE001_VIMS,8.16
UVIS_HSP_2007_092_KAPCEN_I,2007-04-02T07:33:08,2007-04-02T07:42:45,2007-04-02T07:37:56,42,UVIS_042ST_URKAPCEN001_PRIME,KAP CEN,BOTH,110,190,GOOD,277.65,278.24,277.946,52.498,55.793,54.151,48.5,0.01,10.71,273.825,0.047,4.558,4.99,4.873,ISS_041RF_FMOVIE001_VIMS,1.65,ISS_043RF_FMOVIE001_VIMS,16.14
UVIS_HSP_2007_098_BETPER_I,2007-04-08T15:47:29,2007-04-08T15:48:51,2007-04-08T15:48:10,42,UVIS_042ST_URBETPER001_PRIME,BET PER,INGRESS,110,190,FAIR,46.67,46.7,46.687,92.719,93.242,92.983,-47.4,0.02,6.77,274.214,0.057,4.027,5.82,9.483,ISS_041RF_FMOVIE001_VIMS,7.99,ISS_043RF_FMOVIE001_VIMS,9.8
UVIS_HSP_2007_112_MUSCO_E,2007-04-22T13:26:23,2007-04-22T13:34:02,2007-04-22T13:30:13,43,UVIS_043ST_URMUSCO001_PRIME,MU SCO,BOTH,110,190,GOOD,89.56,90.07,89.814,322.57,326.174,324.368,43.4,0.01,10.63,274.42,0.06,4.757,6.221,19.872,ISS_041RF_FMOVIE001_VIMS,21.9,ISS_044RF_FMOVIE001_VIMS,12.95
UVIS_HSP_2008_003_ALPSCO_E,2008-01-03T11:21:03,2008-01-03T11:25:12,2008-01-03T11:23:08,55,UVIS_055RI_ALPSCOOCC001_VIMS,ALP SCO,EGRESS,110,190,POOR,51.23,51.71,51.466,33.527,35.68,34.599,32.2,0.04,4.9,240.426,0.073,7.939,8.672,13.418,ISS_055RF_FMOVIE001_VIMS,2.53,ISS_055RI_LPMRDFMOV001_PRIME,4.18
UVIS_HSP_2008_026_BETLUP_I,2008-01-26T19:25:35,2008-01-26T19:28:59,2008-01-26T19:27:17,57,UVIS_057ST_URBETLUP001_PRIME,BET LUP,INGRESS,110,190,POOR,223.85,224.02,223.935,305.627,306.83,306.229,49.6,0.01,7.96,241.739,0.035,3.681,3.877,10.803,ISS_055RI_LPMRDFMOV001_PRIME,19.16,ISS_059RF_FMOVIE001_VIMS,21.99
UVIS_HSP_2008_026_DELLUP_I,2008-01-26T21:03:52,2008-01-26T21:06:48,2008-01-26T21:05:20,57,UVIS_057ST_URDELLUP001_PRIME,DEL LUP,INGRESS,110,190,POOR,200.69,200.72,200.706,242.795,243.951,243.374,47.0,0.01,7.53,241.739,0.034,3.69,3.806,10.009,ISS_057RF_FMOVIE001_VIMS,3.02,ISS_059RF_FMOVIE001_VIMS,21.92
UVIS_HSP_2008_026_GAMLUP_I,2008-01-26T22:42:44,2008-01-26T22:45:32,2008-01-26T22:44:08,57,UVIS_057ST_URGAMLUP001_PRIME,GAM LUP,INGRESS,110,190,POOR,202.74,202.78,202.757,204.953,206.043,205.495,47.4,0.01,8.16,241.739,0.036,3.525,3.791,8.059,ISS_057RF_FMOVIE001_VIMS,3.09,ISS_059RF_FMOVIE001_VIMS,21.85
UVIS_HSP_2008_060_ZETCEN_I,2008-02-29T16:28:24,2008-02-29T16:32:00,2008-02-29T16:30:12,60,UVIS_060ST_URZETCEN001_PRIME,ZET CEN,INGRESS,110,190,GOOD,205.76,205.83,205.796,12.187,13.572,12.881,53.6,0.01,8.54,240.672,0.027,2.103,2.775,7.428,ISS_059RF_FMOVIE002_VIMS,4.86,,126.7
UVIS_HSP_2008_062_DELPER_I,2008-03-02T06:47:42,2008-03-02T06:49:11,2008-03-02T06:48:27,60,UVIS_060SA_URDELPER001_INMS,DEL PER,INGRESS,110,190,FAIR,12.64,12.69,12.663,330.605,331.256,330.929,-54.0,0.03,6.66,240.199,0.029,2.642,3.062,12.845,ISS_059RF_FMOVIE002_VIMS,6.46,ISS_061RI_LPMRDFMOV001_PRIME,13.31
UVIS_HSP_2008_082_ZETCEN_E,2008-03-22T15:53:39,2008-03-22T15:57:20,2008-03-22T15:55:29,62,UVIS_062ST_URZETCEN001_PRIME,ZET CEN,EGRESS,110,190,GOOD,9.34,9.4,9.368,346.56,347.989,347.273,53.6,0.01,8.58,235.02,0.031,2.678,3.156,9.623,ISS_061RI_LPMRDFMOV001_PRIME,7.07,,104.73
UVIS_HSP_2008_092_ALPARA_E,2008-04-01T12:08:45,2008-04-01T12:10:49,2008-04-01T12:09:47,63,UVIS_063ST_URALPARA001_PRIME,ALP ARA,EGRESS,110,190,GOOD,26.04,26.16,26.101,35.101,36.057,35.58,54.4,0.02,7.47,232.885,0.082,10.078,10.408,13.222,,36.68,,44.77
UVIS_HSP_2008_101_BETCEN_E,2008-04-10T15:06:28,2008-04-10T15:10:22,2008-04-10T15:08:25,64,UVIS_064ST_URBETCEN001_PRIME,BET CEN,EGRESS,110,190,GOOD,344.83,345.15,344.992,83.97,85.229,84.601,66.7,0.01,10.33,230.172,0.046,4.745,5.12,9.337,,45.8,,35.65
UVIS_HSP_2008_110_EPSCEN_I,2008-04-19T10:14:50,2008-04-19T10:18:11,2008-04-19T10:16:30,65,"UVIS_065ST_UREPSCEN001_PRIME,UVIS_065ST_UREPSCEN001_PRIME",EPS CEN,INGRESS,110,190,GOOD,202.92,202.97,202.941,222.196,223.504,222.848,59.6,0.01,8.59,228.204,0.057,6.22,6.643,13.652,,34.83,,76.96
UVIS_HSP_2008_111_ALPARA_E,2008-04-20T15:31:27,2008-04-20T15:33:31,2008-04-20T15:32:29,65,"UVIS_065ST_URALPARA001_PRIME,UVIS_065ST_URALPARA001_PRIME",ALP ARA,EGRESS,110,190,POOR,25.75,25.88,25.816,55.58,56.543,56.063,54.4,0.02,7.12,228.286,0.035,3.214,3.631,8.929,,55.82,,75.74
UVIS_HSP_2008_119_DELCEN_I,2008-04-28T16:39:34,2008-04-28T16:49:36,2008-04-28T16:44:33,66,"UVIS_066ST_URDELCEN001_PRIME,UVIS_066ST_URDELCEN001_PRIME",DEL CEN,BOTH,110,190,GOOD,265.86,266.91,266.379,290.272,293.282,291.787,55.6,0.01,11.21,227.037,0.032,3.072,3.367,7.406,,44.1,ISS_068RF_FMOVIE001_VIMS,17.58
UVIS_HSP_2008_137_DELCEN_I,2008-05-16T18:04:08,2008-05-16T18:07:11,2008-05-16T18:05:40,68,"UVIS_068ST_URDELCEN001_PRIME,UVIS_068ST_URDELCEN001_PRIME",DEL CEN,INGRESS,110,190,POOR,202.89,202.95,202.92,159.607,160.781,160.194,55.6,0.01,8.25,227.2,0.019,1.815,1.927,6.164,ISS_068RF_FMOVIE001_VIMS,0.47,,49.64
UVIS_HSP_2008_188_BETCEN_I,2008-07-06T20:48:26,2008-07-06T20:50:35,2008-07-06T20:49:31,75,UVIS_075ST_URBETCEN001_PRIME,BET CEN,INGRESS,110,190,GOOD,172.92,173.05,172.985,263.378,264.379,263.878,66.7,0.01,9.29,229.772,0.042,4.508,4.885,8.581,ISS_075RF_FMOVIE002_VIMS,1.48,,30.4
UVIS_HSP_2008_202_BETCEN_I,2008-07-20T22:34:36,2008-07-20T22:36:45,2008-07-20T22:35:40,77,"UVIS_077ST_URBETCEN001_PRIME,UVIS_077ST_URBETCEN002_PRIME",BET CEN,BOTH,110,190,GOOD,172.85,172.99,172.918,352.909,353.916,353.411,66.7,0.01,9.58,227.485,0.044,4.787,4.952,9.895,ISS_075RF_FMOVIE002_VIMS,15.55,,30.36
UVIS_HSP_2008_203_BETCEN_E,2008-07-21T07:40:38,2008-07-21T07:43:19,2008-07-21T07:41:58,77,"UVIS_077ST_URBETCEN001_PRIME,UVIS_077ST_URBETCEN002_PRIME",BET CEN,BOTH,110,190,GOOD,23.98,24.14,24.06,343.145,344.393,343.77,66.7,0.01,9.52,227.485,0.019,1.654,1.983,5.503,ISS_075RF_FMOVIE002_VIMS,15.93,ISS_081RI_FMOVIE106_VIMS,29.98
UVIS_HSP_2008_210_BETCEN_E,2008-07-28T08:40:04,2008-07-28T08:42:45,2008-07-28T08:41:25,78,UVIS_078ST_URBETCEN001_PRIME,BET CEN,EGRESS,110,190,GOOD,23.81,23.98,23.897,205.206,206.463,205.837,66.7,0.01,9.41,224.917,0.041,4.185,4.698,8.209,ISS_075RF_FMOVIE002_VIMS,22.97,ISS_079RF_FRINGMRLF002_PRIME,8.9
UVIS_HSP_2008_217_ALPARA_I,2008-08-04T03:24:07,2008-08-04T03:26:02,2008-08-04T03:25:05,79,UVIS_079ST_URALPARA001_PRIME,ALP ARA,BOTH,110,190,GOOD,138.08,138.47,138.275,333.728,334.892,334.31,54.4,-1.0,-1.0,223.66,0.088,13.902,14.45,19.2,ISS_075RF_FMOVIE002_VIMS,29.75,ISS_083RI_FMOVIE109_VIMS,26.81
UVIS_HSP_2008_231_BETCEN_I,2008-08-18T11:38:08,2008-08-18T11:40:32,2008-08-18T11:39:20,81,UVIS_081ST_URBETCEN001_PRIME,BET CEN,INGRESS,110,190,GOOD,168.39,168.56,168.472,296.695,297.838,297.264,66.7,0.01,9.58,220.176,0.031,3.506,3.593,8.067,ISS_079RF_FRINGMRLF002_PRIME,12.22,ISS_081RI_FMOVIE106_VIMS,1.82
UVIS_HSP_2008_260_BETCEN_I,2008-09-16T23:00:54,2008-09-16T23:03:18,2008-09-16T23:02:06,85,"UVIS_085ST_URBETCEN001_PRIME,UVIS_085ST_URBETCEN001_PRIME",BET CEN,INGRESS,110,190,GOOD,167.83,168.0,167.916,63.242,64.385,63.815,66.7,0.01,9.44,216.915,0.013,1.205,1.364,6.229,ISS_083RI_FMOVIE109_VIMS,17.01,ISS_087RF_FMOVIE003_PRIME,13.96
UVIS_HSP_2008_261_ALPARA_I,2008-09-17T08:43:36,2008-09-17T08:45:29,2008-09-17T08:44:32,85,"UVIS_085ST_URALPARA001_PRIME,UVIS_085ST_URALPARA001_PRIME",ALP ARA,BOTH,110,190,GOOD,138.36,138.74,138.551,158.49,159.633,159.062,54.4,-1.0,-1.0,216.907,0.039,4.224,4.297,10.596,ISS_085RF_FMOVIE003_PRIME_2,0.99,,42.75
UVIS_HSP_2008_261_ALPARA_E,2008-09-17T13:36:19,2008-09-17T13:38:18,2008-09-17T13:37:19,85,"UVIS_085ST_URALPARA001_PRIME,UVIS_085ST_URALPARA001_PRIME",ALP ARA,BOTH,110,190,GOOD,37.95,38.36,38.157,299.738,300.953,300.348,54.4,-1.0,-1.0,216.907,0.01,0.744,1.06,3.928,ISS_083RI_FMOVIE109_VIMS,17.62,ISS_087RF_FMOVIE003_PRIME,13.35
UVIS_HSP_2008_268_ALPARA_E,2008-09-24T22:26:13,2008-09-24T22:28:12,2008-09-24T22:27:13,86,"UVIS_086ST_URALPARA001_PRIME,UVIS_086ST_URALPARA001_PRIME",ALP ARA,BOTH,110,190,GOOD,37.89,38.3,38.097,331.776,332.989,332.384,54.4,-1.0,-1.0,216.914,0.012,1.02,1.186,5.537,ISS_083RI_FMOVIE109_VIMS,24.99,ISS_087RF_FMOVIE003_PRIME,5.99
UVIS_HSP_2008_290_BETCEN_I,2008-10-16T09:00:19,2008-10-16T09:02:42,2008-10-16T09:01:31,89,UVIS_089ST_URBETCEN001_PRIME,BET CEN,INGRESS,110,190,GOOD,167.73,167.91,167.819,223.944,225.09,224.516,66.7,0.01,9.42,219.595,0.066,6.464,7.15,12.452,ISS_089RF_FMOVIE003_PRIME,1.19,ISS_091RF_FMOVIE003_PRIME,13.74
UVIS_HSP_2008_298_ALPARA_I,2008-10-24T01:38:16,2008-10-24T01:40:08,2008-10-24T01:39:12,90,UVIS_090ST_URALPARA001_PRIME,ALP ARA,BOTH,110,190,GOOD,138.88,139.26,139.069,38.246,39.379,38.811,54.4,-1.0,-1.0,220.921,0.035,3.573,3.928,7.907,ISS_089RF_FMOVIE003_PRIME,8.88,ISS_091RF_FMOVIE003_PRIME,6.04
UVIS_HSP_2008_298_ALPARA_E,2008-10-24T06:31:58,2008-10-24T06:33:55,2008-10-24T06:32:57,90,UVIS_090ST_URALPARA001_PRIME,ALP ARA,BOTH,110,190,GOOD,37.17,37.57,37.37,177.802,178.993,178.397,54.4,-1.0,-1.0,220.8,0.058,6.018,6.747,11.183,ISS_089RF_FMOVIE003_PRIME,9.08,ISS_091RF_FMOVIE003_PRIME,5.84
UVIS_HSP_2008_312_ALPCRU_I,2008-11-07T19:22:38,2008-11-07T19:25:53,2008-11-07T19:24:16,92,UVIS_092ST_URALP1CRU001_PRIME,ALP CRU,INGRESS,110,190,GOOD,229.16,229.44,229.303,190.592,191.634,191.112,68.2,0.01,10.42,221.749,0.087,8.324,9.135,14.982,ISS_091RF_FMOVIE003_PRIME,8.7,,33.2
UVIS_HSP_2008_313_BETCEN_E,2008-11-08T09:51:42,2008-11-08T09:54:20,2008-11-08T09:53:01,92,"UVIS_092ST_URBETCEN002_PRIME,UVIS_092ST_URBETCEN002_PRIME",BET CEN,EGRESS,110,190,GOOD,19.64,19.7,19.668,349.817,350.939,350.376,66.7,0.01,9.44,221.645,0.049,4.356,5.02,9.409,ISS_089RF_FMOVIE003_PRIME,24.22,ISS_093RF_FMOVIE003_PRIME,6.42
UVIS_HSP_2008_343_BETCEN_I,2008-12-08T16:55:42,2008-12-08T16:58:06,2008-12-08T16:56:54,96,UVIS_096ST_URBETCEN001_PRIME,BET CEN,INGRESS,110,190,GOOD,170.9,171.05,170.974,150.896,152.018,151.457,66.7,0.01,9.43,217.326,0.025,2.174,2.578,8.644,ISS_094RF_FMOVIE001_PRIME_2,16.44,ISS_096RF_FMOVIE004_PRIME,2.31
UVIS_HSP_2008_344_ALPARA_I,2008-12-09T05:17:15,2008-12-09T05:19:44,2008-12-09T05:18:29,96,UVIS_096ST_URALPARA001_PRIME,ALP ARA,BOTH,110,190,FAIR,131.54,132.05,131.796,171.813,173.327,172.572,54.4,0.01,9.74,217.37,0.081,7.669,8.757,15.796,ISS_094RF_FMOVIE001_PRIME_2,16.95,ISS_096RF_FMOVIE004_PRIME,1.79
UVIS_HSP_2008_344_ALPARA_E,2008-12-09T09:57:56,2008-12-09T10:00:26,2008-12-09T09:59:11,96,UVIS_096ST_URALPARA001_PRIME,ALP ARA,BOTH,110,190,FAIR,50.35,50.86,50.604,337.178,338.699,337.937,54.4,0.01,10.13,217.37,0.089,12.259,12.637,15.193,ISS_093RF_FMOVIE003_PRIME,24.59,ISS_096RF_FMOVIE004_PRIME,1.6
UVIS_HSP_2008_359_DELCEN_I,2008-12-24T00:41:10,2008-12-24T00:43:40,2008-12-24T00:42:25,98,UVIS_098ST_URDELCEN001_PRIME,DEL CEN,INGRESS,110,190,GOOD,193.95,193.96,193.957,256.342,257.338,256.842,55.6,0.01,7.37,213.163,0.058,5.415,6.163,10.588,ISS_096RF_FMOVIE004_PRIME,13.02,ISS_100RF_FMOVIE003_PRIME,18.65
UVIS_HSP_2008_359_BETCRU_I,2008-12-24T08:07:14,2008-12-24T08:09:57,2008-12-24T08:08:35,98,UVIS_098ST_URBETCRU001_PRIME,BET CRU,INGRESS,110,190,GOOD,214.36,214.53,214.444,96.552,97.475,97.012,65.2,0.01,9.31,213.275,0.057,5.998,6.394,12.561,ISS_096RF_FMOVIE004_PRIME,13.33,ISS_100RF_FMOVIE003_PRIME,18.34
UVIS_HSP_2008_360_ALPARA_I,2008-12-25T06:22:43,2008-12-25T06:25:50,2008-12-25T06:24:16,98,UVIS_098ST_URALPARA001_PRIME,ALP ARA,BOTH,110,190,FAIR,134.24,134.77,134.507,196.373,198.163,197.272,54.4,0.01,9.41,212.919,0.047,4.57,4.978,10.209,ISS_096RF_FMOVIE004_PRIME,14.26,ISS_100RF_FMOVIE003_PRIME,17.41
UVIS_HSP_2008_360_ALPARA_E,2008-12-25T11:54:10,2008-12-25T11:57:18,2008-12-25T11:55:44,98,UVIS_098ST_URALPARA001_PRIME,ALP ARA,BOTH,110,190,FAIR,57.1,57.63,57.363,345.276,347.066,346.168,54.4,0.01,9.49,212.62,0.081,9.945,10.614,18.355,ISS_096RF_FMOVIE004_PRIME,14.49,,47.32
UVIS_HSP_2009_012_ALPCRU_E,2009-01-12T20:51:46,2009-01-12T20:56:06,2009-01-12T20:53:56,100,UVIS_100ST_URALP1CRU001_PRIME,ALP CRU,BOTH,110,190,GOOD,318.49,319.08,318.786,354.142,355.307,354.723,68.2,0.01,11.86,210.106,0.086,8.471,8.973,13.369,,32.86,ISS_103RF_FMOVIE003_PRIME,28.95
UVIS_HSP_2009_031_BETCEN_I,2009-01-31T19:13:50,2009-01-31T19:16:17,2009-01-31T19:15:03,102,UVIS_102ST_URBETCEN001_PRIME,BET CEN,INGRESS,110,190,GOOD,189.6,189.61,189.605,7.686,8.689,8.187,66.7,0.01,8.98,209.558,0.04,3.789,4.217,9.862,ISS_100RF_FMOVIE003_PRIME,20.12,ISS_103RF_FMOVIE003_PRIME,10.02
UVIS_HSP_2009_053_BETCEN_I,2009-02-22T15:50:14,2009-02-22T15:53:29,2009-02-22T15:51:52,104,UVIS_104ST_URBETCEN001_PRIME,BET CEN,BOTH,110,190,GOOD,219.16,219.37,219.265,276.211,277.31,276.76,66.7,0.01,9.51,212.114,0.05,5.549,5.696,9.814,ISS_103RF_FMOVIE003_PRIME,11.84,ISS_105RF_FMOVIE002_PRIME,17.11
UVIS_HSP_2009_058_EPSCAS_I,2009-02-27T10:39:27,2009-02-27T10:43:34,2009-02-27T10:41:30,104,UVIS_104ST_UREPSCAS001_PRIME,EPS CAS,BOTH,110,190,POOR,62.3,62.85,62.572,215.119,216.234,215.675,-70.0,0.01,8.43,212.846,0.055,6.142,6.17,12.661,ISS_103RF_FMOVIE003_PRIME,16.63,ISS_105RF_FMOVIE002_PRIME,12.33
UVIS_HSP_2009_065_BETCEN_I,2009-03-06T14:45:26,2009-03-06T14:48:41,2009-03-06T14:47:03,105,UVIS_105ST_URBETCEN001_PRIME,BET CEN,BOTH,110,190,GOOD,219.22,219.43,219.327,158.892,159.993,159.444,66.7,0.01,9.44,213.177,0.029,2.691,2.976,10.67,,53.94,ISS_106RF_FMOVIE002_PRIME,17.11
UVIS_HSP_2009_065_BETCEN_E,2009-03-07T02:39:48,2009-03-07T02:43:03,2009-03-07T02:41:26,105,UVIS_105ST_URBETCEN001_PRIME,BET CEN,EGRESS,110,190,GOOD,344.91,345.12,345.018,355.873,356.975,356.427,66.7,0.01,9.56,213.364,0.102,9.512,10.68,16.111,ISS_105RF_FMOVIE003_PRIME,2.66,ISS_105RF_FMOVIE002_PRIME,4.66
UVIS_HSP_2009_066_ALPARA_I,2009-03-07T16:49:48,2009-03-07T16:53:07,2009-03-07T16:51:28,105,UVIS_105ST_URALPARA001_PRIME,ALP ARA,BOTH,110,190,FAIR,147.06,147.44,147.25,174.265,175.987,175.126,54.4,-1.0,-1.0,213.42,0.054,6.121,6.28,14.164,ISS_103RF_FMOVIE003_PRIME,24.88,ISS_106RF_FMOVIE002_PRIME,16.03
UVIS_HSP_2009_066_ALPARA_E,2009-03-08T01:19:53,2009-03-08T01:23:13,2009-03-08T01:21:33,105,UVIS_105ST_URALPARA001_PRIME,ALP ARA,BOTH,110,190,FAIR,50.78,51.16,50.968,231.837,233.561,232.696,54.4,-1.0,-1.0,213.42,0.042,4.611,4.642,5.122,ISS_103RF_FMOVIE003_PRIME,25.24,ISS_105RF_FMOVIE002_PRIME,3.71
UVIS_HSP_2009_163_ZETCEN_I,2009-06-12T10:18:55,2009-06-12T10:22:44,2009-06-12T10:20:50,112,UVIS_112ST_URZETCEN001_PRIME,ZET CEN,INGRESS,110,190,GOOD,195.48,195.51,195.498,89.976,91.493,90.737,53.6,0.01,8.07,205.009,0.034,2.961,3.517,9.458,,32.83,,31.66
UVIS_HSP_2009_177_MUCEN_I,2009-06-26T19:56:01,2009-06-26T19:59:23,2009-06-26T19:57:42,113,UVIS_113ST_URMUCEN001_PRIME,MU CEN,INGRESS,110,190,FAIR,195.07,195.11,195.089,349.035,350.357,349.694,48.7,0.02,6.81,206.157,0.094,9.063,10.092,13.58,ISS_112RF_FMOVIE002_PRIME_2,15.92,ISS_114RF_FMOVIEEQX001_PRIME,17.26
UVIS_HSP_2009_193_BETLUP_I,2009-07-12T05:50:35,2009-07-12T05:57:23,2009-07-12T05:53:59,114,UVIS_114ST_URBETLUP001_PRIME,BET LUP,INGRESS,110,190,POOR,239.44,240.08,239.756,62.868,64.973,63.921,49.6,0.01,7.69,208.528,0.033,3.086,3.427,9.694,,31.6,ISS_114RF_FMOVIEEQX001_PRIME,1.84
UVIS_HSP_2009_195_LAMSCO_I,2009-07-14T09:28:32,2009-07-14T09:37:44,2009-07-14T09:33:08,114,UVIS_114ST_URLAMSCO001_PRIME,LAM SCO,INGRESS,110,190,POOR,240.88,241.41,241.147,251.215,254.407,252.815,41.7,0.01,9.39,209.024,0.054,5.111,5.639,12.468,,33.75,ISS_115RF_FMOVIEEQX001_PRIME,15.91
UVIS_HSP_2009_198_SIGSGR_I,2009-07-17T20:02:47,2009-07-17T20:08:08,2009-07-17T20:05:28,114,UVIS_114ST_URSIGSGR001_PRIME,SIG SGR,INGRESS,110,190,GOOD,186.86,186.89,186.875,356.002,358.198,357.1,29.1,0.01,8.0,209.639,0.085,8.017,9.066,15.543,ISS_114RF_FMOVIEEQX001_PRIME,3.75,ISS_115RF_FMOVIEEQX001_PRIME,12.47
UVIS_HSP_2009_223_ALPVIR_I,2009-08-11T14:31:19,2009-08-11T14:32:54,2009-08-11T14:32:07,116,UVIS_116ST_URALPVIR002_PRIME,ALP VIR,INGRESS,110,190,GOOD,187.95,188.02,187.985,343.476,344.186,343.831,17.3,0.01,8.85,210.26,0.085,7.77,9.092,11.452,ISS_115RF_FMOVIEEQX001_PRIME,12.3,,293.61
UVIS_HSP_2009_239_PI4ORI_E,2009-08-27T10:53:38,2009-08-27T10:54:43,2009-08-27T10:54:11,17,UVIS_117ST_URPI4ORI001_PRIME,PI4 ORI,BOTH,110,190,POOR,193.75,193.78,193.765,126.031,126.495,126.262,-11.1,0.07,5.26,209.222,0.046,4.66,4.876,9.665,ISS_115RF_FMOVIEEQX001_PRIME,28.15,,277.76
UVIS_HSP_2010_011_ALPVIR_E,2010-01-11T13:36:17,2010-01-11T13:37:42,2010-01-11T13:37:00,124,UVIS_124ST_URALPVIR001_PRIME,ALP VIR,EGRESS,110,190,GOOD,306.15,306.16,306.156,3.494,4.073,3.784,17.3,0.01,8.18,208.179,0.075,7.652,8.556,12.388,,165.26,,895.74
UVIS_HSP_2010_186_ALPVIR_I,2010-07-05T09:04:13,2010-07-05T09:05:54,2010-07-05T09:05:03,134,UVIS_134ST_URALPVIR001_PRIME,ALP VIR,INGRESS,110,190,GOOD,136.64,136.84,136.741,340.331,340.807,340.57,17.3,0.01,8.16,206.186,0.088,8.884,9.535,13.66,,34.16,,808.62
UVIS_HSP_2010_265_BETORI_E,2010-09-23T00:38:19,2010-09-23T00:38:56,2010-09-23T00:38:38,138,UVIS_138ST_URBETORI001_PRIME,BET ORI,BOTH,110,190,FAIR,243.42,243.73,243.577,174.921,174.986,174.954,3.1,-1.0,-1.0,217.37,0.03,2.618,3.098,7.422,,113.81,,728.97
UVIS_HSP_2012_004_IOTORI_E,2012-01-04T16:02:02,2012-01-04T16:03:10,2012-01-04T16:02:36,159,UVIS_159ST_URIOTORI001_PIE,IOT ORI,EGRESS,110,190,FAIR,225.34,225.54,225.44,303.924,304.581,304.252,1.2,0.02,6.58,249.988,0.017,1.318,1.674,4.536,,582.45,,172.64
UVIS_HSP_2012_181_KAPCMA_I,2012-06-29T00:56:08,2012-06-29T00:59:01,2012-06-29T00:57:34,168,UVIS_168ST_URKAPCMA001_PIE,KAP CMA,BOTH,110,190,FAIR,155.15,156.23,155.682,192.582,192.671,192.626,29.3,0.01,8.32,280.602,0.078,8.295,8.841,13.729,,758.82,,83.96
UVIS_HSP_2012_181_KAPCMA_E,2012-06-29T02:45:49,2012-06-29T02:48:40,2012-06-29T02:47:15,168,UVIS_168ST_URKAPCMA001_PIE,KAP CMA,BOTH,110,190,FAIR,200.6,201.66,201.136,193.704,193.794,193.75,29.3,0.01,8.32,280.468,0.033,3.084,3.506,6.856,,758.9,,83.88
UVIS_HSP_2012_247_ZETPUP_I,2012-09-03T08:11:56,2012-09-03T08:13:31,2012-09-03T08:12:43,171,UVIS_171ST_URZETPUP001_PIE,ZET PUP,BOTH,110,190,GOOD,131.92,132.25,132.082,103.38,103.689,103.532,38.6,0.01,10.04,284.024,0.112,8.68,12.15,15.732,,825.12,ISS_172RF_FMOVIE001_PRIME,17.66
UVIS_HSP_2012_247_ZETPUP_E,2012-09-03T12:40:42,2012-09-03T12:42:16,2012-09-03T12:41:29,171,UVIS_171ST_URZETPUP001_PIE,ZET PUP,BOTH,110,190,GOOD,238.05,238.39,238.219,100.898,101.204,101.053,38.6,-1.0,-1.0,284.024,0.117,11.257,12.516,16.385,,825.31,ISS_172RF_FMOVIE001_PRIME,17.47
UVIS_HSP_2012_267_GAMPEG_E,2012-09-23T22:06:04,2012-09-23T22:09:54,2012-09-23T22:07:59,172,UVIS_172ST_URGAMPEG001_PRIME,GAM PEG,BOTH,110,190,FAIR,150.76,151.61,151.179,24.592,26.993,25.782,-20.3,0.01,10.01,286.308,0.07,7.102,7.61,12.02,ISS_172RF_FMOVIE001_PRIME,2.92,ISS_172RI_EGAPMOVMP002_PRIME,7.93
UVIS_HSP_2012_292_EPSCMA_I,2012-10-18T04:29:17,2012-10-18T04:30:36,2012-10-18T04:29:56,173,UVIS_173ST_UREPSCMA001_PIE,EPS CMA,INGRESS,110,190,GOOD,74.32,74.59,74.453,227.157,227.963,227.558,26.0,0.01,10.91,293.293,0.088,7.669,9.377,11.011,ISS_173RF_FMOVIE001_PRIME_2,1.86,,49.89
UVIS_HSP_2012_293_ALPVIR_E,2012-10-19T12:43:58,2012-10-19T12:45:53,2012-10-19T12:44:55,173,UVIS_173ST_URALPVIR001_PIE,ALP VIR,BOTH,110,190,GOOD,328.24,328.75,328.493,58.951,60.235,59.59,17.3,0.01,10.73,293.615,0.079,7.025,8.279,13.503,ISS_173RF_FMOVIE001_PRIME_2,3.21,ISS_174RF_FRSTRCHAN001_PRIME_1,20.54
UVIS_HSP_2012_316_EPSCMA_I,2012-11-11T02:56:46,2012-11-11T02:58:05,2012-11-11T02:57:26,174,UVIS_174ST_UREPSCMA001_PRIME,EPS CMA,BOTH,110,190,GOOD,74.21,74.48,74.345,337.299,338.106,337.702,26.0,-1.0,-1.0,301.035,0.072,6.775,7.883,11.737,ISS_174RF_FRSTRCHAN001_PRIME_2,1.75,,44.13
UVIS_HSP_2013_069_DELCEN_E,2013-03-11T01:02:27,2013-03-11T01:04:25,2013-03-11T01:03:26,183,UVIS_183ST_URDELCEN002_PRIME,DEL CEN,EGRESS,110,190,FAIR,262.29,262.43,262.358,215.774,216.436,216.106,55.6,0.03,5.72,319.849,0.042,3.799,4.387,8.083,ISS_183RF_FMOVIE001_PRIME_2,5.74,ISS_184RF_FMOVIE002_PRIME,16.75
UVIS_HSP_2013_093_DELCEN_E,2013-04-03T23:06:35,2013-04-03T23:08:34,2013-04-03T23:07:34,185,UVIS_185ST_URDELCEN001_PRIME,DEL CEN,EGRESS,110,190,FAIR,262.06,262.2,262.131,335.236,335.892,335.565,55.6,0.03,5.69,326.491,0.025,2.622,2.737,7.561,ISS_184RF_FMOVIE002_PRIME,7.17,,32.84
UVIS_HSP_2013_141_THECAR_I,2013-05-21T03:15:44,2013-05-21T03:17:39,2013-05-21T03:16:41,190,UVIS_190ST_URTHECAR001_PRIME,THE CAR,INGRESS,110,190,GOOD,117.75,117.91,117.831,97.973,98.585,98.28,67.0,0.02,6.73,329.252,0.031,3.295,3.361,6.646,ISS_189RF_FMOVIE001_PRIME,14.33,ISS_191RF_FMOVIE002_PRIME,6.54
UVIS_HSP_2013_153_DELCEN_E,2013-06-02T13:15:05,2013-06-02T13:17:13,2013-06-02T13:16:09,191,UVIS_191ST_URDELCEN002_PRIME,DEL CEN,EGRESS,110,190,FAIR,270.59,270.65,270.619,224.834,225.633,225.233,55.6,0.03,5.69,330.15,0.086,9.002,9.549,11.126,ISS_189RF_FMOVIE001_PRIME,26.75,ISS_193RF_FMOVIE001_PRIME_1,17.57
UVIS_HSP_2014_067_ALPLYR_I,2014-03-08T03:11:59,2014-03-08T03:13:43,2014-03-08T03:12:51,202,UVIS_202ST_URALPLYR001_VIMS,ALP LYR,BOTH,110,190,FAIR,270.7,270.76,270.728,100.828,101.586,101.205,-35.2,-1.0,-1.0,388.043,0.026,2.426,2.756,7.77,,30.11,,36.45
UVIS_HSP_2014_067_ALPLYR_E,2014-03-08T11:04:51,2014-03-08T11:06:35,2014-03-08T11:05:43,202,UVIS_202ST_URALPLYR002_VIMS,ALP LYR,BOTH,110,190,POOR,107.07,107.13,107.103,106.094,106.852,106.476,-35.2,0.04,6.41,388.043,0.034,3.523,3.766,11.852,,30.43,,36.12
UVIS_HSP_2014_172_GAMCOL_I,2014-06-21T12:59:41,2014-06-21T13:03:42,2014-06-21T13:01:41,205,UVIS_205ST_URGAMCOL001_PRIME,GAM COL,BOTH,110,190,POOR,65.61,65.89,65.753,111.08,112.985,112.036,30.9,-1.0,-1.0,415.631,0.073,6.877,7.848,18.703,,68.63,ISS_205RF_FMOVIE001_PRIME,1.08
UVIS_HSP_2014_197_ALPLYR_I,2014-07-16T21:42:53,2014-07-16T21:44:55,2014-07-16T21:43:54,206,UVIS_206ST_URALPLYR001_VIMS,ALP LYR,INGRESS,110,190,FAIR,258.07,258.22,258.144,303.792,304.768,304.279,-35.2,0.03,6.58,418.496,0.03,1.974,3.085,6.342,ISS_205RF_FMOVIE001_PRIME,24.28,,30.81
UVIS_HSP_2014_339_ALPVIR_I,2014-12-05T04:47:17,2014-12-05T04:49:43,2014-12-05T04:48:30,210,UVIS_210ST_URALPVIR001_PIE,ALP VIR,INGRESS,110,190,GOOD,114.01,114.12,114.061,11.241,12.115,11.674,17.3,0.01,9.11,452.701,0.055,5.463,5.936,10.824,,75.38,ISS_211RI_EGAPMOVMP001_PRIME,29.11
UVIS_HSP_2015_008_ALPVIR_I,2015-01-08T02:40:14,2015-01-08T02:42:51,2015-01-08T02:41:32,211,UVIS_211ST_URALPVIR001_PRIME,ALP VIR,BOTH,110,190,GOOD,153.35,153.82,153.586,115.436,116.032,115.733,17.3,-1.0,-1.0,466.843,0.066,6.668,7.155,9.824,ISS_211RF_FMOVIE001_PRIME,4.04,,61.07
UVIS_HSP_2015_010_GAMPEG_E,2015-01-10T14:01:33,2015-01-10T14:03:01,2015-01-10T14:02:17,211,UVIS_211ST_URGAMPEG001_PIE,GAM PEG,EGRESS,110,190,FAIR,106.35,106.43,106.389,69.157,69.828,69.491,-20.3,0.03,7.01,468.009,0.066,6.732,7.177,12.071,ISS_211RF_FMOVIE001_PRIME,6.51,,58.59
UVIS_HSP_2015_020_BETCMA_I,2015-01-20T04:19:11,2015-01-20T04:26:49,2015-01-20T04:23:00,211,UVIS_211ST_URBETCMA001_PRIME,BET CMA,INGRESS,110,190,GOOD,99.58,99.6,99.587,235.632,238.697,237.161,14.2,0.01,8.37,472.41,0.043,4.013,4.572,10.74,ISS_211RF_HIRESFRNG001_PRIME,9.95,ISS_212RF_FMOVIE001_PRIME_1,17.95
UVIS_HSP_2016_030_ZETORI_I,2016-01-30T18:58:03,2016-01-30T19:00:09,2016-01-30T18:59:06,231,UVIS_231ST_URZETORI001_PRIME,ZET ORI,BOTH,110,190,GOOD,22.86,23.21,23.033,89.78,90.282,90.03,-2.7,0.01,10.47,569.826,0.024,1.931,2.394,8.714,,325.59,ISS_231RI_EGAPMOVMP001_PRIME,6.56
UVIS_HSP_2016_045_ALPVIR_E,2016-02-14T12:57:05,2016-02-14T13:00:16,2016-02-14T12:58:40,232,UVIS_232ST_URALPVIR002_PIE,ALP VIR,EGRESS,110,190,GOOD,339.34,339.38,339.361,101.899,103.227,102.564,17.3,0.01,7.99,576.886,0.051,3.417,5.291,9.571,ISS_232RF_FMOVIE001_PRIME,4.23,ISS_232RI_EGAPMOVMP001_PRIME_1,6.81
UVIS_HSP_2016_094_GAMORI_I,2016-04-03T16:14:08,2016-04-03T16:15:29,2016-04-03T16:14:49,234,UVIS_234ST_URGAMORI001_PIE,GAM ORI,INGRESS,110,190,GOOD,0.96,1.14,1.052,328.565,328.931,328.749,-11.2,0.01,7.7,590.91,0.044,3.521,4.523,9.329,ISS_234RF_FMOVIE001_PRIME,2.49,ISS_234RI_EGAPMOVMP001_PRIME,4.54
UVIS_HSP_2016_277_SIGSGR_E,2016-10-03T17:13:48,2016-10-03T17:16:01,2016-10-03T17:14:55,244,UVIS_244ST_URSIGSGR001_PRIME,SIG SGR,BOTH,110,190,FAIR,284.1,285.18,284.646,288.545,288.731,288.64,29.1,0.01,9.31,639.459,0.034,3.019,3.628,8.444,ISS_242RF_FMOVIE001_PRIME,16.37,ISS_246RF_FMOVIE002_PRIME,24.28
UVIS_HSP_2016_296_ZETCEN_E,2016-10-22T10:27:54,2016-10-22T10:30:36,2016-10-22T10:29:15,246,UVIS_246ST_URZETCEN001_PIE,ZET CEN,EGRESS,110,190,GOOD,350.03,350.19,350.112,260.113,261.363,260.74,53.6,0.02,6.51,648.019,0.048,4.226,4.947,5.259,ISS_243RF_FMOVIE001_PRIME_2,29.59,ISS_246RF_FMOVIE002_PRIME,5.56
UVIS_HSP_2016_315_ALPLUP_E,2016-11-10T16:24:44,2016-11-10T16:26:59,2016-11-10T16:25:52,248,UVIS_248ST_URALPLUP002_PRIME,ALP LUP,EGRESS,110,190,FAIR,336.99,337.03,337.013,205.723,206.675,206.202,53.9,0.02,6.13,657.314,0.158,19.784,22.96,27.928,ISS_246RF_FMOVIE002_PRIME,13.69,,36.64
UVIS_HSP_2016_315_LAMSCO_I,2016-11-10T17:30:51,2016-11-10T17:32:28,2016-11-10T17:31:40,248,UVIS_248ST_URLAMSCO001_PRIME,LAM SCO,BOTH,110,190,GOOD,202.57,202.9,202.736,45.171,45.491,45.332,41.7,0.01,9.48,657.644,0.079,8.182,9.361,15.952,ISS_246RF_FMOVIE002_PRIME,13.73,,36.6
UVIS_HSP_2017_051_BETCRU_I,2017-02-21T00:02:18,2017-02-21T00:04:06,2017-02-21T00:03:12,262,UVIS_262ST_BETCRURDI001_PRIME,BET CRU,INGRESS,110,190,GOOD,156.08,156.11,156.094,239.77,240.467,240.118,65.2,0.01,7.92,683.359,0.063,5.881,6.66,10.867,ISS_260RF_FMOVIE001_PRIME,15.51,,82.24
UVIS_HSP_2017_120_ALPCMA_I,2017-04-30T17:54:56,2017-04-30T17:58:17,2017-04-30T17:56:36,272,UVIS_272ST_URALPCMA001_VIMS,ALP CMA,BOTH,110,190,GOOD,190.05,190.48,190.263,226.468,227.393,226.929,13.5,-1.0,-1.0,711.144,0.059,5.833,6.301,10.58,,84.26,ISS_274RF_FMOVIE002_PRIME,13.49
UVIS_HSP_2017_120_ALPCMA_E,2017-05-01T01:24:08,2017-05-01T01:27:29,2017-05-01T01:25:49,272,UVIS_272ST_URALPCMA001_VIMS,ALP CMA,BOTH,110,190,GOOD,277.98,278.41,278.198,132.856,133.785,133.32,13.5,-1.0,-1.0,711.221,0.061,5.763,6.435,9.903,,84.57,ISS_274RF_FMOVIE002_PRIME,13.18
UVIS_HSP_2017_133_ALPCMA_E,2017-05-13T23:28:20,2017-05-13T23:30:56,2017-05-13T23:29:38,274,UVIS_274ST_URALPCMA001_VIMS,ALP CMA,EGRESS,110,190,GOOD,296.96,297.16,297.063,193.176,194.03,193.606,13.5,0.01,7.61,712.451,0.044,4.147,4.69,10.086,,97.49,ISS_274RF_FMOVIE002_PRIME,0.26
UVIS_HSP_2017_147_EPSCMA_E,2017-05-28T00:47:00,2017-05-28T00:50:28,2017-05-28T00:48:44,276,UVIS_276ST_UREPSCMA001_PRIME,EPS CMA,BOTH,110,190,GOOD,290.81,291.1,290.953,287.472,288.59,288.03,26.0,-1.0,-1.0,714.32,0.08,7.077,8.303,13.04,ISS_274RF_FMOVIE002_PRIME,13.79,,83.16
UVIS_HSP_2017_149_GAMORI_E,2017-05-29T17:26:24,2017-05-29T17:28:03,2017-05-29T17:27:13,276,UVIS_276ST_URGAMORI001_PRIME,GAM ORI,BOTH,110,190,GOOD,168.47,168.7,168.584,259.721,260.618,260.169,-11.2,-1.0,-1.0,714.341,0.051,3.827,5.262,10.192,ISS_274RF_FMOVIE002_PRIME,15.49,,81.47
UVIS_HSP_2017_156_EPSORI_I,2017-06-05T19:41:21,2017-06-05T19:42:19,2017-06-05T19:41:50,277,UVIS_277ST_UREPSORI001_PRIME,EPS ORI,BOTH,110,190,GOOD,263.61,264.14,263.878,186.849,187.768,187.312,-3.5,0.01,8.46,715.641,0.044,3.623,4.504,8.606,ISS_276RI_HIRESAFRG001_PRIME,8.7,,74.38
UVIS_HSP_2017_156_EPSORI_E,2017-06-05T21:23:17,2017-06-05T21:24:14,2017-06-05T21:23:46,277,UVIS_277ST_UREPSORI001_PRIME,EPS ORI,BOTH,110,190,GOOD,187.64,188.16,187.9,69.687,70.594,70.139,-3.5,0.01,8.52,715.641,0.046,3.306,4.719,8.186,ISS_274RF_FMOVIE002_PRIME,22.65,,74.31
UVIS_HSP_2017_156_ZETORI_I,2017-06-05T22:25:35,2017-06-05T22:26:14,2017-06-05T22:25:55,277,UVIS_277ST_URZETORI001_PRIME,ZET ORI,BOTH,110,190,GOOD,270.15,270.58,270.367,127.139,127.838,127.49,-2.7,0.01,8.59,715.641,0.031,2.509,3.192,7.18,ISS_274RF_FMOVIE002_PRIME,22.7,,74.26
UVIS_HSP_2017_156_ZETORI_E,2017-06-05T23:55:26,2017-06-05T23:56:05,2017-06-05T23:55:45,277,UVIS_277ST_URZETORI001_PRIME,ZET ORI,BOTH,110,190,GOOD,182.02,182.44,182.234,2.698,3.386,3.045,-2.7,0.01,8.6,715.641,0.046,3.816,4.679,8.094,ISS_276RI_HIRESAFRG001_PRIME,8.87,,74.2
UVIS_HSP_2017_171_KAPORI_I,2017-06-20T01:31:46,2017-06-20T01:35:32,2017-06-20T01:33:37,279,UVIS_279ST_KAPORITKA001_PIE,KAP ORI,BOTH,110,190,GOOD,206.7,208.17,207.423,121.156,121.219,121.186,5.2,0.01,9.17,718.891,0.033,2.978,3.404,7.658,,36.83,,60.13
UVIS_HSP_2017_171_KAPORI_E,2017-06-20T02:47:21,2017-06-20T02:51:08,2017-06-20T02:49:16,279,UVIS_279ST_KAPORITKA001_PIE,KAP ORI,BOTH,110,190,FAIR,237.67,239.15,238.421,121.581,121.641,121.613,5.2,0.01,9.17,718.891,0.032,2.944,3.303,7.317,,36.88,,60.08
UVIS_HSP_2017_177_KAPORI_I,2017-06-26T11:33:48,2017-06-26T11:35:31,2017-06-26T11:34:39,280,UVIS_280ST_KAPORITKB001_PIE,KAP ORI,BOTH,110,190,FAIR,186.54,187.1,186.819,325.828,325.968,325.898,5.2,0.01,8.95,720.707,0.068,5.718,7.033,11.563,,43.24,,53.71
UVIS_HSP_2017_177_KAPORI_E,2017-06-26T14:20:39,2017-06-26T14:22:22,2017-06-26T14:21:30,280,UVIS_280ST_KAPORITKB001_PIE,KAP ORI,BOTH,110,190,FAIR,258.73,259.29,259.009,330.586,330.724,330.656,5.2,0.01,8.95,721.068,0.046,3.459,4.666,8.544,ISS_276RI_HIRESAFRG001_PRIME,29.48,,53.6
UVIS_HSP_2017_178_ALPCMA_I,2017-06-27T17:25:26,2017-06-27T17:28:14,2017-06-27T17:26:50,281,UVIS_281RI_ALPCMAOCC001_VIMS,ALP CMA,BOTH,110,190,GOOD,109.35,109.6,109.477,243.57,244.949,244.261,13.5,-1.0,-1.0,721.269,0.05,4.278,5.109,10.302,,44.49,,52.47
UVIS_HSP_2017_178_ALPCMA_E,2017-06-28T02:59:12,2017-06-28T03:02:00,2017-06-28T03:00:36,281,UVIS_281RI_ALPCMAOCC001_VIMS,ALP CMA,BOTH,110,190,GOOD,351.24,351.49,351.361,253.578,254.96,254.264,13.5,-1.0,-1.0,721.505,0.038,3.459,3.917,7.95,,44.89,,52.07
UVIS_HSP_2017_183_KAPORI_I,2017-07-02T22:12:01,2017-07-02T22:13:20,2017-07-02T22:12:40,281,UVIS_281ST_KAPORITKC001_PIE,KAP ORI,BOTH,110,190,FAIR,173.3,173.65,173.472,162.819,163.013,162.916,5.2,-1.0,-1.0,723.065,0.05,4.149,5.196,9.895,,49.69,,47.27
UVIS_HSP_2017_184_KAPORI_E,2017-07-03T01:47:22,2017-07-03T01:48:42,2017-07-03T01:48:02,281,UVIS_281ST_KAPORITKC001_PIE,KAP ORI,BOTH,110,190,FAIR,272.21,272.56,272.388,174.697,174.89,174.793,5.2,-1.0,-1.0,723.065,0.041,3.586,4.222,8.579,,49.84,,47.12
UVIS_HSP_2017_185_ALPCMA_I,2017-07-04T05:08:25,2017-07-04T05:11:36,2017-07-04T05:10:00,282,UVIS_282RI_ALPCMAOCC001_VIMS,ALP CMA,BOTH,110,190,GOOD,98.8,99.16,98.983,56.974,58.624,57.802,13.5,-1.0,-1.0,723.536,0.03,2.599,3.158,8.206,,50.98,,45.98
UVIS_HSP_2017_185_ALPCMA_E,2017-07-04T13:34:31,2017-07-04T13:37:43,2017-07-04T13:36:07,282,UVIS_282RI_ALPCMAOCC001_VIMS,ALP CMA,BOTH,110,190,GOOD,0.88,1.24,1.057,114.511,116.164,115.334,13.5,-1.0,-1.0,723.536,0.034,3.068,3.564,7.064,,51.33,,45.63
UVIS_HSP_2017_227_DELORI_I,2017-08-15T15:26:49,2017-08-15T15:27:47,2017-08-15T15:27:18,288,UVIS_288ST_DELORITKB001_PIE,DEL ORI,BOTH,110,190,GOOD,355.91,356.28,356.096,102.937,102.968,102.952,-4.5,-1.0,-1.0,744.516,0.034,2.848,3.46,7.794,,93.4,ISS_289RF_FMOVIE001_PRIME,3.55
UVIS_HSP_2017_227_DELORI_E,2017-08-15T17:55:48,2017-08-15T17:56:46,2017-08-15T17:56:17,288,UVIS_288ST_DELORITKB001_PIE,DEL ORI,BOTH,110,190,FAIR,91.86,92.23,92.046,138.678,138.707,138.693,-4.5,-1.0,-1.0,744.516,0.033,2.513,3.354,7.945,,93.51,ISS_289RF_FMOVIE001_PRIME,3.45
UVIS_HSP_2017_228_BETORI_I,2017-08-16T17:26:40,2017-08-16T17:27:24,2017-08-16T17:27:02,288,UVIS_288ST_BETORITKC001_PIE,BET ORI,BOTH,110,190,FAIR,160.84,161.13,160.987,357.481,357.499,357.49,3.1,-1.0,-1.0,744.473,0.04,3.376,4.1,7.065,,80.6,ISS_289RF_FMOVIE001_PRIME,2.47
