Observation,Slice#,Num Data,Date,Min Long,Max Long,Min Res,Max Res,Mean Res,Min Phase,Max Phase,Mean Phase,Min Emission,Max Emission,Mean Emission,Incidence,% Coverage,EW,EW Std,Normal EW,Normal EW Std,EWI,EWI Std,Normal EWI,Normal EWI Std,EWC,EWC Std,Normal EWC,Normal EWC Std,EWO,EWO Std,Normal EWO,Normal EWO Std
ISS_000RI_SATSRCHAP001_PRIME,0,18000,2004-06-20T20:03:28,0.0,359.98,38.196,61.67,41.729,67.141,67.351,67.308,73.763,73.946,73.911,65.45,100.0,2.2495,0.70215,0.6234,0.1945,0.31557,0.05419,0.08745,0.01499,1.43138,0.61523,0.39668,0.17045,0.50255,0.14867,0.13927,0.04118
ISS_006RI_LPHRLFMOV001_PRIME,0,17335,2005-04-13T02:37:52,0.0,359.98,5.923,16.442,7.041,31.15,39.419,35.554,83.151,83.713,83.452,67.982,96.30555555555556,4.01741,0.76484,0.45796,0.08745,0.92843,0.27222,0.10546,0.02935,2.67951,0.829,0.30577,0.09561,0.40947,0.03544,0.04673,0.00465
ISS_007RI_HPMRDFMOV001_PRIME,0,13029,2005-05-03T22:29:04,0.0,359.98,4.329,11.616,5.4,117.135,132.132,123.492,93.807,98.353,95.762,68.187,72.38333333333333,9.45168,1.45101,0.95853,0.31017,2.17833,0.58633,0.20596,0.01053,5.54405,1.77568,0.58405,0.30301,1.7293,0.24685,0.16853,0.02101
ISS_007RI_LPHRLFMOV001_PRIME,0,11401,2005-05-01T04:07:28,0.0,359.98,6.252,7.685,7.003,29.889,35.79,33.598,68.62,69.583,69.034,68.16,63.33888888888889,1.19041,0.34768,0.42591,0.12465,0.15475,0.03253,0.05536,0.01167,0.83155,0.34319,0.29765,0.12342,0.20411,0.05521,0.0729,0.01914
ISS_00ARI_SPKMOVPER001_PRIME,0,17230,2004-11-15T08:52:32,13.6,358.18,27.04,45.259,29.494,84.213,84.906,84.573,77.211,77.44,77.322,66.603,95.72222222222221,2.68747,0.60501,0.58979,0.13263,0.33187,0.04378,0.07283,0.00961,1.66392,0.56664,0.36513,0.1242,0.69168,0.30855,0.15183,0.06787
ISS_029RF_FMOVIE001_VIMS,0,16858,2006-09-28T20:32:15,0.94,338.08,9.415,10.431,9.882,158.301,161.915,160.131,120.74,122.667,121.746,74.335,93.65555555555557,10.84463,2.3338,5.69694,1.18831,2.39341,0.171,1.25821,0.07596,6.12839,2.0632,3.21765,1.06727,2.32283,0.38555,1.22107,0.19539
ISS_029RF_FMOVIE002_VIMS,0,10685,2006-09-30T00:32:15,0.0,359.98,11.066,11.545,11.278,158.804,161.012,159.932,118.488,119.568,118.991,74.349,59.36111111111111,11.58294,2.16441,5.60715,1.01287,3.08388,0.14706,1.49436,0.06567,7.26988,1.97741,3.51745,0.93572,1.22919,0.11376,0.59535,0.05084
ISS_030RF_FMOVIE001_VIMS,0,9616,2006-10-16T01:34:07,0.0,359.98,10.425,10.866,10.629,150.449,152.596,151.523,130.151,131.516,130.85,74.566,53.422222222222224,5.69508,1.03654,3.725,0.67782,1.16749,0.07181,0.76339,0.04336,3.3062,0.94776,2.16279,0.62012,1.22139,0.18067,0.79881,0.11838
ISS_031RF_FMOVIE001_VIMS,0,16737,2006-10-31T18:37:35,0.0,359.98,9.339,9.822,9.591,156.15,160.32,158.297,124.792,128.279,126.522,74.784,92.98333333333333,8.70545,1.27511,5.17898,0.76044,2.24345,0.27819,1.33136,0.13505,4.97615,1.26763,2.96457,0.77066,1.48585,0.15126,0.88305,0.08205
ISS_032RF_FMOVIE001_VIMS,0,16730,2006-11-12T17:53:35,0.0,359.98,9.308,9.793,9.562,155.705,159.978,157.907,124.903,128.405,126.636,74.949,92.94444444444444,8.49335,1.69946,5.05429,0.94471,2.14264,0.2055,1.27582,0.09744,4.63379,1.48883,2.75554,0.8557,1.71693,0.19651,1.02293,0.10577
ISS_033RF_FMOVIE001_VIMS,0,17166,2006-11-25T16:52:47,0.0,359.98,10.04,10.408,10.174,159.649,160.813,160.266,119.085,122.613,120.886,75.128,95.36666666666666,10.86615,1.5425,5.56991,0.75872,2.91796,0.12706,1.49678,0.05711,6.17966,1.57793,3.16528,0.79286,1.76853,0.0979,0.90785,0.05798
ISS_036RF_FMOVIE001_VIMS,0,18000,2006-12-23T09:43:43,0.0,359.98,11.699,11.85,11.773,158.585,161.006,159.767,122.63,125.777,124.287,75.513,100.0,11.38567,4.47397,6.42705,2.62254,3.22549,1.95501,1.82418,1.14595,7.01537,2.7431,3.95578,1.59088,1.14481,0.49171,0.64709,0.28965
ISS_036RF_FMOVIE002_VIMS,0,16046,2007-01-05T14:31:59,0.0,359.98,10.175,10.557,10.362,131.067,135.709,133.367,143.631,145.695,144.777,75.696,89.14444444444445,2.69685,2.34503,2.19939,1.90496,0.82057,1.53336,0.66868,1.24712,1.5158,1.02457,1.23654,0.83153,0.36048,0.13594,0.29416,0.10984
ISS_039RF_FMOVIE001_VIMS,0,18000,2007-02-27T07:18:39,0.0,359.98,10.153,10.245,10.194,101.403,108.096,104.843,143.666,146.751,145.321,76.44,100.0,1.48794,0.80804,1.21979,0.65327,0.2138,0.07766,0.17567,0.06294,0.98255,0.65422,0.80499,0.52997,0.2916,0.21638,0.23913,0.1758
ISS_039RF_FMOVIE002_VIMS,0,16520,2007-02-10T11:47:11,0.0,359.98,10.222,10.287,10.255,125.326,131.163,128.211,146.776,148.766,147.939,76.201,91.77777777777779,2.31899,1.38693,1.96358,1.1725,0.46707,0.43116,0.39583,0.36527,1.41683,0.91688,1.19966,0.77499,0.43509,0.35238,0.36809,0.29756
ISS_039RF_FMOVIE003_VIMS,0,3535,2007-02-11T15:43:11,74.0,144.68,10.106,10.164,10.132,136.474,137.878,137.127,143.367,144.375,143.942,76.211,19.63888888888889,2.2874,0.31603,1.84906,0.25469,0.41695,0.0243,0.33703,0.01889,1.33221,0.30117,1.07683,0.2428,0.53824,0.045,0.4352,0.03732
ISS_041RF_FMOVIE001_VIMS,0,15410,2007-03-31T09:35:11,44.0,352.18,11.851,11.957,11.863,82.179,85.653,83.939,128.183,130.514,129.406,76.896,85.61111111111111,1.7403,0.74028,1.10166,0.46059,0.44269,0.38595,0.27911,0.24058,1.07942,0.57695,0.68384,0.36214,0.21819,0.06828,0.13871,0.04389
ISS_041RF_FMOVIE002_VIMS,0,18000,2007-03-17T03:49:19,0.0,359.98,10.416,10.754,10.593,106.21,111.872,109.034,143.602,145.442,144.574,76.694,100.0,1.63495,0.84601,1.33131,0.6861,0.32071,0.19592,0.26095,0.15849,1.04126,0.68863,0.84783,0.55902,0.27297,0.13968,0.22253,0.11384
ISS_043RF_FMOVIE001_VIMS,0,17830,2007-04-18T03:26:39,0.0,359.98,12.019,12.323,12.172,83.668,87.286,85.497,125.62,127.654,126.643,77.153,99.05555555555556,1.76122,0.76105,1.05137,0.45476,0.47249,0.40646,0.28144,0.242,1.04446,0.55645,0.62402,0.33329,0.24427,0.05595,0.1459,0.03407
ISS_044RF_FMOVIE001_VIMS,0,18000,2007-05-05T04:51:11,0.0,359.98,11.896,12.369,12.136,80.254,83.496,81.885,118.64,120.156,119.404,77.399,100.0,2.02404,0.70312,0.99593,0.35531,0.48338,0.33991,0.23881,0.17041,1.19695,0.65592,0.58871,0.32732,0.34371,0.0837,0.16841,0.03978
ISS_051RI_LPMRDFMOV001_PRIME,0,15876,2007-10-18T21:11:11,0.0,359.98,17.492,82.404,29.78,54.899,57.003,56.086,93.996,94.141,94.081,79.85,88.2,7.89023,1.36288,0.56116,0.09504,1.54087,0.31206,0.10961,0.02187,4.15153,1.10561,0.29522,0.07766,2.19782,0.54107,0.15633,0.03818
ISS_055RF_FMOVIE001_VIMS,0,16438,2007-12-31T15:47:27,24.94,353.68,9.032,10.012,9.511,62.879,67.796,65.263,122.066,123.774,122.906,80.96,91.32222222222222,1.14748,0.25332,0.62368,0.13953,0.36833,0.0825,0.20008,0.04517,0.60317,0.24304,0.32805,0.13337,0.17598,0.01536,0.09556,0.00795
ISS_055RI_LPMRDFMOV001_PRIME,0,18000,2008-01-07T08:07:59,0.0,359.98,9.418,10.141,9.799,19.03,22.698,20.902,99.563,102.615,101.133,81.063,100.0,2.93424,0.45432,0.5654,0.09364,0.99586,0.18469,0.19111,0.03434,1.38095,0.43703,0.26756,0.093,0.55743,0.06442,0.10673,0.00558
ISS_057RF_FMOVIE001_VIMS,0,16117,2008-01-23T14:10:23,0.0,359.98,9.782,10.452,10.033,42.464,46.135,44.255,117.107,119.432,118.249,81.308,89.53888888888889,1.21252,0.27762,0.5735,0.12941,0.36701,0.08547,0.17343,0.03928,0.61778,0.2592,0.29239,0.12246,0.22774,0.0435,0.10767,0.01958
ISS_059RF_FMOVIE001_VIMS,0,16612,2008-02-17T12:25:03,0.0,359.98,8.524,9.349,8.935,42.97,47.116,44.965,121.279,124.365,122.766,81.687,92.28888888888889,1.09113,0.31713,0.59023,0.17015,0.34909,0.07273,0.18883,0.03915,0.63294,0.31013,0.34236,0.16686,0.10909,0.01362,0.05904,0.00744
ISS_059RF_FMOVIE002_VIMS,0,18000,2008-02-24T12:27:11,0.0,359.98,9.266,10.376,9.477,23.656,26.862,25.226,104.391,108.35,106.388,81.794,100.0,2.06067,0.4119,0.58057,0.12119,0.68159,0.13879,0.19084,0.03339,1.08654,0.41805,0.30751,0.12312,0.29253,0.02992,0.08221,0.00741
ISS_061RI_LPMRDFMOV001_PRIME,0,10861,2008-03-15T10:14:07,139.08,356.28,7.988,22.225,9.049,12.616,15.163,13.916,94.207,97.141,95.731,82.093,60.33888888888889,5.25797,1.06681,0.51041,0.05834,1.53624,0.38169,0.14799,0.0173,2.70544,0.67409,0.26381,0.05452,1.01629,0.18376,0.09861,0.00526
ISS_068RF_FMOVIE001_VIMS,0,8301,2008-05-15T23:55:27,0.0,359.98,5.377,6.568,6.042,44.146,56.186,49.294,126.222,136.356,130.643,83.037,46.11666666666667,0.79662,0.1281,0.51822,0.08928,0.26328,0.03877,0.17112,0.02654,0.39727,0.12182,0.25869,0.08229,0.13607,0.0081,0.08841,0.00592
ISS_075RF_FMOVIE002_VIMS,0,17932,2008-07-05T01:53:35,0.0,359.98,6.013,6.885,6.475,28.938,37.32,32.89,112.495,121.122,116.617,83.807,99.62222222222222,1.14735,0.16776,0.51203,0.07862,0.28855,0.05146,0.1279,0.017,0.63948,0.14911,0.28662,0.07463,0.21932,0.02921,0.09751,0.01025
ISS_079RF_FRINGMRLF002_PRIME,0,11291,2008-08-06T01:42:23,79.6,305.4,8.635,13.675,10.894,21.175,28.065,24.347,63.588,72.51,68.244,84.295,62.72777777777778,1.63957,0.44302,0.60493,0.17208,0.43273,0.10703,0.15755,0.03016,1.00461,0.39866,0.37331,0.15805,0.20223,0.02616,0.07407,0.00672
ISS_080RF_FMOVIE005_PRIME,0,5213,2008-08-14T06:50:39,66.74,170.98,6.609,14.91,7.207,14.243,15.013,14.542,81.263,83.724,82.548,84.419,28.96111111111111,3.5521,0.54351,0.45729,0.06285,1.27987,0.23618,0.16403,0.02389,1.85304,0.44962,0.23968,0.05959,0.41918,0.07758,0.05358,0.00573
ISS_081RI_FMOVIE106_VIMS,0,15915,2008-08-20T00:36:15,0.0,359.98,3.466,4.928,4.228,29.143,47.495,37.117,39.289,60.611,51.215,84.513,88.41666666666667,0.87717,0.2341,0.53502,0.11689,0.27713,0.05736,0.17002,0.03037,0.50784,0.1957,0.30884,0.1061,0.09219,0.02289,0.05616,0.01017
ISS_083RI_FMOVIE109_VIMS,0,15995,2008-08-30T16:19:11,31.78,351.66,6.956,7.7,7.119,20.905,26.548,23.624,103.18,110.271,106.689,84.677,88.86111111111111,1.83861,0.51703,0.51603,0.11782,0.60535,0.13523,0.17027,0.02593,0.98947,0.41389,0.27688,0.10529,0.2438,0.05962,0.06888,0.01472
ISS_085RF_FMOVIE003_PRIME_1,0,9055,2008-09-15T23:01:19,65.92,248.78,5.248,5.789,5.519,41.461,48.005,44.65,126.377,132.641,129.466,84.925,50.30555555555556,0.81212,0.20384,0.51255,0.11498,0.24775,0.02788,0.15716,0.01681,0.42387,0.1836,0.2665,0.10836,0.1405,0.03999,0.08889,0.02376
ISS_085RF_FMOVIE003_PRIME_2,0,6245,2008-09-16T06:34:07,120.46,245.34,5.287,6.073,5.641,48.221,53.0,50.582,130.326,135.655,132.95,84.928,34.69444444444444,0.77332,0.17979,0.52426,0.11176,0.2063,0.02756,0.14017,0.01643,0.44467,0.16663,0.30075,0.10754,0.12235,0.00838,0.08333,0.00607
ISS_087RF_FMOVIE003_PRIME,0,13961,2008-09-30T16:28:15,0.0,359.98,4.905,5.855,5.388,44.651,54.237,49.155,125.562,136.736,130.89,85.155,77.56111111111112,0.83552,0.17097,0.54873,0.12842,0.23303,0.04532,0.15199,0.02796,0.4793,0.16101,0.31633,0.1161,0.1232,0.0062,0.08042,0.00506
ISS_089RF_FMOVIE003_PRIME,0,14613,2008-10-14T22:37:51,0.0,359.98,5.66,6.458,6.052,38.92,46.087,42.326,117.97,127.251,122.475,85.375,81.18333333333332,1.04096,0.20358,0.55925,0.11809,0.32245,0.06296,0.17184,0.02908,0.58759,0.19141,0.31735,0.10912,0.13092,0.0088,0.07006,0.00512
ISS_091RF_FMOVIE003_PRIME,0,15376,2008-10-29T20:23:27,27.78,335.28,5.749,8.673,7.143,43.519,55.778,49.204,127.867,141.26,134.18,85.606,85.42222222222222,1.06191,0.32123,0.7286,0.19397,0.30096,0.06787,0.2075,0.04025,0.57054,0.28467,0.3897,0.18449,0.19041,0.03074,0.1314,0.01747
ISS_092RF_FMOVIE003_PRIME,0,3514,2008-11-07T03:06:39,230.4,300.66,5.826,6.169,5.957,48.894,51.155,50.107,132.839,135.374,134.18,85.728,19.522222222222222,0.79819,0.11557,0.55638,0.0819,0.24164,0.02841,0.16831,0.01914,0.46624,0.11354,0.32512,0.08014,0.09031,0.00736,0.06295,0.00535
ISS_093RF_FMOVIE003_PRIME,0,11328,2008-11-14T15:06:39,0.0,359.98,6.052,6.615,6.343,40.236,46.93,43.472,126.077,132.494,129.22,85.848,62.93333333333333,0.80856,0.10947,0.51166,0.07613,0.19818,0.01652,0.12516,0.01083,0.47195,0.10512,0.29909,0.07051,0.13843,0.00799,0.0874,0.00488
ISS_094RF_FMOVIE001_PRIME_1,0,8630,2008-11-21T21:26:55,0.0,359.98,6.23,6.567,6.408,36.091,41.009,38.492,121.865,126.966,124.38,85.959,47.94444444444444,0.80038,0.10231,0.45169,0.0592,0.2061,0.01688,0.11636,0.01055,0.44464,0.09572,0.25105,0.05518,0.14965,0.01662,0.08427,0.00788
ISS_094RF_FMOVIE001_PRIME_2,0,4610,2008-11-22T04:36:47,81.96,175.66,6.362,6.926,6.626,43.731,46.363,45.016,125.857,129.081,127.435,85.961,25.61111111111111,0.72184,0.11021,0.43862,0.06707,0.25332,0.03311,0.15404,0.02088,0.32884,0.11029,0.19984,0.06717,0.13968,0.0199,0.08474,0.01106
ISS_096RF_FMOVIE004_PRIME,0,15282,2008-12-10T18:01:03,0.0,359.98,3.797,5.276,4.507,52.913,74.093,62.569,17.417,40.63,29.944,86.254,84.89999999999999,0.60455,0.08801,0.52178,0.09137,0.15963,0.02018,0.13717,0.01748,0.35702,0.08269,0.309,0.08026,0.0879,0.00775,0.07561,0.00785
ISS_100RF_FMOVIE003_PRIME,0,13338,2009-01-11T10:41:34,6.44,273.18,5.85,6.291,6.078,36.25,47.223,41.527,122.902,133.626,128.182,86.743,74.1,0.73102,0.11076,0.44959,0.06397,0.25296,0.03741,0.1562,0.02575,0.37207,0.09797,0.22816,0.05608,0.106,0.01096,0.06523,0.00652
ISS_103RF_FMOVIE003_PRIME,0,11471,2009-02-10T14:28:46,0.0,359.98,6.205,6.445,6.327,69.849,82.182,75.983,150.193,155.545,153.128,87.209,63.72777777777778,0.73445,0.17639,0.6545,0.15561,0.21033,0.0402,0.18745,0.03544,0.4197,0.16842,0.37392,0.14926,0.10443,0.00574,0.09312,0.0054
ISS_104RF_FMOVIE003_PRIME,0,3181,2009-02-25T00:06:54,0.0,359.98,5.011,5.11,5.039,142.832,146.622,144.782,112.185,116.398,114.288,87.426,17.672222222222224,6.06193,1.09585,2.47449,0.34727,2.01409,0.28459,0.82371,0.08713,3.13378,0.84135,1.27586,0.29589,0.91406,0.05485,0.37493,0.00921
ISS_105RF_FMOVIE002_PRIME,0,14099,2009-03-11T11:51:58,0.0,359.98,5.323,5.658,5.487,98.879,112.068,105.575,23.153,25.639,23.899,87.657,78.32777777777777,0.89085,0.22124,0.81463,0.20337,0.2685,0.04475,0.24542,0.04059,0.47479,0.21248,0.43433,0.19502,0.14755,0.01781,0.13488,0.01615
ISS_105RF_FMOVIE003_PRIME,0,5474,2009-03-04T08:46:54,0.0,359.98,7.078,7.235,7.095,33.541,35.013,34.259,110.73,114.441,112.583,87.541,30.41111111111111,1.28013,0.17333,0.49313,0.08154,0.41897,0.0428,0.16066,0.01603,0.68094,0.18373,0.26335,0.07931,0.18023,0.01188,0.06911,0.00431
ISS_106RF_FMOVIE002_PRIME,0,13552,2009-03-23T11:07:10,0.0,359.98,5.312,5.638,5.472,99.884,112.456,106.237,23.128,25.736,23.85,87.842,75.28888888888889,0.89377,0.30363,0.81686,0.27532,0.24166,0.03851,0.22097,0.035,0.50824,0.2722,0.46439,0.24752,0.14387,0.03427,0.1315,0.03091
ISS_107RF_FMOVIE002_PRIME,0,7463,2009-03-29T16:51:42,188.48,337.72,7.083,7.131,7.096,54.925,61.22,58.11,139.907,144.157,142.101,87.934,41.46111111111111,0.73649,0.2821,0.57878,0.21286,0.14922,0.02074,0.11769,0.01614,0.46941,0.25088,0.36841,0.19093,0.11786,0.0324,0.09268,0.02406
ISS_108RF_FMOVIE001_PRIME,0,11667,2009-04-16T10:34:06,0.0,359.98,7.814,7.859,7.825,100.748,107.744,104.254,142.255,147.304,144.946,88.21,64.81666666666666,1.14115,0.75191,0.92822,0.59658,0.2304,0.08543,0.18809,0.06751,0.73022,0.65832,0.59287,0.5247,0.18053,0.07975,0.14725,0.0629
ISS_110RF_FMOVIE002_PRIME,0,12616,2009-05-10T09:03:58,49.94,302.24,5.532,5.761,5.639,52.806,66.26,59.308,56.303,70.077,63.253,88.58,70.08888888888889,1.23832,0.30192,0.54844,0.12044,0.25586,0.0521,0.1118,0.00825,0.78208,0.27158,0.34827,0.11781,0.20039,0.03392,0.08838,0.01036
ISS_111RF_FMOVIE002_PRIME,0,9666,2009-05-26T09:08:14,0.0,359.98,5.278,21.155,5.905,34.336,38.283,36.065,92.949,103.212,98.019,88.825,53.7,4.72272,2.53212,0.53021,0.09033,0.92097,0.47133,0.10516,0.00686,2.92778,1.6319,0.32849,0.07322,0.87397,0.48768,0.09656,0.02099
ISS_112RF_FMOVIE002_PRIME_1,0,9096,2009-06-10T11:51:26,0.0,359.98,4.215,5.529,4.618,17.108,21.661,18.808,97.808,109.738,104.166,89.058,50.53333333333333,2.09727,0.53521,0.48341,0.07197,0.73636,0.28667,0.16411,0.02659,1.03731,0.2581,0.24507,0.06792,0.32361,0.08481,0.07422,0.00828
ISS_112RF_FMOVIE002_PRIME_2,0,6533,2009-06-10T19:18:22,0.0,359.98,5.198,5.943,5.297,33.752,34.879,34.217,109.649,117.236,113.525,89.061,36.294444444444444,1.34047,0.12446,0.53568,0.07753,0.27035,0.04004,0.10661,0.00922,0.84749,0.12926,0.33972,0.06957,0.22263,0.02277,0.08934,0.01618
ISS_114RF_FMOVIEEQX001_PRIME,0,15013,2009-07-13T20:02:06,0.0,359.98,8.778,9.725,9.204,88.168,92.177,90.25,130.722,132.91,131.886,89.574,83.40555555555555,1.08007,0.22617,0.72013,0.1466,0.27865,0.04822,0.18608,0.03251,0.64346,0.22386,0.42875,0.14709,0.15797,0.02939,0.1053,0.01856
ISS_115RF_FMOVIEEQX001_PRIME,0,15721,2009-07-30T01:05:34,0.0,359.98,9.999,11.025,10.386,98.879,101.838,100.416,117.346,119.101,118.237,89.824,87.33888888888889,1.55679,0.28601,0.73627,0.13392,0.42487,0.06519,0.20112,0.03171,0.874,0.28866,0.41327,0.13579,0.25793,0.04651,0.12187,0.02106
ISS_132RI_FMOVIE001_VIMS,0,15237,2010-05-31T23:02:54,32.54,347.08,7.372,10.859,8.129,119.849,125.547,122.49,79.423,80.122,79.836,85.538,84.65,5.85984,0.70678,1.03377,0.1243,1.84156,0.16289,0.32505,0.03013,3.17469,0.71165,0.55966,0.12397,0.84359,0.10016,0.14906,0.01957
ISS_168RF_FMOVIE001_PRIME,0,10745,2012-06-25T03:03:58,0.0,359.98,10.752,14.08,11.405,108.712,111.52,110.102,110.622,111.005,110.772,75.174,59.69444444444445,2.75164,0.84773,0.97573,0.30026,0.68875,0.03446,0.24426,0.01202,1.84871,0.80081,0.65554,0.28387,0.21418,0.03818,0.07593,0.01335
ISS_172RF_FMOVIE001_PRIME,0,15386,2012-09-20T17:37:33,0.0,359.98,10.02,10.918,10.462,110.869,115.317,113.062,121.627,122.193,121.919,74.117,85.47777777777777,1.91279,0.54492,1.01148,0.28874,0.27454,0.02202,0.14516,0.01178,1.43914,0.51781,0.761,0.27415,0.19911,0.04586,0.10532,0.02449
ISS_172RI_EGAPMOVMP002_PRIME,0,18000,2012-10-01T13:11:25,0.0,359.98,14.313,14.93,14.578,71.728,74.516,73.129,114.739,116.295,115.532,73.988,100.0,1.60855,0.47342,0.693,0.20233,0.31194,0.01962,0.13442,0.00824,1.14642,0.44107,0.49393,0.18891,0.15019,0.04522,0.06465,0.0191
ISS_173RF_FMOVIE001_PRIME_1,0,11456,2012-10-15T19:43:57,3.62,232.72,7.717,9.039,8.032,137.364,142.122,139.499,123.756,124.323,124.078,73.827,63.644444444444446,3.73076,0.68721,2.09058,0.38591,1.18031,0.09496,0.66141,0.05394,2.31491,0.62858,1.29718,0.35251,0.23555,0.02775,0.132,0.01568
ISS_173RF_FMOVIE001_PRIME_2,0,11431,2012-10-16T03:46:37,3.46,232.06,7.214,9.851,7.873,153.296,160.866,157.206,118.24,123.414,120.861,73.821,63.50555555555556,10.17224,1.95961,5.18215,0.84419,2.53826,0.46726,1.29158,0.18685,6.53343,1.37287,3.33272,0.63584,1.10056,0.31413,0.55785,0.1362
ISS_174RF_FRSTRCHAN001_PRIME_1,0,8993,2012-11-08T21:59:57,0.0,359.98,7.419,7.946,7.661,150.423,156.162,153.246,121.053,123.746,122.499,73.545,49.96111111111111,7.83764,1.46937,4.2055,0.76659,2.40408,0.26969,1.28883,0.12062,4.80089,1.37885,2.57832,0.73894,0.63267,0.18108,0.33836,0.09151
ISS_174RF_FRSTRCHAN001_PRIME_2,0,8989,2012-11-09T05:18:21,0.0,359.98,6.443,7.286,6.801,143.816,149.517,146.562,119.127,121.815,120.558,73.543,49.93888888888889,5.8477,1.21235,2.96812,0.59823,1.66772,0.19616,0.84561,0.08051,3.65657,1.13088,1.85791,0.57271,0.52342,0.14359,0.2646,0.06744
ISS_176RF_FMOVIE001_PRIME,0,15929,2012-12-06T18:33:01,0.0,359.98,8.231,9.427,8.842,103.367,111.681,107.341,146.126,148.364,147.337,73.222,88.49444444444444,1.10933,0.36406,0.93416,0.30763,0.27894,0.01886,0.23488,0.01697,0.77616,0.35344,0.65363,0.29822,0.05423,0.01323,0.04565,0.01111
ISS_177RF_FMOVIE001_PRIME_1,0,7288,2012-12-18T20:33:33,0.0,359.98,9.538,9.73,9.631,93.818,96.503,95.162,135.559,136.707,136.141,73.087,40.488888888888894,1.13514,0.30583,0.81849,0.22122,0.17053,0.01118,0.12296,0.00809,0.87974,0.29638,0.63433,0.21436,0.08487,0.0165,0.0612,0.01197
ISS_177RF_FMOVIE001_PRIME_2,0,7252,2012-12-19T02:29:49,0.0,359.98,9.728,10.032,9.881,89.212,92.207,90.664,139.676,141.383,140.509,73.086,40.28888888888889,0.97113,0.27674,0.74943,0.21452,0.24143,0.01693,0.18631,0.01318,0.70167,0.26788,0.54148,0.2076,0.02803,0.01279,0.02164,0.00991
ISS_177RF_FRSTRCHAN001_PRIME_1,0,8721,2012-12-25T02:34:37,0.0,359.98,5.797,10.796,6.219,16.341,21.4,19.004,75.784,81.641,78.874,73.016,48.449999999999996,3.06473,0.74724,0.58264,0.1447,0.37577,0.09469,0.06997,0.00933,2.42128,0.6845,0.46339,0.14492,0.26768,0.09542,0.04928,0.01268
ISS_177RF_FRSTRCHAN001_PRIME_2,0,5716,2012-12-25T09:20:29,0.0,359.98,6.336,16.68,7.149,9.765,13.516,11.749,81.488,84.342,82.991,73.015,31.755555555555553,5.14218,1.33924,0.61988,0.15545,1.39063,0.24601,0.16678,0.0192,3.49112,1.2073,0.42183,0.14713,0.26043,0.05265,0.03127,0.00486
ISS_178RI_EGAPMOVMP001_PRIME,0,3271,2012-12-30T13:19:57,72.62,335.66,10.048,10.187,10.122,70.925,74.854,72.833,127.556,130.2,128.843,72.954,18.172222222222224,1.01274,0.26552,0.63534,0.16813,0.26544,0.01798,0.16647,0.01164,0.70872,0.25644,0.4447,0.16207,0.03857,0.00599,0.02417,0.00364
ISS_179RF_FMOVIE001_PRIME,0,18000,2013-01-13T18:33:33,0.0,359.98,9.499,10.251,9.851,87.333,93.616,90.429,133.786,136.861,135.339,72.79,100.0,1.07975,0.26355,0.76744,0.18529,0.13562,0.01078,0.09647,0.00793,0.84171,0.2586,0.59811,0.18192,0.10241,0.01443,0.07287,0.01059
ISS_179RF_FRINGPHOT001_VIMS,0,4351,2013-01-17T23:20:29,75.88,166.84,3.71,4.117,3.917,151.913,160.866,156.232,116.81,123.911,120.546,72.75,24.172222222222224,10.8811,2.52486,5.48445,1.10746,3.24293,0.72178,1.62498,0.26024,7.12314,2.09811,3.60125,1.01354,0.51503,0.20824,0.25821,0.0939
ISS_180RF_FMOVIE001_PRIME,0,15103,2013-01-27T17:43:25,0.0,359.98,10.651,11.657,11.165,90.557,96.799,93.615,139.958,142.8,141.394,72.636,83.90555555555555,0.97122,0.22804,0.75898,0.1784,0.19676,0.01392,0.15373,0.01087,0.70418,0.22181,0.55031,0.17338,0.07028,0.01322,0.05493,0.01043
ISS_180RF_HIRESFRNG001_PRIME,0,4237,2013-02-01T15:06:37,233.08,321.66,2.833,3.179,3.001,50.885,66.657,58.373,22.257,28.132,24.699,72.585,23.53888888888889,0.65237,0.10721,0.59215,0.09577,0.1626,0.00508,0.14768,0.00566,0.45115,0.10466,0.40944,0.0938,0.03862,0.00448,0.03503,0.00376
ISS_181RF_FMOVIE001_PRIME,0,18000,2013-02-09T18:25:33,0.0,359.98,9.219,10.14,9.656,90.826,97.561,94.149,136.21,139.135,137.705,72.488,100.0,1.05023,0.3017,0.77716,0.2258,0.18576,0.01128,0.13741,0.00881,0.76338,0.29263,0.56497,0.21855,0.10109,0.01959,0.07478,0.01469
ISS_181RF_FRINGPHOT001_VIMS,0,5938,2013-02-13T14:14:21,36.58,155.32,3.563,4.09,3.817,151.958,163.777,157.679,113.798,123.574,118.975,72.453,32.98888888888889,11.50597,3.3184,5.45854,1.25996,3.94623,1.17924,1.85827,0.38534,6.96823,2.42372,3.32059,1.05408,0.59151,0.15793,0.27968,0.05222
ISS_181RF_FRINGPHOT002_VIMS,0,3231,2013-02-14T00:09:01,78.78,143.38,2.957,6.545,3.23,146.942,156.393,151.417,93.431,101.837,97.385,72.449,17.95,29.19265,6.23583,3.51772,0.96633,9.16348,2.12337,1.08197,0.19175,17.66833,4.09952,2.15247,0.74779,2.36084,0.46679,0.28327,0.06199
ISS_183RF_FMOVIE001_PRIME_1,0,7356,2013-03-04T22:20:13,172.62,319.72,9.028,9.496,9.158,68.725,71.654,70.2,128.763,131.206,130.056,72.24,40.86666666666667,0.88221,0.1819,0.56776,0.11767,0.19713,0.01277,0.12689,0.00893,0.6344,0.17738,0.4082,0.11424,0.05068,0.01048,0.03267,0.00702
ISS_183RF_FMOVIE001_PRIME_2,0,7267,2013-03-05T04:20:13,172.6,317.92,11.674,12.089,11.859,77.64,80.546,79.101,129.202,130.996,130.112,72.236,40.37222222222222,0.92378,0.1958,0.59513,0.12609,0.25854,0.0142,0.16655,0.00907,0.60319,0.18639,0.38856,0.11991,0.06206,0.0097,0.04002,0.00651
ISS_184RF_FMOVIE001_PRIME,0,7122,2013-03-18T20:15:25,0.0,359.98,7.441,7.692,7.571,104.282,108.376,106.307,144.819,145.868,145.369,72.085,39.56666666666667,1.03217,0.29401,0.84924,0.24136,0.25996,0.01469,0.21392,0.0124,0.70204,0.28552,0.57761,0.23444,0.07017,0.0229,0.05772,0.01875
ISS_184RF_FMOVIE002_PRIME,0,13837,2013-03-27T13:23:41,0.0,359.98,9.69,10.296,9.892,55.682,61.36,58.465,119.286,123.872,121.54,71.99,76.87222222222222,1.16971,0.36089,0.60978,0.1806,0.2504,0.03339,0.13089,0.01775,0.86787,0.34464,0.45204,0.17313,0.05143,0.01797,0.02685,0.00916
ISS_189RF_FMOVIE001_PRIME,0,17766,2013-05-06T12:10:05,0.0,359.98,9.494,12.683,10.762,52.637,60.738,56.657,113.707,120.488,117.08,71.558,98.7,1.61577,0.72816,0.72955,0.31762,0.18834,0.03072,0.08514,0.01129,1.28559,0.64416,0.58018,0.28251,0.14184,0.14438,0.06423,0.0639
ISS_191RF_FMOVIE002_PRIME,0,17248,2013-05-27T09:05:33,0.0,359.98,7.902,8.715,8.257,84.38,94.035,89.12,138.101,143.557,140.893,71.338,95.82222222222222,1.10977,0.47492,0.86103,0.36993,0.13138,0.0191,0.10199,0.01561,0.86282,0.44443,0.66959,0.34632,0.11557,0.07324,0.08944,0.05629
ISS_193RF_FMOVIE001_PRIME_1,0,9787,2013-06-19T22:58:37,118.08,313.8,8.217,8.687,8.374,69.543,74.556,72.053,131.531,135.624,133.636,71.098,54.37222222222222,0.95517,0.28933,0.65864,0.20004,0.23354,0.03218,0.16101,0.02171,0.6722,0.27149,0.46354,0.18788,0.04943,0.01671,0.03409,0.01149
ISS_193RF_FMOVIE001_PRIME_2,0,9755,2013-06-20T06:57:01,118.4,313.48,8.028,8.135,8.084,83.548,88.744,86.156,136.197,139.242,137.756,71.091,54.19444444444444,1.04838,0.32815,0.77581,0.24344,0.19229,0.0139,0.14229,0.00971,0.74084,0.31005,0.54831,0.23014,0.11525,0.05706,0.08521,0.04219
ISS_194RF_FMOVIE001_PRIME_1,0,9732,2013-07-02T02:38:53,118.04,312.66,8.711,9.462,9.054,81.46,86.827,84.136,137.385,140.814,139.106,70.969,54.06666666666666,1.0676,0.34969,0.80634,0.26345,0.19739,0.01779,0.14909,0.01249,0.75874,0.32673,0.57315,0.24655,0.11148,0.05416,0.0841,0.04067
ISS_194RF_FMOVIE001_PRIME_2,0,9749,2013-07-02T10:36:45,117.68,312.64,10.672,11.924,11.257,76.933,81.781,79.324,133.895,137.181,135.55,70.969,54.16111111111112,0.98728,0.30857,0.70421,0.22016,0.26806,0.0699,0.1912,0.04987,0.66634,0.27401,0.47536,0.19584,0.05288,0.01854,0.03766,0.01284
ISS_196RF_FMOVIE003_PRIME,0,18000,2013-08-20T21:55:41,0.0,359.98,9.057,10.368,9.519,58.616,69.637,64.251,116.863,124.69,120.923,70.461,100.0,1.47914,0.60323,0.75526,0.31243,0.26316,0.03247,0.13447,0.01308,1.08617,0.48593,0.55314,0.24605,0.12982,0.22659,0.06765,0.12262
ISS_196RF_FMOVIE004_PRIME,0,18000,2013-08-24T10:02:37,0.0,359.98,10.875,11.367,11.094,108.601,115.057,111.849,143.2,143.514,143.382,70.426,100.0,1.38398,0.57556,1.1108,0.462,0.27792,0.027,0.22306,0.02169,0.97341,0.48268,0.78127,0.38745,0.13266,0.16801,0.10647,0.13485
ISS_196RF_FMOVIE005_PRIME,0,18000,2013-08-26T09:47:41,0.0,359.98,12.434,13.418,12.902,128.114,133.586,130.855,138.372,140.73,139.579,70.406,100.0,2.35234,1.0508,1.78673,0.78364,0.51347,0.05756,0.39058,0.04107,1.61623,0.89902,1.22723,0.67319,0.22264,0.17384,0.16892,0.12976
ISS_196RF_FMOVIE006_PRIME,0,17649,2013-08-28T09:38:05,0.0,359.98,13.973,16.007,14.734,145.295,150.187,147.762,129.416,132.788,131.147,70.387,98.05,5.71705,1.98562,3.75174,1.27048,1.4793,0.19861,0.97126,0.11638,3.71484,1.69313,2.43831,1.09378,0.52292,0.31256,0.34217,0.19995
ISS_197RF_FMOVIE002_PRIME,0,10731,2013-09-15T08:06:53,27.42,290.28,9.627,9.953,9.82,90.376,99.116,96.27,136.708,139.782,138.86,70.209,59.61666666666666,1.20625,0.58738,0.90841,0.44392,0.17854,0.01337,0.13448,0.01056,0.88635,0.54822,0.66741,0.41409,0.14136,0.06938,0.10653,0.05255
ISS_197RF_FMOVIE007_PRIME,0,13804,2013-09-07T08:26:05,0.0,359.98,9.182,11.623,10.219,104.985,113.717,109.475,48.234,54.427,51.341,70.289,76.68888888888888,1.92988,0.77966,1.2019,0.49344,0.31565,0.03704,0.19634,0.01704,1.43737,0.67688,0.89426,0.42606,0.17685,0.17937,0.1113,0.11663
ISS_198RF_FMOVIE001_PRIME_1,0,9827,2013-10-18T16:59:09,0.0,359.98,11.255,12.277,11.65,118.366,122.029,120.25,138.03,139.081,138.65,69.886,54.59444444444445,1.54915,0.36393,1.16248,0.27141,0.25603,0.01547,0.19219,0.01141,1.12885,0.34672,0.84699,0.25904,0.16427,0.0206,0.1233,0.01535
ISS_198RF_FMOVIE001_PRIME_2,0,9852,2013-10-19T00:57:01,0.0,359.98,11.435,11.804,11.621,113.756,117.452,115.59,138.56,139.099,138.846,69.887,54.733333333333334,1.32291,0.3445,0.99593,0.2589,0.39576,0.05405,0.298,0.04078,0.88502,0.32364,0.66622,0.24331,0.04212,0.00984,0.03172,0.00742
ISS_199RI_EGAPMOVMP001_PRIME,0,8293,2013-11-25T04:05:17,0.72,359.08,13.23,13.684,13.457,76.389,80.077,78.313,41.975,42.691,42.323,69.532,46.07222222222222,0.95175,0.30438,0.70372,0.22537,0.20538,0.0154,0.15184,0.01124,0.69273,0.28698,0.51222,0.21246,0.05364,0.02367,0.03967,0.01757
ISS_201RF_FMOVIE001_PRIME_1,0,9240,2014-01-29T23:03:57,174.82,359.6,11.124,11.472,11.271,39.996,43.435,41.698,45.704,47.835,46.696,68.927,51.33333333333333,0.89729,0.28164,0.61471,0.19042,0.17746,0.02151,0.12162,0.01402,0.69882,0.26772,0.47868,0.18147,0.02102,0.01497,0.01442,0.01026
ISS_201RF_FMOVIE001_PRIME_2,0,9255,2014-01-30T06:30:53,174.54,359.62,10.563,10.984,10.732,45.185,48.58,46.913,47.011,48.951,47.917,68.921,51.416666666666664,0.95089,0.29432,0.63663,0.19462,0.16581,0.01761,0.11109,0.01162,0.74013,0.27971,0.49546,0.18544,0.04495,0.02568,0.03008,0.01699
ISS_201RF_FMOVIE001_VIMS,0,16332,2014-02-05T17:27:57,0.0,359.98,6.189,6.793,6.463,125.848,142.903,134.71,130.811,137.752,134.657,68.86,90.73333333333333,2.60265,0.78669,1.81306,0.49362,0.59478,0.16934,0.41376,0.1032,1.75152,0.65823,1.21899,0.42468,0.25635,0.04199,0.18032,0.03198
ISS_202RF_FMOVIE001_PRIME_1,0,8082,2014-03-01T22:16:29,192.14,353.76,12.655,13.213,12.854,43.326,45.635,44.465,46.397,47.752,47.13,68.651,44.9,0.83582,0.20965,0.56846,0.14216,0.19402,0.01751,0.13195,0.01139,0.62329,0.19969,0.42392,0.13568,0.01852,0.01211,0.01259,0.00822
ISS_202RF_FMOVIE001_PRIME_2,0,7983,2014-03-02T04:46:53,192.62,352.26,12.381,12.658,12.524,48.633,50.685,49.653,47.752,48.766,48.258,68.646,44.35,0.91599,0.21053,0.60972,0.13973,0.14853,0.012,0.09887,0.00787,0.6968,0.20527,0.46378,0.13633,0.07067,0.01198,0.04706,0.00806
ISS_203RF_FMOVIE001_PRIME_1,0,10424,2014-04-13T09:58:53,0.0,359.98,10.141,12.41,10.51,136.293,140.028,138.183,71.942,74.655,73.308,68.28,57.91111111111111,7.01512,1.62746,2.00475,0.4251,2.08844,0.34328,0.59651,0.07869,4.31441,1.27198,1.23348,0.34614,0.61227,0.12681,0.17477,0.03172
ISS_203RF_FMOVIE001_PRIME_2,0,10373,2014-04-13T17:56:45,0.0,359.98,10.689,12.747,11.027,128.856,131.971,130.363,70.154,72.202,71.145,68.279,57.62777777777778,4.6589,1.07844,1.50054,0.32649,1.24506,0.11836,0.40127,0.02736,3.03092,1.01687,0.97542,0.3145,0.38293,0.0645,0.12385,0.02189
ISS_205RF_FMOVIE001_PRIME,0,16327,2014-06-22T08:27:09,0.0,359.98,13.225,14.067,13.403,105.362,109.43,107.395,52.828,55.049,53.922,67.7,90.70555555555555,1.53831,0.47821,0.90488,0.27863,0.40825,0.04811,0.24028,0.02758,1.07734,0.44844,0.63359,0.26209,0.05272,0.01593,0.03101,0.0093
ISS_207RF_FMOVIE001_PRIME,0,15526,2014-08-16T11:01:17,0.0,359.98,7.982,12.837,9.711,46.626,57.76,51.974,109.508,117.211,113.272,67.262,86.25555555555555,1.68955,0.5795,0.66476,0.22776,0.3236,0.0419,0.12711,0.01515,1.23429,0.5473,0.48593,0.21611,0.13166,0.03274,0.05172,0.01224
ISS_208RF_FMOVIE001_PRIME_1,0,6323,2014-09-20T13:16:13,0.0,359.98,6.55,7.652,7.067,131.766,142.565,137.267,126.573,132.691,129.71,67.002,35.12777777777778,3.08803,0.84439,1.95586,0.47777,0.76583,0.14324,0.48564,0.07274,2.03324,0.62477,1.28859,0.36505,0.28896,0.14711,0.18164,0.08766
ISS_208RF_FMOVIE001_PRIME_2,0,3234,2014-09-20T18:29:17,0.0,359.98,8.572,8.9,8.687,134.256,137.962,136.097,116.48,118.709,117.621,67.0,17.96666666666667,3.8074,0.72071,1.76093,0.31205,0.82288,0.06558,0.38087,0.02266,2.62641,0.66645,1.21408,0.29466,0.35811,0.03538,0.16598,0.01627
ISS_208RF_FMOVIE002_PRIME_1,0,9237,2014-09-26T08:25:33,98.6,283.32,13.797,14.638,13.991,117.243,118.898,118.056,61.891,62.863,62.369,66.958,51.31666666666666,2.76658,0.99669,1.28217,0.45806,0.66042,0.09091,0.30619,0.04161,1.98655,0.92056,0.92052,0.42359,0.11961,0.03061,0.05545,0.01408
ISS_208RF_FMOVIE002_PRIME_2,0,8856,2014-09-26T15:33:49,106.12,283.22,14.143,14.914,14.323,119.607,121.426,120.542,60.916,62.149,61.55,66.953,49.2,3.00366,1.05148,1.43003,0.49701,0.57571,0.0664,0.27405,0.02981,2.12561,0.95535,1.01183,0.45205,0.30234,0.15297,0.14415,0.07295
ISS_209RF_FMOVIE001_PRIME_1,0,8221,2014-10-27T01:33:17,51.92,216.32,13.132,15.311,13.454,132.592,134.346,133.499,70.939,72.118,71.542,66.732,45.67222222222222,6.22431,1.27669,1.9697,0.40047,1.28782,0.05529,0.4076,0.01497,4.17257,1.18752,1.32057,0.37476,0.76392,0.1558,0.24153,0.04783
ISS_209RF_FMOVIE001_PRIME_2,0,7788,2014-10-27T07:45:01,96.58,252.32,13.562,17.381,13.919,127.736,129.046,128.372,70.394,71.136,70.761,66.732,43.266666666666666,4.91477,1.23712,1.6192,0.40783,1.23686,0.15172,0.40719,0.04689,3.45259,1.14859,1.13777,0.37988,0.22533,0.04734,0.07424,0.0156
ISS_211RF_FMOVIE001_PRIME,0,18000,2015-01-03T18:11:09,0.0,359.98,13.463,14.351,13.896,79.82,82.621,81.286,61.425,61.79,61.61,66.249,100.0,1.5287,0.38394,0.72688,0.1828,0.31715,0.02221,0.1508,0.01064,1.04874,0.36979,0.49866,0.17601,0.16281,0.02484,0.07742,0.01186
ISS_211RF_HIRESFRNG001_PRIME,0,3936,2015-01-10T03:44:29,163.78,243.24,4.56,5.77,5.116,113.776,124.844,119.537,120.339,125.13,122.816,66.213,21.866666666666667,2.05041,0.45478,1.10736,0.23787,0.47445,0.05699,0.25588,0.02121,1.39511,0.42893,0.75372,0.23065,0.18085,0.01865,0.09776,0.00809
ISS_211RI_EGAPMOVMP001_PRIME,0,17996,2015-01-02T23:46:37,0.0,359.98,14.505,15.637,15.037,83.031,85.643,84.41,61.174,61.642,61.429,66.254,99.97777777777777,1.53857,0.38914,0.73585,0.18633,0.31642,0.01649,0.15133,0.00798,1.05551,0.37478,0.50482,0.17937,0.16664,0.02443,0.0797,0.01175
ISS_212RF_FMOVIE001_PRIME_1,0,8084,2015-02-07T00:23:57,168.82,330.48,10.735,15.123,11.46,75.77,77.893,76.867,70.606,71.122,70.977,66.03,44.91111111111111,1.90589,0.44775,0.62124,0.14594,0.45079,0.02877,0.14693,0.00947,1.34386,0.43356,0.43805,0.14126,0.11124,0.01851,0.03626,0.00602
ISS_212RF_FMOVIE001_PRIME_2,0,8053,2015-02-07T06:36:45,173.78,334.82,10.055,11.876,10.376,82.149,84.196,83.234,71.038,71.379,71.271,66.024,44.73888888888889,2.12735,0.50231,0.6831,0.16144,0.44771,0.05772,0.14377,0.01863,1.50649,0.46019,0.48375,0.14789,0.17314,0.02837,0.05558,0.00903
ISS_213RF_FMOVIE001_PRIME,0,18000,2015-03-09T20:46:21,0.0,359.98,12.139,17.85,13.064,99.487,102.313,100.929,81.421,81.573,81.507,65.827,100.0,4.97488,0.86863,0.7347,0.12831,0.91628,0.0519,0.13532,0.00769,3.39323,0.83686,0.50113,0.12366,0.66537,0.09115,0.09825,0.01338
ISS_213RF_FMOVIE002_PRIME,0,16870,2015-03-10T22:27:09,0.0,359.98,10.249,23.54,11.696,93.58,97.145,95.521,81.329,81.658,81.536,65.821,93.72222222222221,4.72679,0.87579,0.69569,0.12866,0.86032,0.05915,0.12664,0.00887,3.23389,0.85739,0.47597,0.12605,0.63258,0.09561,0.09308,0.01393
ISS_231RI_EGAPMOVMP001_PRIME,0,17043,2016-02-06T01:18:20,0.0,359.98,13.688,29.628,18.122,101.171,103.566,102.413,80.483,81.306,80.916,64.161,94.68333333333334,4.81762,1.20305,0.7589,0.18147,1.11752,0.13233,0.17653,0.02232,3.19419,1.17582,0.50249,0.17891,0.50592,0.20152,0.07988,0.03181
ISS_232RF_FMOVIE001_PRIME,0,17145,2016-02-10T00:41:00,13.08,355.96,11.481,16.945,11.951,83.924,86.845,85.384,76.528,77.179,76.865,64.147,95.25,2.97998,0.79858,0.67761,0.18484,0.64012,0.07316,0.14546,0.01668,2.05075,0.80439,0.46654,0.1858,0.28911,0.11024,0.0656,0.02469
ISS_232RI_EGAPMOVMP001_PRIME_1,0,17083,2016-02-21T02:05:16,0.0,359.98,14.188,24.861,16.324,106.382,108.922,107.707,77.85,78.946,78.333,64.102,94.90555555555555,4.4319,1.50502,0.89505,0.30098,0.78234,0.16169,0.15805,0.03186,3.07288,1.41122,0.62026,0.28282,0.57668,0.16643,0.11675,0.03456
ISS_232RI_EGAPMOVMP001_PRIME_2,0,7632,2016-02-21T15:15:08,0.0,359.98,14.516,22.753,15.871,99.915,100.874,100.347,77.63,78.076,77.813,64.105,42.4,3.68027,1.24106,0.77681,0.26108,0.77868,0.06225,0.16436,0.01289,2.63492,1.18533,0.55613,0.2494,0.26667,0.09857,0.05632,0.02086
ISS_233RF_FMOVIE001_PRIME_1,0,9491,2016-03-06T01:38:04,0.0,359.98,10.518,11.901,10.812,56.568,58.669,57.669,67.892,68.379,68.106,64.053,52.727777777777774,1.55761,0.52751,0.58062,0.19494,0.25228,0.02614,0.09407,0.00971,1.13777,0.51903,0.42406,0.192,0.16757,0.05983,0.06249,0.02232
ISS_234RF_FMOVIE001_PRIME,0,7896,2016-04-01T01:26:20,0.0,359.98,6.11,7.045,6.464,35.326,39.73,37.623,68.896,69.681,69.286,63.964,43.86666666666667,1.65035,0.4736,0.5839,0.16919,0.24307,0.06573,0.08596,0.02326,1.3036,0.46113,0.46126,0.16455,0.10368,0.05696,0.03668,0.02021
ISS_234RI_EGAPMOVMP001_PRIME,0,15959,2016-04-07T23:05:00,0.0,359.98,13.082,17.853,13.669,106.889,110.064,108.491,74.098,75.677,74.844,63.94,88.66111111111111,3.44247,1.06449,0.89959,0.27927,0.50797,0.04442,0.13273,0.01137,2.35908,0.94394,0.61703,0.24873,0.57542,0.33543,0.14982,0.08721
ISS_235RF_FMOVIE001_PRIME,0,16001,2016-05-01T13:42:20,0.0,359.98,8.45,9.797,9.022,20.862,26.416,23.758,64.972,66.837,65.881,63.866,88.89444444444445,1.50096,0.62312,0.6124,0.25037,0.15875,0.04636,0.06472,0.0184,1.15059,0.54795,0.46961,0.22087,0.19162,0.25318,0.07806,0.1023
ISS_235RF_FMOVIE002_PRIME_1,0,9195,2016-05-09T19:29:32,0.0,359.98,12.678,14.452,12.939,104.741,106.921,105.857,69.0,70.37,69.661,63.841,51.083333333333336,2.73454,1.37627,0.94784,0.46456,0.47595,0.20241,0.16505,0.06778,1.88066,1.1596,0.65169,0.39292,0.37792,0.18023,0.13109,0.06097
ISS_235RF_FMOVIE002_PRIME_2,0,8548,2016-05-10T02:30:52,0.0,359.98,15.404,20.542,16.476,97.389,99.059,98.196,68.625,69.497,69.049,63.844,47.488888888888894,2.28637,1.35829,0.81558,0.47538,0.49118,0.04977,0.17562,0.01773,1.62217,1.09495,0.57857,0.38409,0.17302,0.31317,0.06139,0.10981
ISS_236RF_FMOVIE002_PRIME,0,18000,2016-06-10T12:09:00,0.0,359.98,11.548,12.254,11.899,94.945,99.659,97.281,62.948,65.853,64.377,63.753,100.0,1.90265,0.91746,0.8191,0.38534,0.37723,0.05458,0.16325,0.02482,1.33793,0.80846,0.57569,0.34131,0.18749,0.16663,0.08016,0.07018
ISS_239RF_FMOVIE001_PRIME,0,17385,2016-08-02T13:36:28,0.0,359.98,9.808,10.195,9.986,47.273,53.584,50.453,40.945,41.466,41.084,63.617,96.58333333333333,0.77404,0.25733,0.58345,0.19405,0.12104,0.02292,0.09124,0.01729,0.61346,0.24323,0.46241,0.1834,0.03954,0.02005,0.0298,0.01512
ISS_239RF_FMOVIE002_PRIME_1,0,9232,2016-08-12T12:44:44,0.0,359.98,9.052,9.45,9.12,112.996,116.595,114.802,64.208,67.166,65.662,63.591,51.288888888888884,2.29438,0.36461,0.944,0.14332,0.4142,0.04182,0.17022,0.01303,1.55653,0.33848,0.64166,0.14078,0.32365,0.12265,0.13212,0.04602
ISS_239RF_FMOVIE002_PRIME_2,0,6414,2016-08-12T20:09:32,0.0,359.98,9.882,11.197,10.206,103.621,105.956,104.782,63.087,64.833,63.953,63.594,35.63333333333333,1.7052,0.2831,0.74918,0.12777,0.41519,0.03694,0.18243,0.01812,1.23572,0.26211,0.54281,0.11641,0.0543,0.01804,0.02394,0.00822
ISS_239RI_HIRESAFRG001_PRIME_1,0,5148,2016-08-07T15:05:00,92.44,195.38,3.302,3.475,3.352,74.974,90.301,82.52,123.764,134.981,129.397,63.606,28.599999999999998,1.14168,0.22802,0.7268,0.16607,0.19564,0.02348,0.12392,0.01735,0.92149,0.23213,0.58734,0.16264,0.02455,0.00437,0.01554,0.0029
ISS_240RF_FMOVIE002_PRIME,0,10126,2016-08-23T01:03:56,0.0,359.98,8.047,14.65,8.466,130.02,134.649,132.408,77.31,81.141,79.237,63.568,56.25555555555556,7.6905,1.46321,1.41206,0.17031,1.55652,0.32961,0.28449,0.03216,4.84337,0.94805,0.8947,0.15309,1.29061,0.57198,0.23287,0.07793
ISS_241RF_FMOVIE001_PRIME,0,11481,2016-08-29T18:07:56,0.0,359.98,5.168,5.626,5.33,10.818,33.586,24.051,36.836,53.29,42.425,63.555,63.78333333333334,0.84412,0.37519,0.61093,0.24073,0.12303,0.05791,0.08955,0.04045,0.68775,0.32785,0.49728,0.21134,0.03334,0.06896,0.0241,0.04994
ISS_242RF_FMOVIE001_PRIME,0,18000,2016-09-17T00:59:40,0.0,359.98,10.381,11.723,11.1,107.609,114.325,110.955,65.442,70.583,67.984,63.517,100.0,2.44979,0.7211,0.91252,0.24562,0.59263,0.11075,0.22031,0.03312,1.70747,0.65668,0.63727,0.2335,0.14969,0.06299,0.05494,0.01994
ISS_243RF_FMOVIE001_PRIME_1,0,8072,2016-09-22T09:59:56,106.3,267.72,6.094,6.312,6.199,32.433,39.947,36.271,36.97,40.068,38.404,63.508,44.84444444444444,0.7908,0.2867,0.61904,0.22348,0.14172,0.02187,0.11099,0.01679,0.62459,0.2793,0.48883,0.21801,0.02449,0.01209,0.01922,0.00957
ISS_243RF_FMOVIE001_PRIME_2,0,7691,2016-09-22T17:06:36,106.72,267.84,5.053,5.578,5.313,40.18,48.064,44.33,36.844,38.81,37.676,63.504,42.727777777777774,0.74488,0.26299,0.58921,0.20735,0.07091,0.04592,0.05611,0.03631,0.57511,0.23982,0.455,0.18962,0.09887,0.0521,0.0781,0.04088
ISS_246RF_FMOVIE002_PRIME,0,18000,2016-10-27T16:29:48,0.0,359.98,9.805,13.079,11.227,109.384,116.716,113.037,63.726,69.794,66.743,63.444,100.0,2.43593,0.78571,0.95468,0.29672,0.5779,0.09166,0.22635,0.02911,1.66385,0.70831,0.65185,0.27212,0.19418,0.07298,0.07648,0.02869
ISS_253RF_FMOVIE001_PRIME_2,0,18000,2016-12-17T00:10:04,0.0,359.98,5.336,6.93,6.165,110.225,120.74,115.949,53.719,64.036,59.362,63.368,100.0,2.12811,0.52197,1.07521,0.24234,0.37921,0.05849,0.19083,0.01615,1.4485,0.48266,0.73249,0.23344,0.3004,0.09169,0.15189,0.04505
ISS_256RF_FMOVIE001_PRIME_1,0,9478,2017-01-07T17:49:47,0.0,359.98,5.535,6.338,5.94,112.466,118.047,115.412,55.42,60.88,58.302,63.343,52.65555555555556,2.09584,0.5559,1.09737,0.27719,0.40505,0.05736,0.21158,0.02221,1.43832,0.52744,0.75293,0.26689,0.25246,0.04771,0.13285,0.02658
ISS_256RF_FMOVIE001_PRIME_2,0,9438,2017-01-08T01:40:11,0.0,359.98,6.013,6.958,6.489,97.674,105.12,101.58,53.835,58.786,56.382,63.344,52.43333333333333,1.51724,0.43162,0.83788,0.23087,0.32904,0.04098,0.18194,0.02231,1.11655,0.4121,0.61627,0.22126,0.07164,0.01429,0.03968,0.00819
ISS_260RF_FMOVIE001_PRIME,0,18000,2017-02-05T04:25:31,0.0,359.98,5.254,6.464,5.899,112.162,122.016,117.473,54.493,64.089,59.688,63.314,100.0,2.12484,0.6296,1.06111,0.28636,0.43822,0.07473,0.21828,0.02222,1.51425,0.57988,0.75642,0.27258,0.17236,0.03198,0.0864,0.01486
ISS_265RF_FMOVIE001_PRIME,0,5382,2017-03-12T00:02:03,20.1,346.3,7.939,9.976,8.361,131.809,134.446,133.115,72.478,74.887,73.662,63.29,29.9,5.59625,0.94732,1.57154,0.25833,1.1545,0.08236,0.32389,0.01353,3.90635,0.90702,1.09642,0.24768,0.5354,0.07989,0.15124,0.02742
ISS_272RF_FMOVIE001_PRIME,0,9745,2017-05-01T01:44:27,0.0,359.98,5.922,7.393,6.267,133.536,136.659,135.126,72.452,75.533,74.008,63.27,54.13888888888889,6.39653,1.00263,1.76285,0.29507,1.24561,0.07091,0.3422,0.0068,4.27248,1.01991,1.1776,0.28963,0.87844,0.14141,0.24305,0.04672
ISS_274RF_FMOVIE001_PRIME,0,6321,2017-05-13T13:46:35,0.0,359.98,6.742,8.874,6.94,138.359,140.083,139.216,76.472,78.155,77.294,63.268,35.11666666666667,9.36772,1.30205,2.0593,0.28937,2.01785,0.1141,0.44301,0.01271,5.98842,1.27373,1.31657,0.28199,1.36144,0.14936,0.29972,0.03652
ISS_274RF_FMOVIE002_PRIME,0,14025,2017-05-14T00:07:23,50.36,330.84,5.836,9.265,7.051,124.301,130.237,127.492,69.671,74.293,72.151,63.27,77.91666666666667,4.09443,1.1766,1.23742,0.30614,0.93854,0.13589,0.28568,0.03257,2.98936,1.05093,0.90131,0.2816,0.16653,0.03813,0.05043,0.0096
ISS_276RI_HIRESAFRG001_PRIME,0,3559,2017-05-28T01:29:31,0.0,359.98,3.07,4.376,3.689,106.069,120.462,113.804,55.717,59.727,57.891,63.269,19.772222222222222,1.95117,0.69622,1.04191,0.38552,0.40693,0.06112,0.21708,0.03814,1.36321,0.58207,0.7272,0.3177,0.18103,0.09516,0.09763,0.05299
ISS_289RF_FMOVIE001_PRIME,0,18000,2017-08-18T21:23:07,0.0,359.98,5.322,7.139,6.078,131.324,136.96,134.344,68.289,74.131,71.405,63.298,100.0,5.33187,1.84924,1.66886,0.48216,1.04033,0.12542,0.32898,0.02566,3.68382,1.59887,1.15113,0.43756,0.60773,0.26116,0.18875,0.06902
ISS_292RF_FMOVIE001_PRIME,0,18000,2017-09-06T11:47:07,0.0,359.98,7.204,9.071,7.885,138.143,142.227,140.253,75.016,78.932,77.023,63.312,100.0,9.24243,2.2014,2.05317,0.44465,2.13077,0.32815,0.47291,0.04391,6.61942,1.98895,1.47024,0.42027,0.49224,0.07104,0.11002,0.0154
