Observation,Slice#,Num Data,Date,Min Long,Max Long,Min Res,Max Res,Mean Res,Min Phase,Max Phase,Mean Phase,Min Emission,Max Emission,Mean Emission,Incidence,% Coverage,EW,EW Std,Normal EW,Normal EW Std,EWI,EWI Std,Normal EWI,Normal EWI Std,EWC,EWC Std,Normal EWC,Normal EWC Std,EWO,EWO Std,Normal EWO,Normal EWO Std,Normal EW3Z,Normal EW3Z Std,Normal EW3ZPN,Normal EW3ZPN Std
ISS_111RF_FMOVIE002_PRIME,0,50,2009-05-26T09:40:14,0.0,0.98,5.278,5.557,5.39,37.879,37.882,37.881,93.781,93.792,93.786,88.825,53.7,9.07076,0.03905,0.59901,0.00287,2.53264,0.01016,0.16725,0.00067,4.47005,0.04888,0.29519,0.00342,2.06807,0.01852,0.13657,0.00112,1.34491,0.01109,1.31453,0.01084
ISS_111RF_FMOVIE002_PRIME,1,50,2009-05-26T09:37:34,1.0,1.98,5.444,5.869,5.633,37.876,37.908,37.89,93.727,93.781,93.757,88.825,53.7,9.20921,0.09394,0.60346,0.00273,2.58784,0.09894,0.16954,0.00539,4.51149,0.02403,0.29565,0.00262,2.10988,0.01255,0.13827,0.00147,1.35367,0.00556,1.32307,0.00543
ISS_111RF_FMOVIE002_PRIME,2,50,2009-05-26T09:35:26,2.0,2.98,5.451,5.891,5.653,37.904,37.936,37.921,93.672,93.727,93.698,88.825,53.7,9.65994,0.20687,0.62303,0.00932,2.6896,0.0118,0.1735,0.00184,4.79439,0.17412,0.30919,0.00923,2.17595,0.04387,0.14034,0.00194,1.41457,0.03575,1.38253,0.03491
ISS_111RF_FMOVIE002_PRIME,3,50,2009-05-26T09:33:18,3.0,3.98,5.452,5.9,5.666,37.932,37.965,37.953,93.618,93.672,93.639,88.825,53.7,9.77735,0.04552,0.62049,0.00558,2.68081,0.02228,0.17012,0.00089,4.79819,0.07818,0.30453,0.00668,2.29836,0.0375,0.14584,0.0016,1.40709,0.02019,1.37516,0.01975
ISS_111RF_FMOVIE002_PRIME,4,50,2009-05-26T09:31:10,4.0,4.98,5.46,5.924,5.69,37.96,37.993,37.984,93.563,93.617,93.58,88.825,53.7,9.70819,0.04746,0.60612,0.00521,2.73151,0.02754,0.17053,0.0009,4.64188,0.04436,0.28982,0.00379,2.33479,0.02031,0.14578,0.00213,1.36169,0.01307,1.33073,0.01278
ISS_111RF_FMOVIE002_PRIME,5,50,2009-05-26T09:28:30,5.0,5.98,5.469,5.948,5.717,37.989,38.022,38.015,93.508,93.563,93.52,88.825,53.7,9.58902,0.04315,0.5888,0.00339,2.80698,0.03203,0.17235,0.00141,4.54553,0.06594,0.27911,0.00378,2.2365,0.03885,0.13734,0.00306,1.32343,0.01216,1.29329,0.01189
ISS_111RF_FMOVIE002_PRIME,6,50,2009-05-26T09:24:14,6.0,6.98,5.478,5.988,5.713,38.017,38.079,38.048,93.409,93.508,93.459,88.825,53.7,9.33502,0.07704,0.56316,0.00566,2.90977,0.03191,0.17553,0.0011,4.26211,0.08752,0.25713,0.00598,2.16314,0.00989,0.1305,0.00086,1.2469,0.02037,1.21844,0.01991
ISS_111RF_FMOVIE002_PRIME,7,50,2009-05-26T09:21:34,7.0,7.98,5.481,6.002,5.696,38.075,38.108,38.083,93.354,93.409,93.396,88.825,53.7,9.77489,0.24635,0.57893,0.01198,3.02661,0.06151,0.17926,0.00261,4.53869,0.19024,0.26879,0.01012,2.20959,0.02152,0.13088,0.00157,1.30151,0.04094,1.27174,0.03999
ISS_111RF_FMOVIE002_PRIME,8,50,2009-05-26T09:19:26,8.0,8.98,5.492,6.031,5.722,38.104,38.137,38.114,93.299,93.354,93.337,88.825,53.7,10.36253,0.20486,0.60304,0.00792,3.109,0.02291,0.18095,0.00177,5.01336,0.18927,0.29171,0.00906,2.24018,0.02274,0.13038,0.00095,1.39551,0.03568,1.36353,0.03484
ISS_111RF_FMOVIE002_PRIME,9,50,2009-05-26T09:17:18,9.0,9.98,5.504,6.061,5.75,38.133,38.166,38.146,93.245,93.299,93.277,88.825,53.7,11.04161,0.13944,0.63118,0.00413,3.15624,0.03129,0.18043,0.00069,5.59315,0.09809,0.31972,0.00365,2.29222,0.01345,0.13104,0.0006,1.5091,0.0171,1.47445,0.01668
ISS_111RF_FMOVIE002_PRIME,10,50,2009-05-26T09:15:10,10.0,10.98,5.516,6.094,5.78,38.162,38.195,38.178,93.19,93.244,93.218,88.825,53.7,10.99365,0.1448,0.61719,0.01258,3.28533,0.12093,0.18437,0.00536,5.40843,0.22305,0.3037,0.0148,2.29989,0.03517,0.12912,0.00296,1.46027,0.04975,1.42667,0.04864
ISS_111RF_FMOVIE002_PRIME,11,50,2009-05-26T09:12:30,11.0,11.98,5.519,6.111,5.801,38.191,38.225,38.211,93.135,93.19,93.158,88.825,53.7,10.71479,0.05604,0.59023,0.00612,3.491,0.04904,0.19228,0.00132,4.94732,0.07767,0.27255,0.00611,2.27647,0.00675,0.1254,0.00099,1.35586,0.01997,1.3246,0.01953
ISS_111RF_FMOVIE002_PRIME,12,50,2009-05-26T09:10:22,12.0,12.98,5.533,6.147,5.837,38.22,38.254,38.243,93.08,93.135,93.098,88.825,53.7,10.53782,0.08401,0.56958,0.00717,3.56356,0.04279,0.1926,0.00119,4.68178,0.09112,0.25308,0.0064,2.29248,0.00705,0.12391,0.00112,1.28904,0.0226,1.25927,0.02209
ISS_111RF_FMOVIE002_PRIME,13,50,2009-05-26T09:08:14,13.0,13.98,5.54,6.155,5.866,38.25,38.283,38.276,93.027,93.08,93.038,88.825,53.7,10.17766,0.11888,0.53946,0.00864,3.55585,0.02806,0.18847,0.00167,4.35114,0.09623,0.23064,0.00617,2.27067,0.01021,0.12035,0.00123,1.20338,0.02433,1.17553,0.02378
ISS_111RF_FMOVIE002_PRIME,14,50,2009-05-26T09:08:14,14.0,14.98,6.174,7.232,6.679,38.271,38.278,38.275,93.019,93.027,93.023,88.825,53.7,9.8509,0.08115,0.51944,0.00469,3.44791,0.02894,0.18181,0.00167,4.1147,0.06995,0.21697,0.00386,2.28829,0.01736,0.12066,0.00083,1.14612,0.01548,1.1196,0.01511
ISS_111RF_FMOVIE002_PRIME,15,50,2009-05-26T09:08:14,15.0,15.98,7.255,8.544,7.886,38.261,38.271,38.266,93.01,93.018,93.014,88.825,53.7,9.66262,0.06292,0.50811,0.00352,3.32827,0.02924,0.17502,0.00166,3.99472,0.05482,0.21006,0.00293,2.33963,0.01643,0.12303,0.00081,1.11591,0.01178,1.0901,0.01151
ISS_111RF_FMOVIE002_PRIME,16,50,2009-05-26T09:08:14,16.0,16.98,8.572,10.008,9.281,38.248,38.261,38.255,93.002,93.01,93.006,88.825,53.7,9.1599,0.14458,0.48035,0.00792,3.27469,0.01389,0.17173,0.00084,3.58102,0.11949,0.18779,0.00639,2.30419,0.01909,0.12083,0.00109,1.02469,0.02617,1.001,0.02556
ISS_111RF_FMOVIE002_PRIME,17,50,2009-05-26T09:08:14,17.0,17.98,10.039,11.571,10.799,38.233,38.248,38.24,92.994,93.002,92.998,88.825,53.7,8.92707,0.03248,0.46686,0.00196,3.21869,0.01926,0.16833,0.00113,3.40922,0.02439,0.17829,0.00134,2.29915,0.00996,0.12024,0.00046,0.98457,0.00559,0.96183,0.00546
ISS_111RF_FMOVIE002_PRIME,18,50,2009-05-26T09:08:14,18.0,18.98,11.603,13.202,12.398,38.215,38.232,38.224,92.986,92.994,92.99,88.825,53.7,8.8395,0.07888,0.46102,0.00447,3.17562,0.0128,0.16562,0.00077,3.29838,0.09084,0.17203,0.00487,2.3655,0.02416,0.12337,0.00117,0.96143,0.01835,0.93925,0.01792
ISS_111RF_FMOVIE002_PRIME,19,50,2009-05-26T09:08:14,19.0,19.98,13.235,14.882,14.055,38.194,38.214,38.204,92.977,92.985,92.981,88.825,53.7,8.64828,0.13284,0.44982,0.00712,3.12975,0.01243,0.16279,0.00076,3.06072,0.13514,0.1592,0.00711,2.45782,0.02496,0.12784,0.00121,0.91373,0.02766,0.89268,0.02702
ISS_111RF_FMOVIE002_PRIME,20,50,2009-05-26T09:08:14,20.0,20.98,14.916,16.6,15.754,38.171,38.193,38.182,92.969,92.977,92.973,88.825,53.7,8.68771,0.05658,0.45065,0.00305,3.05737,0.01955,0.15859,0.00112,3.10039,0.0651,0.16082,0.00341,2.52996,0.02646,0.13123,0.0013,0.92013,0.01286,0.89895,0.01256
ISS_111RF_FMOVIE002_PRIME,21,50,2009-05-26T09:08:14,21.0,21.98,16.633,18.345,17.487,38.145,38.17,38.158,92.961,92.969,92.965,88.825,53.7,8.235,0.15897,0.42602,0.00855,2.99422,0.01405,0.1549,0.00083,2.66361,0.12823,0.1378,0.00674,2.57717,0.02346,0.13332,0.0013,0.82899,0.02802,0.80994,0.02737
ISS_111RF_FMOVIE002_PRIME,22,50,2009-05-26T09:08:14,22.0,22.98,18.38,20.114,19.245,38.117,38.144,38.131,92.954,92.961,92.957,88.825,53.7,8.03924,0.07458,0.41477,0.00362,2.97601,0.0123,0.15354,0.00068,2.55514,0.07767,0.13183,0.00393,2.50809,0.01349,0.1294,0.00074,0.80097,0.01514,0.7826,0.0148
ISS_111RF_FMOVIE002_PRIME,23,29,2009-05-26T09:08:14,23.0,23.56,20.15,21.155,20.65,38.102,38.116,38.108,92.949,92.953,92.951,88.825,53.7,8.16245,0.02756,0.42025,0.00137,2.96711,0.00787,0.15276,0.00045,2.68465,0.02573,0.13822,0.00131,2.51069,0.01386,0.12926,0.00069,0.82573,0.00505,0.80681,0.00494
ISS_111RF_FMOVIE002_PRIME,190,37,2009-05-26T16:42:38,190.26,190.98,5.815,5.898,5.855,34.367,34.371,34.369,103.188,103.212,103.2,88.825,53.7,2.08817,0.05649,0.47684,0.01294,0.75356,0.03933,0.17208,0.00908,0.97254,0.06431,0.22208,0.01463,0.36207,0.00393,0.08268,0.00087,0.84369,0.03545,0.82844,0.03481
ISS_111RF_FMOVIE002_PRIME,191,50,2009-05-26T16:42:38,191.0,191.98,5.721,5.812,5.764,34.371,34.373,34.372,103.154,103.187,103.17,88.825,53.7,1.79738,0.08026,0.40954,0.01859,0.66618,0.0111,0.15179,0.00254,0.76394,0.07919,0.17407,0.01817,0.36726,0.00275,0.08368,0.00063,0.69721,0.04846,0.6846,0.04759
ISS_111RF_FMOVIE002_PRIME,192,50,2009-05-26T16:42:38,192.0,192.98,5.656,5.719,5.685,34.365,34.371,34.368,103.119,103.153,103.136,88.825,53.7,1.73941,0.17539,0.39528,0.03959,0.80927,0.10716,0.1839,0.02422,0.5611,0.07686,0.12751,0.0174,0.36904,0.00502,0.08387,0.0011,0.60611,0.06671,0.59516,0.06551
ISS_111RF_FMOVIE002_PRIME,193,50,2009-05-26T16:42:38,193.0,193.98,5.62,5.655,5.635,34.356,34.365,34.36,103.085,103.119,103.102,88.825,53.7,2.21654,0.04584,0.50246,0.01039,0.91555,0.10903,0.20756,0.02485,0.91946,0.10137,0.20841,0.02283,0.38153,0.00439,0.08649,0.00096,0.84723,0.04,0.83192,0.03928
ISS_111RF_FMOVIE002_PRIME,194,50,2009-05-26T16:42:38,194.0,194.98,5.613,5.62,5.615,34.344,34.355,34.35,103.052,103.085,103.068,88.825,53.7,2.19181,0.12653,0.49561,0.02889,0.66874,0.01941,0.15121,0.00449,1.13766,0.11406,0.25725,0.02592,0.38542,0.00384,0.08715,0.00089,0.92137,0.07159,0.90473,0.07029
ISS_111RF_FMOVIE002_PRIME,195,50,2009-05-26T16:39:58,195.0,195.98,5.612,5.628,5.618,34.336,34.358,34.346,103.001,103.051,103.029,88.825,53.7,1.69369,0.07832,0.38181,0.0174,0.76364,0.09763,0.17212,0.02178,0.5521,0.07994,0.12448,0.01815,0.37795,0.00307,0.0852,0.00065,0.58794,0.03807,0.57733,0.03738
ISS_111RF_FMOVIE002_PRIME,196,50,2009-05-26T16:37:50,196.0,196.98,5.61,5.627,5.616,34.346,34.368,34.357,102.951,103.001,102.977,88.825,53.7,2.02834,0.15763,0.45543,0.03482,0.85648,0.03068,0.19233,0.00712,0.7867,0.18188,0.1766,0.04062,0.38516,0.00515,0.08649,0.00106,0.74812,0.10215,0.73461,0.10029
ISS_111RF_FMOVIE002_PRIME,197,50,2009-05-26T16:35:42,197.0,197.98,5.608,5.625,5.614,34.357,34.379,34.369,102.901,102.95,102.925,88.825,53.7,2.0247,0.10554,0.45289,0.02417,0.71424,0.02944,0.15976,0.00678,0.92064,0.07949,0.20594,0.01803,0.38982,0.00312,0.08719,0.00067,0.79445,0.05388,0.78009,0.05291
ISS_111RF_FMOVIE002_PRIME,198,50,2009-05-26T16:30:54,198.0,198.98,5.604,5.641,5.622,34.361,34.405,34.375,102.833,102.9,102.876,88.825,53.7,1.62865,0.11179,0.36298,0.0254,0.70317,0.01937,0.1567,0.00413,0.53821,0.12847,0.11998,0.02879,0.38727,0.00367,0.0863,0.00074,0.56209,0.07306,0.55193,0.07174
ISS_111RF_FMOVIE002_PRIME,199,50,2009-05-26T16:30:54,199.0,199.98,5.604,5.616,5.607,34.391,34.403,34.397,102.8,102.833,102.816,88.825,53.7,1.79258,0.18802,0.39762,0.04142,0.75757,0.01076,0.16805,0.0024,0.63525,0.18489,0.14089,0.04091,0.39976,0.00448,0.08868,0.00094,0.63167,0.10938,0.62023,0.1074
ISS_111RF_FMOVIE002_PRIME,200,50,2009-05-26T16:28:46,200.0,200.98,5.602,5.62,5.609,34.389,34.411,34.404,102.75,102.8,102.768,88.825,53.7,2.37022,0.24603,0.5238,0.05401,0.68789,0.02395,0.15203,0.00544,1.26892,0.26394,0.2804,0.05814,0.41341,0.00608,0.09137,0.00133,0.98995,0.15066,0.97201,0.14792
ISS_111RF_FMOVIE002_PRIME,201,50,2009-05-26T16:23:58,201.0,201.98,5.598,5.618,5.606,34.4,34.433,34.417,102.682,102.749,102.715,88.825,53.7,2.27266,0.05323,0.50022,0.01204,0.68304,0.01332,0.15034,0.0028,1.18362,0.06194,0.26053,0.01382,0.40601,0.00261,0.08936,0.00057,0.93368,0.03486,0.91675,0.03423
ISS_111RF_FMOVIE002_PRIME,202,50,2009-05-26T16:21:50,202.0,202.98,5.596,5.615,5.603,34.422,34.445,34.43,102.632,102.681,102.662,88.825,53.7,2.01754,0.08914,0.44224,0.01931,0.7188,0.00574,0.15756,0.00129,0.89253,0.09063,0.19563,0.01976,0.4062,0.00309,0.08904,0.00065,0.768,0.05222,0.75406,0.05127
ISS_111RF_FMOVIE002_PRIME,203,50,2009-05-26T16:19:42,203.0,203.98,5.594,5.613,5.601,34.434,34.456,34.443,102.581,102.631,102.61,88.825,53.7,2.23404,0.0482,0.48772,0.01048,0.69186,0.00952,0.15104,0.00223,1.13442,0.05312,0.24765,0.01152,0.40776,0.00274,0.08902,0.00065,0.90043,0.02954,0.88407,0.029
ISS_111RF_FMOVIE002_PRIME,204,50,2009-05-26T16:17:34,204.0,204.98,5.592,5.611,5.6,34.445,34.467,34.455,102.531,102.58,102.558,88.825,53.7,2.18515,0.02477,0.4751,0.00561,0.68209,0.00455,0.1483,0.00091,1.09223,0.02703,0.23748,0.00604,0.41083,0.00487,0.08932,0.00096,0.87118,0.01553,0.85534,0.01525
ISS_111RF_FMOVIE002_PRIME,205,50,2009-05-26T16:14:54,205.0,205.98,5.59,5.61,5.598,34.456,34.478,34.467,102.48,102.53,102.505,88.825,53.7,2.16005,0.12067,0.46775,0.02671,0.68913,0.00419,0.14922,0.00093,1.05729,0.11896,0.22897,0.02605,0.41364,0.00348,0.08957,0.00082,0.84993,0.07008,0.83447,0.06881
ISS_111RF_FMOVIE002_PRIME,206,50,2009-05-26T16:12:46,206.0,206.98,5.588,5.607,5.596,34.468,34.49,34.48,102.43,102.479,102.453,88.825,53.7,2.09393,0.05479,0.45151,0.01135,0.67701,0.00613,0.14599,0.00148,1.00409,0.05599,0.2165,0.01183,0.41283,0.00336,0.08902,0.00066,0.8132,0.03114,0.79839,0.03057
ISS_111RF_FMOVIE002_PRIME,207,50,2009-05-26T16:10:38,207.0,207.98,5.586,5.606,5.594,34.48,34.502,34.493,102.379,102.429,102.4,88.825,53.7,2.24546,0.05331,0.4822,0.01189,0.67572,0.00633,0.1451,0.00124,1.15202,0.05742,0.2474,0.01256,0.41772,0.00365,0.0897,0.00078,0.89584,0.03277,0.87951,0.03218
ISS_111RF_FMOVIE002_PRIME,208,50,2009-05-26T16:07:58,208.0,208.98,5.584,5.604,5.592,34.491,34.514,34.506,102.328,102.378,102.348,88.825,53.7,2.17341,0.01723,0.46478,0.00364,0.6863,0.00566,0.14676,0.00115,1.06886,0.01617,0.22857,0.00349,0.41826,0.00415,0.08944,0.00085,0.84727,0.00922,0.83182,0.00905
ISS_111RF_FMOVIE002_PRIME,209,50,2009-05-26T16:05:50,209.0,209.98,5.583,5.603,5.591,34.503,34.525,34.518,102.278,102.328,102.296,88.825,53.7,2.31119,0.0713,0.49218,0.01478,0.68973,0.00416,0.14688,0.00086,1.20241,0.07086,0.25605,0.01488,0.41904,0.00254,0.08924,0.00056,0.92102,0.03975,0.90421,0.03903
ISS_111RF_FMOVIE002_PRIME,210,50,2009-05-26T16:01:34,210.0,210.98,5.579,5.599,5.587,34.527,34.549,34.534,102.208,102.259,102.241,88.825,53.7,2.24147,0.03817,0.47525,0.00826,0.68768,0.00478,0.1458,0.001,1.13047,0.0407,0.23969,0.00873,0.42333,0.0039,0.08976,0.00078,0.87705,0.02279,0.86102,0.02237
ISS_111RF_FMOVIE002_PRIME,211,50,2009-05-26T15:58:54,211.0,211.98,5.577,5.598,5.585,34.539,34.561,34.547,102.158,102.208,102.189,88.825,53.7,2.13203,0.06176,0.45015,0.01356,0.68812,0.00469,0.14528,0.00093,1.0174,0.06319,0.21482,0.01359,0.42651,0.00323,0.09005,0.00071,0.81056,0.03624,0.79573,0.03558
ISS_111RF_FMOVIE002_PRIME,212,50,2009-05-26T15:56:46,212.0,212.98,5.575,5.596,5.583,34.551,34.573,34.56,102.107,102.157,102.136,88.825,53.7,2.1281,0.09305,0.44737,0.01906,0.68424,0.00631,0.14385,0.00146,1.01415,0.09691,0.21318,0.02014,0.42972,0.00278,0.09034,0.00054,0.80537,0.05295,0.79062,0.05198
ISS_111RF_FMOVIE002_PRIME,213,50,2009-05-26T15:54:38,213.0,213.98,5.573,5.594,5.581,34.563,34.586,34.574,102.056,102.106,102.083,88.825,53.7,2.22184,0.0499,0.46509,0.01048,0.68592,0.00682,0.14358,0.00127,1.10599,0.04919,0.23152,0.01034,0.42993,0.00439,0.09,0.00096,0.85421,0.02778,0.83855,0.02727
ISS_111RF_FMOVIE002_PRIME,214,50,2009-05-26T15:52:30,214.0,214.98,5.571,5.592,5.579,34.576,34.598,34.587,102.006,102.056,102.03,88.825,53.7,2.30985,0.1044,0.48142,0.02132,0.708,0.00738,0.14756,0.00139,1.17243,0.10044,0.24435,0.02072,0.42942,0.00258,0.0895,0.00051,0.89248,0.05621,0.87611,0.05518
ISS_111RF_FMOVIE002_PRIME,215,50,2009-05-26T15:49:50,215.0,215.98,5.569,5.592,5.578,34.588,34.61,34.6,101.955,102.005,101.978,88.825,53.7,2.25525,0.12129,0.46808,0.02579,0.706,0.00561,0.14652,0.00134,1.11533,0.11951,0.2315,0.02511,0.43392,0.00377,0.09005,0.0007,0.85786,0.06795,0.84211,0.06671
ISS_111RF_FMOVIE002_PRIME,216,50,2009-05-26T15:47:42,216.0,216.98,5.567,5.59,5.577,34.6,34.623,34.614,101.904,101.954,101.925,88.825,53.7,2.21038,0.12516,0.45671,0.02533,0.70729,0.00796,0.14615,0.00149,1.06873,0.11896,0.22081,0.02432,0.43437,0.00314,0.08976,0.00064,0.82884,0.0664,0.81361,0.06517
ISS_111RF_FMOVIE002_PRIME,217,50,2009-05-26T15:45:34,217.0,217.98,5.565,5.588,5.575,34.613,34.636,34.628,101.853,101.903,101.872,88.825,53.7,2.31645,0.03019,0.47655,0.00633,0.72851,0.00469,0.14987,0.00099,1.15191,0.02513,0.23698,0.00526,0.43602,0.00496,0.0897,0.00097,0.8763,0.01509,0.86018,0.01481
ISS_111RF_FMOVIE002_PRIME,218,50,2009-05-26T15:40:46,218.0,218.98,5.562,5.586,5.573,34.626,34.661,34.642,101.782,101.853,101.819,88.825,53.7,2.11024,0.11173,0.43223,0.02325,0.71093,0.00756,0.14561,0.00165,0.96638,0.10786,0.19795,0.02225,0.43293,0.00689,0.08867,0.00141,0.76644,0.0607,0.75234,0.05958
ISS_111RF_FMOVIE002_PRIME,219,50,2009-05-26T15:38:38,219.0,219.98,5.56,5.583,5.569,34.651,34.674,34.658,101.731,101.782,101.764,88.825,53.7,2.1815,0.23763,0.44473,0.04799,0.74091,0.01916,0.15106,0.00375,1.00684,0.21797,0.20524,0.04423,0.43374,0.00386,0.08843,0.00073,0.7916,0.12279,0.77701,0.12053
ISS_111RF_FMOVIE002_PRIME,220,50,2009-05-26T15:36:30,220.0,220.98,5.558,5.582,5.567,34.664,34.687,34.672,101.68,101.731,101.711,88.825,53.7,2.51667,0.08365,0.51082,0.01633,0.8762,0.05503,0.17784,0.01098,1.20092,0.03676,0.24376,0.00716,0.43955,0.00276,0.08922,0.00053,0.92316,0.02746,0.90613,0.02695
ISS_111RF_FMOVIE002_PRIME,221,50,2009-05-26T15:33:50,221.0,221.98,5.556,5.58,5.565,34.677,34.7,34.687,101.63,101.68,101.658,88.825,53.7,2.42989,0.14866,0.49106,0.03059,0.75895,0.04779,0.15338,0.00984,1.23276,0.10913,0.24913,0.02231,0.43818,0.0039,0.08855,0.0008,0.91289,0.06785,0.89603,0.0666
ISS_111RF_FMOVIE002_PRIME,222,50,2009-05-26T15:31:42,222.0,222.98,5.554,5.579,5.564,34.69,34.713,34.701,101.579,101.629,101.605,88.825,53.7,2.64292,0.19469,0.53162,0.03837,0.86603,0.16539,0.17417,0.033,1.33166,0.08065,0.26788,0.01604,0.44523,0.00459,0.08957,0.00088,0.98564,0.05736,0.96742,0.05629
ISS_111RF_FMOVIE002_PRIME,223,50,2009-05-26T15:29:34,223.0,223.98,5.552,5.576,5.562,34.704,34.726,34.716,101.528,101.578,101.552,88.825,53.7,2.99183,0.12755,0.59911,0.02522,1.30356,0.07233,0.26103,0.01429,1.23739,0.08135,0.24779,0.01627,0.45088,0.00477,0.09029,0.00087,1.0195,0.05064,1.00064,0.0497
ISS_111RF_FMOVIE002_PRIME,224,50,2009-05-26T15:26:54,224.0,224.98,5.55,5.575,5.56,34.717,34.74,34.73,101.477,101.527,101.499,88.825,53.7,2.79179,0.16608,0.55658,0.03383,0.95852,0.13577,0.19112,0.02736,1.36958,0.1182,0.27303,0.02362,0.46368,0.00445,0.09243,0.00085,1.02023,0.06616,1.00134,0.06494
ISS_111RF_FMOVIE002_PRIME,225,50,2009-05-26T15:24:46,225.0,225.98,5.548,5.573,5.558,34.73,34.753,34.745,101.426,101.476,101.446,88.825,53.7,2.51385,0.1842,0.4988,0.03597,1.0173,0.07731,0.20185,0.01508,1.03639,0.11304,0.20564,0.02222,0.46016,0.00274,0.09131,0.00056,0.84837,0.07344,0.83265,0.07208
ISS_111RF_FMOVIE002_PRIME,226,50,2009-05-26T15:22:38,226.0,226.98,5.546,5.572,5.557,34.744,34.767,34.76,101.375,101.425,101.393,88.825,53.7,3.06706,0.41826,0.6059,0.08311,1.08758,0.14893,0.21486,0.02964,1.51677,0.30775,0.29964,0.06098,0.46271,0.00433,0.0914,0.00091,1.11575,0.18484,1.09505,0.18141
ISS_111RF_FMOVIE002_PRIME,227,50,2009-05-26T15:17:50,227.0,227.98,5.543,5.57,5.555,34.757,34.794,34.775,101.302,101.374,101.338,88.825,53.7,2.53426,0.16401,0.49822,0.03179,0.88944,0.14768,0.17484,0.02885,1.1778,0.02986,0.23156,0.00578,0.46701,0.00695,0.09182,0.00136,0.89264,0.03838,0.87606,0.03766
ISS_111RF_FMOVIE002_PRIME,228,50,2009-05-26T15:15:42,228.0,228.98,5.541,5.568,5.551,34.785,34.808,34.792,101.251,101.301,101.284,88.825,53.7,2.53099,0.24106,0.49528,0.04759,1.16516,0.08371,0.22801,0.01663,0.89998,0.17207,0.17612,0.03379,0.46585,0.00446,0.09115,0.00091,0.79557,0.10431,0.78078,0.10237
ISS_111RF_FMOVIE002_PRIME,229,50,2009-05-26T15:13:34,229.0,229.98,5.539,5.565,5.549,34.799,34.822,34.807,101.2,101.25,101.23,88.825,53.7,2.4175,0.0529,0.47083,0.01095,0.84486,0.09079,0.16456,0.01789,1.10444,0.0491,0.21508,0.00941,0.46821,0.0026,0.09118,0.00047,0.83794,0.01374,0.82235,0.01349
ISS_111RF_FMOVIE002_PRIME,230,50,2009-05-26T15:10:54,230.0,230.98,5.537,5.564,5.547,34.813,34.836,34.823,101.148,101.199,101.177,88.825,53.7,2.34206,0.03743,0.45397,0.00661,0.77505,0.02701,0.15023,0.005,1.09429,0.02124,0.21211,0.00406,0.47272,0.00436,0.09163,0.00074,0.81639,0.01202,0.80119,0.01179
ISS_111RF_FMOVIE002_PRIME,231,50,2009-05-26T15:08:46,231.0,231.98,5.535,5.562,5.546,34.827,34.85,34.838,101.097,101.148,101.123,88.825,53.7,2.14863,0.14238,0.41457,0.02813,0.82877,0.01739,0.15989,0.00359,0.84419,0.12613,0.1629,0.02459,0.47567,0.00708,0.09177,0.00139,0.69318,0.07005,0.68026,0.06875
ISS_111RF_FMOVIE002_PRIME,232,50,2009-05-26T15:06:38,232.0,232.98,5.533,5.562,5.545,34.841,34.864,34.853,101.046,101.097,101.07,88.825,53.7,2.31235,0.14545,0.44397,0.02728,0.78877,0.01368,0.15145,0.00248,1.04633,0.13667,0.20087,0.02596,0.47725,0.00439,0.09164,0.00077,0.78792,0.07175,0.77322,0.07041
ISS_111RF_FMOVIE002_PRIME,233,50,2009-05-26T15:04:30,233.0,233.98,5.531,5.56,5.543,34.855,34.878,34.869,100.995,101.045,101.017,88.825,53.7,2.5507,0.14726,0.48746,0.02889,0.8813,0.0317,0.1684,0.00581,1.1822,0.17579,0.22596,0.03397,0.4872,0.00388,0.0931,0.00071,0.87476,0.08687,0.85841,0.08526
ISS_111RF_FMOVIE002_PRIME,234,50,2009-05-26T15:01:50,234.0,234.98,5.529,5.558,5.541,34.869,34.893,34.885,100.944,100.994,100.963,88.825,53.7,2.54458,0.08078,0.4839,0.01472,0.87402,0.04123,0.16623,0.00806,1.17156,0.11377,0.22277,0.02134,0.499,0.00558,0.0949,0.00096,0.86617,0.05122,0.84997,0.05026
ISS_111RF_FMOVIE002_PRIME,235,50,2009-05-26T14:59:42,235.0,235.98,5.528,5.557,5.54,34.884,34.907,34.9,100.892,100.943,100.91,88.825,53.7,2.29317,0.29414,0.43401,0.05574,0.81748,0.02205,0.15471,0.00402,0.97105,0.28223,0.18379,0.05348,0.50464,0.00373,0.09551,0.00066,0.74972,0.1475,0.73568,0.14474
ISS_111RF_FMOVIE002_PRIME,236,50,2009-05-26T14:54:54,236.0,236.98,5.524,5.554,5.536,34.899,34.937,34.919,100.818,100.892,100.854,88.825,53.7,2.63939,0.11308,0.49701,0.02155,0.88983,0.01784,0.16755,0.00317,1.23733,0.12588,0.23301,0.02383,0.51223,0.00388,0.09645,0.00077,0.89772,0.06243,0.88089,0.06126
ISS_111RF_FMOVIE002_PRIME,237,50,2009-05-26T14:52:46,237.0,237.98,5.522,5.552,5.533,34.928,34.951,34.935,100.767,100.818,100.8,88.825,53.7,2.4713,0.05598,0.46306,0.01064,0.94661,0.06338,0.17738,0.01207,1.01209,0.06398,0.18963,0.0118,0.5126,0.00317,0.09605,0.00057,0.78955,0.0267,0.77473,0.0262
ISS_111RF_FMOVIE002_PRIME,238,50,2009-05-26T14:50:38,238.0,238.98,5.52,5.551,5.533,34.942,34.966,34.951,100.715,100.766,100.746,88.825,53.7,2.29014,0.24122,0.42708,0.04553,0.82193,0.04054,0.15325,0.00734,0.95252,0.27016,0.17768,0.05059,0.51569,0.00433,0.09616,0.0008,0.73331,0.13246,0.71954,0.12998
ISS_111RF_FMOVIE002_PRIME,239,50,2009-05-26T14:48:30,239.0,239.98,5.518,5.549,5.53,34.957,34.981,34.968,100.664,100.715,100.692,88.825,53.7,2.88411,0.30123,0.53506,0.05561,1.27223,0.14982,0.23606,0.02798,1.08469,0.23685,0.20119,0.04371,0.52719,0.0068,0.09781,0.00118,0.88225,0.12668,0.86566,0.1243
ISS_111RF_FMOVIE002_PRIME,240,50,2009-05-26T14:43:42,240.0,240.98,5.513,5.572,5.543,34.968,35.015,34.977,100.589,100.663,100.645,88.825,53.7,2.81934,0.12432,0.52082,0.02355,0.98626,0.07435,0.18221,0.014,1.29833,0.07498,0.23983,0.01395,0.53475,0.005,0.09878,0.00081,0.9351,0.04579,0.9175,0.04493
ISS_111RF_FMOVIE002_PRIME,241,50,2009-05-26T14:43:42,241.0,241.98,5.513,5.53,5.518,35.006,35.014,35.01,100.561,100.588,100.575,88.825,53.7,2.6844,0.2507,0.49266,0.04625,0.82591,0.03919,0.15156,0.0071,1.31374,0.28661,0.24112,0.0527,0.54475,0.00421,0.09997,0.00081,0.90978,0.13735,0.89263,0.13475
ISS_111RF_FMOVIE002_PRIME,242,50,2009-05-26T14:41:34,242.0,242.98,5.513,5.545,5.526,35.003,35.026,35.017,100.51,100.56,100.531,88.825,53.7,2.69057,0.15156,0.4917,0.02708,0.94382,0.00938,0.1725,0.0018,1.20627,0.15446,0.22042,0.02797,0.54047,0.00513,0.09878,0.00103,0.87341,0.07556,0.85693,0.07413
ISS_111RF_FMOVIE002_PRIME,243,50,2009-05-26T14:39:26,243.0,243.98,5.511,5.544,5.525,35.018,35.042,35.034,100.458,100.509,100.477,88.825,53.7,2.76722,0.1845,0.50323,0.03423,0.84828,0.04511,0.15426,0.00842,1.36994,0.15438,0.24914,0.02841,0.549,0.00796,0.09983,0.00131,0.93515,0.08312,0.91749,0.08155
ISS_111RF_FMOVIE002_PRIME,244,50,2009-05-26T14:36:46,244.0,244.98,5.509,5.543,5.524,35.033,35.057,35.051,100.407,100.458,100.423,88.825,53.7,2.46944,0.12995,0.44677,0.02386,0.852,0.0503,0.15413,0.00893,1.06187,0.17386,0.19214,0.03161,0.55557,0.00382,0.10051,0.00074,0.78027,0.07856,0.76551,0.07708
ISS_111RF_FMOVIE002_PRIME,245,50,2009-05-26T14:32:30,245.0,245.98,5.505,5.539,5.518,35.064,35.088,35.07,100.331,100.382,100.366,88.825,53.7,2.30733,0.1764,0.41515,0.03138,0.91917,0.02133,0.1654,0.00401,0.83071,0.19484,0.14944,0.03493,0.55746,0.00446,0.10031,0.00081,0.67489,0.09208,0.66211,0.09034
ISS_111RF_FMOVIE002_PRIME,246,50,2009-05-26T14:29:50,246.0,246.98,5.504,5.539,5.518,35.08,35.104,35.087,100.279,100.33,100.313,88.825,53.7,2.38483,0.06581,0.42694,0.01229,0.82303,0.02785,0.14734,0.00513,1.02185,0.03399,0.18294,0.00633,0.53995,0.0097,0.09666,0.0018,0.74527,0.02282,0.73115,0.02239
ISS_111RF_FMOVIE002_PRIME,247,50,2009-05-26T14:27:42,247.0,247.98,5.502,5.538,5.516,35.095,35.119,35.104,100.228,100.279,100.258,88.825,53.7,2.57172,0.26364,0.45793,0.04621,0.87921,0.03479,0.15657,0.00597,1.15272,0.23361,0.20523,0.04125,0.53978,0.00468,0.09613,0.00079,0.81551,0.11813,0.80003,0.11588
ISS_111RF_FMOVIE002_PRIME,248,50,2009-05-26T14:25:34,248.0,248.98,5.5,5.536,5.514,35.111,35.135,35.122,100.176,100.227,100.204,88.825,53.7,2.21094,0.19076,0.39163,0.03327,0.90495,0.03494,0.16032,0.00646,0.76739,0.21481,0.13589,0.03783,0.5386,0.00654,0.09541,0.00104,0.62871,0.09923,0.61677,0.09734
ISS_111RF_FMOVIE002_PRIME,249,50,2009-05-26T14:23:26,249.0,249.98,5.498,5.534,5.513,35.127,35.151,35.139,100.124,100.175,100.15,88.825,53.7,2.34142,0.07302,0.41263,0.0135,0.81186,0.01879,0.14306,0.00318,0.98836,0.07199,0.17419,0.01299,0.5412,0.00686,0.09537,0.00131,0.71687,0.03591,0.70324,0.03524
ISS_111RF_FMOVIE002_PRIME,250,50,2009-05-26T14:20:46,250.0,250.98,5.496,5.533,5.512,35.143,35.167,35.157,100.073,100.124,100.096,88.825,53.7,2.40552,0.05697,0.42165,0.00935,0.90753,0.01737,0.15908,0.0029,0.95855,0.04553,0.16802,0.00775,0.53943,0.00558,0.09455,0.00083,0.7155,0.02266,0.70188,0.02223
ISS_111RF_FMOVIE002_PRIME,251,50,2009-05-26T14:18:38,251.0,251.98,5.494,5.532,5.51,35.159,35.183,35.175,100.021,100.072,100.041,88.825,53.7,2.19723,0.2274,0.38315,0.04012,0.85625,0.02821,0.1493,0.00514,0.80241,0.22399,0.13994,0.03922,0.53856,0.00441,0.0939,0.00079,0.6282,0.1085,0.61623,0.10644
ISS_111RF_FMOVIE002_PRIME,252,50,2009-05-26T14:16:30,252.0,252.98,5.493,5.531,5.509,35.175,35.2,35.192,99.969,100.02,99.987,88.825,53.7,2.46471,0.03326,0.42745,0.0057,0.83346,0.04097,0.14453,0.00692,1.08956,0.03996,0.18897,0.00714,0.5417,0.00572,0.09395,0.00104,0.75879,0.01601,0.74431,0.0157
ISS_111RF_FMOVIE002_PRIME,253,50,2009-05-26T14:11:42,253.0,253.98,5.489,5.53,5.508,35.192,35.233,35.211,99.892,99.969,99.932,88.825,53.7,2.6627,0.05597,0.45927,0.00925,0.90031,0.02366,0.15529,0.00423,1.21761,0.06367,0.21001,0.01076,0.54478,0.00489,0.09397,0.00083,0.828,0.02769,0.81219,0.02716
ISS_111RF_FMOVIE002_PRIME,254,50,2009-05-26T14:09:34,254.0,254.98,5.487,5.528,5.503,35.225,35.249,35.231,99.84,99.891,99.876,88.825,53.7,2.42501,0.28326,0.41595,0.04885,0.844,0.01768,0.14476,0.00317,1.03078,0.26815,0.17682,0.04611,0.55023,0.0047,0.09437,0.00076,0.72683,0.12985,0.71293,0.12737
ISS_111RF_FMOVIE002_PRIME,255,50,2009-05-26T14:07:26,255.0,255.98,5.486,5.527,5.502,35.241,35.266,35.249,99.788,99.839,99.822,88.825,53.7,2.73053,0.06835,0.46576,0.0113,0.88061,0.04238,0.15021,0.00703,1.28964,0.04188,0.21999,0.00716,0.56028,0.00503,0.09557,0.00086,0.85308,0.0228,0.83674,0.02237
ISS_111RF_FMOVIE002_PRIME,256,50,2009-05-26T14:04:46,256.0,256.98,5.484,5.524,5.5,35.258,35.282,35.267,99.736,99.788,99.767,88.825,53.7,2.65655,0.0856,0.45066,0.01519,0.86287,0.02675,0.14638,0.00468,1.22937,0.0645,0.20856,0.01125,0.56431,0.00483,0.09573,0.0009,0.81836,0.03457,0.80267,0.03391
ISS_111RF_FMOVIE002_PRIME,257,50,2009-05-26T14:02:38,257.0,257.98,5.482,5.523,5.499,35.275,35.299,35.286,99.684,99.736,99.712,88.825,53.7,2.43719,0.26288,0.41121,0.04482,0.85971,0.02758,0.14504,0.00492,1.0078,0.24774,0.17006,0.04192,0.56968,0.00646,0.0961,0.00106,0.71143,0.11865,0.69778,0.11637
ISS_111RF_FMOVIE002_PRIME,258,50,2009-05-26T14:00:30,258.0,258.98,5.481,5.524,5.498,35.291,35.316,35.304,99.632,99.684,99.658,88.825,53.7,2.48129,0.31974,0.41619,0.053,0.87684,0.02487,0.14711,0.00422,1.02756,0.30771,0.1723,0.05137,0.57689,0.00542,0.09678,0.0008,0.72086,0.14386,0.707,0.14109
ISS_111RF_FMOVIE002_PRIME,259,50,2009-05-26T13:57:50,259.0,259.98,5.478,5.521,5.497,35.308,35.333,35.323,99.58,99.632,99.603,88.825,53.7,2.88882,0.13309,0.48188,0.02139,0.85948,0.03981,0.14337,0.0064,1.44301,0.10817,0.2407,0.0177,0.58633,0.0048,0.09781,0.00078,0.90804,0.0524,0.89057,0.05138
ISS_111RF_FMOVIE002_PRIME,260,50,2009-05-26T13:55:42,260.0,260.98,5.477,5.52,5.496,35.325,35.35,35.342,99.529,99.58,99.548,88.825,53.7,2.58902,0.10991,0.42949,0.01874,0.86946,0.03548,0.14424,0.00612,1.12783,0.07755,0.1871,0.01304,0.59173,0.00721,0.09816,0.00117,0.76121,0.04154,0.74655,0.04075
ISS_111RF_FMOVIE002_PRIME,261,50,2009-05-26T13:53:34,261.0,261.98,5.475,5.52,5.495,35.343,35.367,35.36,99.477,99.528,99.494,88.825,53.7,2.35026,0.27696,0.38761,0.0453,0.86891,0.03714,0.14333,0.0063,0.86952,0.30902,0.14337,0.05082,0.61183,0.00702,0.10091,0.00109,0.64219,0.13557,0.62981,0.13295
ISS_111RF_FMOVIE002_PRIME,262,50,2009-05-26T13:48:46,262.0,262.98,5.472,5.518,5.492,35.36,35.402,35.38,99.398,99.476,99.438,88.825,53.7,2.93762,0.09397,0.4817,0.01491,0.93376,0.03748,0.15311,0.00601,1.38943,0.06586,0.22783,0.01058,0.61443,0.0074,0.10075,0.00124,0.88684,0.03355,0.86971,0.0329
ISS_111RF_FMOVIE002_PRIME,263,50,2009-05-26T13:46:38,263.0,263.98,5.47,5.517,5.489,35.395,35.419,35.401,99.346,99.397,99.382,88.825,53.7,2.85705,0.07991,0.46573,0.01322,0.89942,0.04499,0.14661,0.00721,1.35195,0.09049,0.22039,0.01494,0.60567,0.01007,0.09873,0.00158,0.85824,0.0386,0.84165,0.03785
ISS_111RF_FMOVIE002_PRIME,264,50,2009-05-26T13:44:30,264.0,264.98,5.468,5.515,5.486,35.412,35.437,35.42,99.293,99.345,99.326,88.825,53.7,2.77543,0.33746,0.44975,0.0544,0.89813,0.04305,0.14554,0.00679,1.24603,0.33359,0.20191,0.05397,0.63127,0.00809,0.1023,0.00116,0.8099,0.15038,0.79421,0.14746
ISS_111RF_FMOVIE002_PRIME,265,50,2009-05-26T13:41:50,265.0,265.98,5.467,5.515,5.486,35.43,35.455,35.439,99.241,99.293,99.272,88.825,53.7,3.00888,0.12803,0.48484,0.0215,0.95791,0.04984,0.15435,0.00819,1.40789,0.11537,0.22687,0.01896,0.64308,0.00634,0.10361,0.00093,0.8901,0.05425,0.87284,0.05321
ISS_111RF_FMOVIE002_PRIME,266,50,2009-05-26T13:39:42,266.0,266.98,5.465,5.515,5.485,35.447,35.472,35.459,99.189,99.241,99.217,88.825,53.7,2.73095,0.06357,0.43745,0.01067,0.91246,0.04793,0.14616,0.00771,1.1751,0.04171,0.18823,0.00696,0.64339,0.00756,0.10306,0.00119,0.77422,0.02124,0.75919,0.02084
ISS_111RF_FMOVIE002_PRIME,267,50,2009-05-26T13:35:26,267.0,267.98,5.455,5.542,5.497,35.462,35.512,35.476,99.109,99.189,99.164,88.825,53.7,2.6947,0.20963,0.42922,0.03381,1.01554,0.03438,0.16173,0.00514,1.01746,0.22701,0.1621,0.03636,0.66169,0.02196,0.10538,0.00329,0.71965,0.09838,0.70566,0.09647
ISS_111RF_FMOVIE002_PRIME,268,50,2009-05-26T13:35:26,268.0,268.98,5.455,5.491,5.468,35.503,35.511,35.507,99.085,99.109,99.097,88.825,53.7,2.92578,0.21041,0.46259,0.03354,1.03194,0.16219,0.16316,0.02571,1.21321,0.07704,0.19182,0.01232,0.68063,0.00514,0.10761,0.00082,0.80696,0.05192,0.79125,0.05091
ISS_111RF_FMOVIE002_PRIME,269,50,2009-05-26T13:32:46,269.0,269.98,5.459,5.511,5.482,35.501,35.526,35.518,99.033,99.084,99.052,88.825,53.7,2.82965,0.07318,0.44518,0.01155,1.03955,0.07171,0.16355,0.01138,1.1006,0.02155,0.17315,0.00317,0.6895,0.00532,0.10848,0.00081,0.75645,0.01347,0.74171,0.01321
ISS_111RF_FMOVIE002_PRIME,270,50,2009-05-26T13:30:38,270.0,270.98,5.458,5.51,5.482,35.519,35.544,35.538,98.981,99.032,98.997,88.825,53.7,2.99798,0.12251,0.4688,0.01862,1.25426,0.13383,0.19611,0.02066,1.05551,0.07586,0.16507,0.01195,0.68821,0.01559,0.10762,0.00247,0.766,0.03114,0.75106,0.03053
ISS_111RF_FMOVIE002_PRIME,271,50,2009-05-26T13:26:22,271.0,271.98,5.455,5.509,5.479,35.537,35.581,35.559,98.9,98.98,98.941,88.825,53.7,3.05079,0.33469,0.47414,0.05214,1.16644,0.30638,0.18131,0.04774,1.16628,0.14769,0.18123,0.02287,0.71807,0.00751,0.1116,0.00123,0.80101,0.07778,0.78536,0.07626
ISS_111RF_FMOVIE002_PRIME,272,50,2009-05-26T13:23:42,272.0,272.98,5.453,5.508,5.475,35.574,35.599,35.581,98.848,98.899,98.884,88.825,53.7,2.9279,0.0169,0.45216,0.00288,1.03474,0.01817,0.1598,0.00298,1.16916,0.01118,0.18055,0.00167,0.72399,0.00661,0.11181,0.00092,0.77835,0.00477,0.76313,0.00468
ISS_111RF_FMOVIE002_PRIME,273,50,2009-05-26T13:21:34,273.0,273.98,5.451,5.508,5.474,35.592,35.618,35.601,98.795,98.847,98.829,88.825,53.7,3.35917,0.2451,0.51551,0.03695,1.02207,0.03545,0.15686,0.00518,1.59179,0.22197,0.24427,0.03382,0.74532,0.01366,0.11439,0.00189,0.95757,0.09797,0.93882,0.09605
ISS_111RF_FMOVIE002_PRIME,274,50,2009-05-26T13:19:26,274.0,274.98,5.45,5.507,5.473,35.611,35.637,35.621,98.743,98.795,98.773,88.825,53.7,3.44522,0.32724,0.52557,0.05076,1.21591,0.26353,0.18551,0.04048,1.46649,0.0917,0.2237,0.01437,0.76283,0.00639,0.11635,0.00099,0.93107,0.0727,0.91281,0.07128
ISS_111RF_FMOVIE002_PRIME,275,50,2009-05-26T13:14:38,275.0,275.98,5.438,5.538,5.49,35.627,35.678,35.637,98.661,98.742,98.723,88.825,53.7,3.14823,0.03224,0.47744,0.0042,0.9822,0.00658,0.14895,0.00109,1.39409,0.02909,0.21141,0.00408,0.77194,0.00539,0.11707,0.00074,0.86128,0.01158,0.84437,0.01135
ISS_111RF_FMOVIE002_PRIME,276,50,2009-05-26T13:14:38,276.0,276.98,5.438,5.475,5.451,35.67,35.677,35.674,98.638,98.661,98.649,88.825,53.7,3.24776,0.04849,0.48843,0.00726,0.99126,0.00529,0.14908,0.00078,1.4808,0.0447,0.2227,0.00668,0.77569,0.00765,0.11666,0.00122,0.89369,0.01934,0.8761,0.01896
ISS_111RF_FMOVIE002_PRIME,277,50,2009-05-26T13:12:30,277.0,277.98,5.446,5.508,5.473,35.667,35.693,35.682,98.586,98.638,98.608,88.825,53.7,3.44388,0.08944,0.51547,0.01349,1.02281,0.01477,0.15309,0.00191,1.64312,0.08676,0.24594,0.01314,0.77795,0.00484,0.11644,0.00064,0.96362,0.03725,0.94465,0.03652
ISS_111RF_FMOVIE002_PRIME,278,50,2009-05-26T13:10:22,278.0,278.98,5.445,5.51,5.474,35.686,35.712,35.703,98.533,98.585,98.553,88.825,53.7,3.76568,0.12216,0.56004,0.0172,1.10425,0.03651,0.16423,0.00513,1.84767,0.10401,0.27479,0.01517,0.81377,0.01774,0.12103,0.0024,1.06166,0.04403,1.04072,0.04316
ISS_111RF_FMOVIE002_PRIME,279,50,2009-05-26T13:05:34,279.0,279.98,5.43,5.542,5.472,35.702,35.754,35.729,98.451,98.533,98.491,88.825,53.7,3.79079,0.12815,0.55965,0.01712,1.28907,0.06113,0.1903,0.00836,1.65144,0.09426,0.24381,0.01347,0.85029,0.01033,0.12554,0.00112,1.00563,0.04055,0.98577,0.03973
ISS_111RF_FMOVIE002_PRIME,280,50,2009-05-26T13:03:26,280.0,280.98,5.438,5.507,5.466,35.743,35.769,35.748,98.399,98.451,98.439,88.825,53.7,3.81336,0.05507,0.55963,0.00765,1.39176,0.08439,0.20424,0.0122,1.55318,0.04398,0.22795,0.00664,0.86842,0.00773,0.12745,0.00108,0.97729,0.00955,0.95797,0.00936
ISS_111RF_FMOVIE002_PRIME,281,50,2009-05-26T13:00:46,281.0,281.98,5.438,5.504,5.464,35.763,35.789,35.769,98.346,98.398,98.383,88.825,53.7,3.86928,0.1566,0.56413,0.02367,1.39478,0.15421,0.20337,0.02275,1.59204,0.05843,0.23211,0.00871,0.88247,0.00733,0.12865,0.00094,0.99022,0.0328,0.97061,0.03215
ISS_111RF_FMOVIE002_PRIME,282,50,2009-05-26T12:58:38,282.0,282.98,5.437,5.506,5.465,35.782,35.808,35.79,98.293,98.346,98.328,88.825,53.7,3.48331,0.03164,0.50453,0.0052,1.18026,0.0109,0.17095,0.0018,1.40717,0.02627,0.20382,0.00406,0.89589,0.00772,0.12976,0.00098,0.87938,0.01244,0.86194,0.0122
ISS_111RF_FMOVIE002_PRIME,283,50,2009-05-26T12:56:30,283.0,283.98,5.436,5.506,5.465,35.802,35.828,35.812,98.241,98.293,98.272,88.825,53.7,3.62185,0.16466,0.52106,0.02244,1.18288,0.00664,0.17019,0.00114,1.5187,0.15844,0.21846,0.02225,0.92027,0.01009,0.13241,0.0012,0.92363,0.06371,0.90529,0.06243
ISS_111RF_FMOVIE002_PRIME,284,50,2009-05-26T12:54:22,284.0,284.98,5.434,5.504,5.463,35.821,35.848,35.834,98.188,98.24,98.216,88.825,53.7,3.73142,0.06164,0.53327,0.00984,1.16649,0.00825,0.1667,0.00145,1.6134,0.06141,0.23059,0.00923,0.95152,0.00809,0.13598,0.00091,0.95899,0.0266,0.93992,0.02608
ISS_111RF_FMOVIE002_PRIME,285,50,2009-05-26T12:51:42,285.0,285.98,5.432,5.504,5.463,35.841,35.867,35.855,98.136,98.188,98.161,88.825,53.7,3.69976,0.07772,0.52515,0.01018,1.14093,0.00995,0.16196,0.00176,1.57348,0.07261,0.22333,0.00993,0.98535,0.01291,0.13986,0.00152,0.93831,0.0287,0.91963,0.02812
ISS_111RF_FMOVIE002_PRIME,286,50,2009-05-26T12:49:34,286.0,286.98,5.432,5.507,5.465,35.861,35.887,35.876,98.083,98.135,98.105,88.825,53.7,3.83027,0.06996,0.54007,0.01093,1.12577,0.00938,0.15873,0.00108,1.68264,0.0861,0.23727,0.01266,1.02185,0.0137,0.14407,0.00162,0.97985,0.03405,0.96031,0.03339
ISS_111RF_FMOVIE002_PRIME,287,50,2009-05-26T12:44:46,287.0,287.98,5.413,5.538,5.463,35.879,35.931,35.904,97.999,98.083,98.042,88.825,53.7,3.87349,0.10137,0.54185,0.01188,1.16132,0.01981,0.16246,0.00214,1.64863,0.06997,0.23061,0.00882,1.06354,0.01538,0.14878,0.0016,0.97029,0.0287,0.95092,0.0281
ISS_111RF_FMOVIE002_PRIME,288,50,2009-05-26T12:44:46,288.0,288.98,5.421,5.497,5.453,35.921,35.928,35.925,97.978,97.999,97.988,88.825,53.7,4.33422,0.17402,0.60232,0.02385,1.31697,0.07494,0.18301,0.01027,1.90644,0.12273,0.26494,0.01699,1.11081,0.01378,0.15437,0.00182,1.0955,0.05396,1.07359,0.05288
ISS_111RF_FMOVIE002_PRIME,289,50,2009-05-26T12:40:30,289.0,289.98,5.424,5.502,5.458,35.921,35.968,35.945,97.894,97.977,97.935,88.825,53.7,4.39051,0.12408,0.60613,0.01781,1.4895,0.09164,0.20563,0.01276,1.74502,0.0836,0.24092,0.01186,1.15599,0.01487,0.15958,0.00179,1.05547,0.037,1.03433,0.03626
ISS_111RF_FMOVIE002_PRIME,290,50,2009-05-26T12:38:22,290.0,290.98,5.423,5.503,5.455,35.962,35.988,35.968,97.841,97.893,97.878,88.825,53.7,3.92354,0.08478,0.53779,0.01239,1.20552,0.03596,0.16524,0.00512,1.5205,0.05897,0.20842,0.0084,1.19751,0.00963,0.16413,0.00116,0.92734,0.02785,0.90875,0.02729
ISS_111RF_FMOVIE002_PRIME,291,50,2009-05-26T12:35:42,291.0,291.98,5.422,5.503,5.455,35.982,36.009,35.991,97.788,97.841,97.822,88.825,53.7,3.81803,0.05685,0.5196,0.00682,1.15718,0.00999,0.15749,0.00168,1.41493,0.04565,0.19256,0.00596,1.24592,0.02742,0.16956,0.00334,0.8803,0.01794,0.86262,0.01757
ISS_111RF_FMOVIE002_PRIME,292,50,2009-05-26T12:33:34,292.0,292.98,5.421,5.503,5.455,36.002,36.029,36.013,97.735,97.788,97.766,88.825,53.7,4.17341,0.16967,0.56389,0.02152,1.13843,0.00692,0.15383,0.00101,1.68065,0.14213,0.22706,0.01863,1.35433,0.0302,0.183,0.00367,0.99015,0.05679,0.97023,0.05563
ISS_111RF_FMOVIE002_PRIME,293,50,2009-05-26T12:31:26,293.0,293.98,5.418,5.501,5.454,36.023,36.05,36.036,97.683,97.735,97.709,88.825,53.7,5.19217,0.25879,0.69644,0.0331,1.13629,0.01115,0.15243,0.00124,2.61773,0.25358,0.35108,0.03321,1.43816,0.01325,0.19293,0.002,1.35701,0.09599,1.32967,0.09404
ISS_111RF_FMOVIE002_PRIME,294,50,2009-05-26T12:28:46,294.0,294.98,5.417,5.502,5.454,36.044,36.071,36.059,97.63,97.682,97.653,88.825,53.7,5.26824,0.13426,0.70166,0.0195,1.14385,0.01057,0.15234,0.00122,2.73145,0.1356,0.36381,0.01893,1.39294,0.00911,0.18551,0.00143,1.38763,0.05465,1.35964,0.05356
ISS_111RF_FMOVIE002_PRIME,295,50,2009-05-26T12:26:38,295.0,295.98,5.417,5.505,5.457,36.064,36.092,36.081,97.577,97.629,97.598,88.825,53.7,5.47148,0.35065,0.72344,0.04629,1.1488,0.03913,0.15189,0.00515,2.89046,0.38846,0.38218,0.0513,1.43222,0.01163,0.18937,0.00112,1.44567,0.14324,1.41647,0.14034
ISS_111RF_FMOVIE002_PRIME,296,50,2009-05-26T12:24:30,296.0,296.98,5.415,5.503,5.456,36.085,36.113,36.105,97.524,97.576,97.541,88.825,53.7,4.70451,0.07455,0.61743,0.01115,1.20122,0.01388,0.15765,0.0021,2.02799,0.08023,0.26617,0.01113,1.4753,0.02007,0.19361,0.0023,1.12159,0.03178,1.09891,0.03115
ISS_111RF_FMOVIE002_PRIME,297,50,2009-05-26T12:22:22,297.0,297.98,5.414,5.503,5.457,36.106,36.134,36.128,97.471,97.524,97.485,88.825,53.7,4.6298,0.0409,0.60312,0.00623,1.17369,0.00665,0.15289,0.00098,1.91713,0.05499,0.24975,0.00756,1.53898,0.0203,0.20047,0.00237,1.07727,0.02025,1.05545,0.01985
ISS_111RF_FMOVIE002_PRIME,298,50,2009-05-26T12:15:26,298.0,298.98,5.39,5.505,5.449,36.127,36.201,36.155,97.352,97.471,97.424,88.825,53.7,4.71576,0.05755,0.60927,0.00576,1.18,0.00801,0.15246,0.00072,1.92141,0.02736,0.24824,0.00282,1.61435,0.02584,0.20857,0.00285,1.0818,0.01136,1.05984,0.01112
ISS_111RF_FMOVIE002_PRIME,299,50,2009-05-26T12:15:26,299.0,299.98,5.388,5.422,5.398,36.196,36.201,36.199,97.332,97.352,97.342,88.825,53.7,4.93857,0.04605,0.63111,0.00542,1.20563,0.00915,0.15407,0.00108,2.03019,0.01698,0.25944,0.00199,1.70275,0.02238,0.2176,0.0027,1.12668,0.0092,1.10375,0.00902
ISS_111RF_FMOVIE002_PRIME,300,50,2009-05-26T12:13:18,300.0,300.98,5.408,5.504,5.448,36.191,36.219,36.201,97.279,97.332,97.312,88.825,53.7,5.10297,0.04111,0.64948,0.00371,1.22696,0.01021,0.15616,0.00098,2.09159,0.01753,0.26621,0.0019,1.78442,0.02217,0.22711,0.00233,1.15863,0.00681,1.13505,0.00666
ISS_111RF_FMOVIE002_PRIME,301,50,2009-05-26T12:10:38,301.0,301.98,5.407,5.505,5.448,36.213,36.24,36.225,97.226,97.279,97.256,88.825,53.7,5.25376,0.05813,0.66355,0.00695,1.24379,0.01187,0.15709,0.00115,2.1562,0.05507,0.27233,0.00712,1.85377,0.02097,0.23413,0.00214,1.1857,0.0201,1.16153,0.0197
ISS_111RF_FMOVIE002_PRIME,302,50,2009-05-26T12:08:30,302.0,302.98,5.406,5.506,5.449,36.234,36.262,36.248,97.173,97.226,97.2,88.825,53.7,5.43391,0.07647,0.68099,0.0086,1.26667,0.00928,0.15874,0.00081,2.2466,0.06014,0.28155,0.00723,1.92064,0.01746,0.2407,0.00187,1.22216,0.02256,1.19722,0.0221
ISS_111RF_FMOVIE002_PRIME,303,50,2009-05-26T12:06:22,303.0,303.98,5.401,5.497,5.445,36.257,36.284,36.274,97.12,97.173,97.141,88.825,53.7,5.74164,0.15439,0.71371,0.01731,1.28814,0.00735,0.16013,0.00089,2.44475,0.11368,0.30388,0.01333,2.00876,0.03744,0.2497,0.00399,1.29937,0.04347,1.2728,0.04256
ISS_111RF_FMOVIE002_PRIME,304,50,2009-05-26T12:03:42,304.0,304.98,5.401,5.502,5.448,36.278,36.306,36.297,97.067,97.12,97.085,88.825,53.7,6.40942,0.29159,0.79051,0.03425,1.32753,0.0242,0.16374,0.00263,2.96553,0.24482,0.36573,0.02943,2.11636,0.02969,0.26104,0.00307,1.49718,0.09151,1.46652,0.08963
ISS_111RF_FMOVIE002_PRIME,305,50,2009-05-26T12:01:34,305.0,305.98,5.402,5.506,5.452,36.3,36.328,36.321,97.014,97.067,97.029,88.825,53.7,6.66952,0.08468,0.81624,0.0121,1.42677,0.03783,0.1746,0.00427,3.1434,0.02684,0.3847,0.00401,2.09934,0.10948,0.25694,0.01391,1.56145,0.01759,1.52943,0.01724
ISS_111RF_FMOVIE002_PRIME,306,50,2009-05-26T11:57:18,306.0,306.98,5.4,5.511,5.454,36.322,36.372,36.345,96.927,97.014,96.973,88.825,53.7,6.70439,0.10574,0.8139,0.01187,1.71298,0.1675,0.20793,0.02004,3.07396,0.04593,0.37319,0.0061,1.91745,0.02442,0.23279,0.00341,1.53875,0.00705,1.50715,0.00691
ISS_111RF_FMOVIE002_PRIME,307,50,2009-05-26T11:54:38,307.0,307.98,5.399,5.51,5.444,36.366,36.394,36.372,96.873,96.926,96.913,88.825,53.7,6.49156,0.10159,0.78134,0.01277,1.75834,0.05844,0.21163,0.00676,2.87768,0.08092,0.34638,0.01027,1.85554,0.00967,0.22334,0.00143,1.45604,0.03119,1.42608,0.03055
ISS_111RF_FMOVIE002_PRIME,308,50,2009-05-26T11:52:30,308.0,308.98,5.4,5.516,5.448,36.388,36.416,36.396,96.82,96.873,96.857,88.825,53.7,6.26897,0.17489,0.74849,0.0219,1.70301,0.16099,0.20335,0.01949,2.7169,0.02662,0.32438,0.0038,1.84907,0.00997,0.22076,0.00078,1.38207,0.02779,1.35359,0.02723
ISS_111RF_FMOVIE002_PRIME,309,50,2009-05-26T11:50:22,309.0,309.98,5.398,5.514,5.447,36.41,36.439,36.421,96.767,96.82,96.8,88.825,53.7,5.89907,0.15619,0.69847,0.02009,1.46058,0.10882,0.17295,0.01325,2.5625,0.05858,0.30341,0.0077,1.87599,0.00916,0.22211,0.00083,1.29277,0.03434,1.26609,0.03365
ISS_111RF_FMOVIE002_PRIME,310,50,2009-05-26T11:47:42,310.0,310.98,5.397,5.516,5.448,36.433,36.461,36.445,96.714,96.767,96.743,88.825,53.7,5.64954,0.02789,0.66334,0.0048,1.35219,0.00597,0.15877,0.00108,2.38995,0.03381,0.28062,0.00465,1.9074,0.01283,0.22395,0.00092,1.21458,0.01337,1.18947,0.01311
ISS_111RF_FMOVIE002_PRIME,311,50,2009-05-26T11:45:34,311.0,311.98,5.395,5.514,5.448,36.456,36.484,36.471,96.66,96.713,96.685,88.825,53.7,5.62651,0.01698,0.65502,0.00198,1.37438,0.01486,0.16,0.00129,2.30279,0.01897,0.26809,0.00274,1.94934,0.00908,0.22694,0.00089,1.18318,0.00662,1.15869,0.00649
ISS_111RF_FMOVIE002_PRIME,312,50,2009-05-26T11:43:26,312.0,312.98,5.396,5.52,5.452,36.478,36.506,36.495,96.607,96.66,96.629,88.825,53.7,5.66567,0.03633,0.65407,0.00454,1.41563,0.01901,0.16342,0.0017,2.26739,0.04808,0.26177,0.006,1.98265,0.01141,0.22888,0.00095,1.17128,0.01591,1.147,0.01558
ISS_111RF_FMOVIE002_PRIME,313,50,2009-05-26T11:38:38,313.0,313.98,5.363,5.609,5.484,36.498,36.554,36.517,96.518,96.607,96.575,88.825,53.7,5.60001,0.03416,0.64123,0.00185,1.46405,0.01876,0.16763,0.0013,2.11215,0.02466,0.24185,0.00287,2.02382,0.01192,0.23174,0.00117,1.12045,0.00711,1.09719,0.00696
ISS_111RF_FMOVIE002_PRIME,314,50,2009-05-26T11:38:38,314.0,314.98,5.38,5.511,5.436,36.547,36.553,36.55,96.501,96.518,96.509,88.825,53.7,5.65632,0.01254,0.64121,0.00159,1.49744,0.00656,0.16975,0.00083,2.1089,0.00649,0.23907,0.00079,2.04998,0.00703,0.23239,0.00074,1.1166,0.00285,1.09337,0.00279
ISS_111RF_FMOVIE002_PRIME,315,50,2009-05-26T11:34:22,315.0,315.98,5.392,5.527,5.456,36.546,36.598,36.572,96.411,96.5,96.457,88.825,53.7,5.69126,0.01969,0.64004,0.00141,1.49481,0.00771,0.16811,0.00097,2.12885,0.01324,0.23941,0.00102,2.0676,0.00708,0.23253,0.00068,1.11746,0.0032,1.09418,0.00312
ISS_111RF_FMOVIE002_PRIME,316,50,2009-05-26T11:31:42,316.0,316.98,5.392,5.528,5.447,36.593,36.622,36.599,96.358,96.411,96.397,88.825,53.7,5.72455,0.02066,0.63785,0.00236,1.49542,0.00882,0.16662,0.00082,2.16138,0.01582,0.24083,0.00179,2.06774,0.00573,0.2304,0.0009,1.11968,0.00558,1.09631,0.00546
ISS_111RF_FMOVIE002_PRIME,317,50,2009-05-26T11:29:34,317.0,317.98,5.392,5.531,5.449,36.616,36.645,36.625,96.304,96.358,96.34,88.825,53.7,5.81227,0.07391,0.64185,0.00632,1.51454,0.00632,0.16726,0.0009,2.21095,0.04399,0.24415,0.00417,2.08679,0.03096,0.23044,0.00273,1.13191,0.01509,1.10825,0.01476
ISS_111RF_FMOVIE002_PRIME,318,50,2009-05-26T11:29:34,318.0,318.98,5.42,5.615,5.508,36.637,36.644,36.64,96.287,96.304,96.296,88.825,53.7,6.11447,0.08079,0.6705,0.00863,1.5314,0.01345,0.16793,0.00138,2.44571,0.0831,0.26819,0.00898,2.13736,0.03153,0.23438,0.0036,1.21017,0.02652,1.18485,0.02597
ISS_111RF_FMOVIE002_PRIME,319,50,2009-05-26T11:25:18,319.0,319.98,5.354,5.636,5.412,36.636,36.694,36.687,96.197,96.287,96.212,88.825,53.7,5.82416,0.08686,0.63019,0.01093,1.6692,0.03394,0.18059,0.00311,2.18721,0.08386,0.23668,0.00964,1.96776,0.03629,0.21292,0.00464,1.10876,0.02992,1.0855,0.0293
ISS_111RF_FMOVIE002_PRIME,320,50,2009-05-26T11:18:22,320.0,320.98,5.356,5.625,5.498,36.684,36.767,36.703,96.07,96.197,96.167,88.825,53.7,5.68389,0.09949,0.6105,0.00635,1.8064,0.07125,0.19399,0.00625,1.96856,0.04362,0.21145,0.00436,1.90893,0.01883,0.20505,0.00157,1.03923,0.01304,1.0174,0.01274
ISS_111RF_FMOVIE002_PRIME,321,50,2009-05-26T11:18:22,321.0,321.98,5.341,5.363,5.347,36.764,36.767,36.766,96.053,96.07,96.062,88.825,53.7,5.90767,0.12899,0.62384,0.0139,2.05843,0.09994,0.21737,0.01059,1.87046,0.06448,0.19752,0.00696,1.97877,0.0152,0.20895,0.00148,1.02686,0.02528,1.0052,0.02474
ISS_111RF_FMOVIE002_PRIME,322,50,2009-05-26T11:18:22,322.0,322.98,5.365,5.514,5.428,36.758,36.764,36.761,96.037,96.053,96.045,88.825,53.7,5.44842,0.087,0.57378,0.00961,1.73932,0.06956,0.18317,0.00747,1.72847,0.01347,0.18203,0.00155,1.98062,0.00788,0.20858,0.00095,0.94557,0.0125,0.92563,0.01223
ISS_111RF_FMOVIE002_PRIME,323,50,2009-05-26T11:15:42,323.0,323.98,5.389,5.546,5.467,36.757,36.787,36.781,95.983,96.037,95.997,88.825,53.7,5.3146,0.06059,0.55522,0.00649,1.60802,0.01928,0.16799,0.00235,1.76349,0.04436,0.18423,0.00438,1.94309,0.02525,0.203,0.00293,0.93264,0.01404,0.91296,0.01374
ISS_111RF_FMOVIE002_PRIME,324,50,2009-05-26T11:11:26,324.0,324.98,5.389,5.554,5.461,36.781,36.835,36.809,95.892,95.983,95.937,88.825,53.7,5.28411,0.03157,0.54656,0.00217,1.60125,0.00932,0.16563,0.00074,1.8753,0.05861,0.19396,0.00564,1.80755,0.0395,0.18697,0.00445,0.94544,0.01361,0.92545,0.01331
ISS_111RF_FMOVIE002_PRIME,325,50,2009-05-26T11:09:18,325.0,325.98,5.387,5.553,5.455,36.83,36.859,36.837,95.839,95.892,95.877,88.825,53.7,5.47633,0.06215,0.56077,0.00488,1.63463,0.01556,0.16738,0.00113,2.16071,0.07945,0.22124,0.00757,1.68099,0.0329,0.17214,0.00378,1.0175,0.02084,0.99594,0.02039
ISS_111RF_FMOVIE002_PRIME,326,50,2009-05-26T11:06:38,326.0,326.98,5.39,5.563,5.462,36.854,36.883,36.863,95.785,95.838,95.821,88.825,53.7,5.58533,0.08003,0.56643,0.00672,1.73822,0.05377,0.17627,0.0049,2.24414,0.06157,0.22759,0.00601,1.60298,0.01293,0.16257,0.00177,1.03801,0.01883,1.01599,0.01842
ISS_111RF_FMOVIE002_PRIME,327,50,2009-05-26T11:04:30,327.0,327.98,5.382,5.551,5.456,36.878,36.908,36.891,95.731,95.785,95.761,88.825,53.7,5.74948,0.05654,0.57715,0.00704,1.80074,0.08636,0.18079,0.00929,2.39807,0.07081,0.24069,0.00619,1.55067,0.02162,0.15566,0.00274,1.07789,0.01094,1.05498,0.01069
ISS_111RF_FMOVIE002_PRIME,328,50,2009-05-26T11:02:22,328.0,328.98,5.388,5.567,5.467,36.902,36.932,36.917,95.678,95.731,95.705,88.825,53.7,5.85272,0.14032,0.58176,0.01188,1.58989,0.04226,0.15806,0.00476,2.63051,0.11362,0.26147,0.01082,1.63232,0.12331,0.16222,0.01166,1.12781,0.03307,1.1038,0.03235
ISS_111RF_FMOVIE002_PRIME,329,50,2009-05-26T11:00:14,329.0,329.98,5.386,5.566,5.468,36.927,36.957,36.945,95.624,95.677,95.647,88.825,53.7,5.67971,0.05168,0.55886,0.00579,1.51698,0.01202,0.14927,0.00167,2.30884,0.05964,0.22717,0.00559,1.85389,0.02303,0.18242,0.00293,1.0352,0.01627,1.01312,0.01592
ISS_111RF_FMOVIE002_PRIME,330,50,2009-05-26T10:57:34,330.0,330.98,5.386,5.571,5.474,36.952,36.982,36.972,95.57,95.624,95.589,88.825,53.7,5.54032,0.04978,0.53962,0.00656,1.48892,0.00987,0.14502,0.0014,2.26168,0.03217,0.22029,0.00368,1.78972,0.01962,0.17432,0.00239,1.00339,0.01334,0.98195,0.01307
ISS_111RF_FMOVIE002_PRIME,331,50,2009-05-26T10:55:26,331.0,331.98,5.387,5.576,5.48,36.976,37.006,36.999,95.517,95.57,95.532,88.825,53.7,5.50431,0.06991,0.53061,0.00816,1.48042,0.00959,0.1427,0.00067,2.3069,0.05129,0.22239,0.00551,1.71699,0.02518,0.16552,0.00294,1.00074,0.01921,0.97933,0.0188
ISS_111RF_FMOVIE002_PRIME,332,50,2009-05-26T10:50:38,332.0,332.98,5.319,5.6,5.38,37.001,37.059,37.049,95.424,95.516,95.444,88.825,53.7,5.53233,0.05043,0.52481,0.00294,1.49677,0.0132,0.14199,0.00073,2.36154,0.04254,0.22401,0.00312,1.67402,0.00747,0.15881,0.00145,1.00149,0.00999,0.97999,0.00975
ISS_111RF_FMOVIE002_PRIME,333,50,2009-05-26T10:48:30,333.0,333.98,5.387,5.588,5.468,37.051,37.081,37.057,95.37,95.424,95.412,88.825,53.7,5.51271,0.02623,0.5199,0.00246,1.48941,0.00965,0.14046,0.00074,2.34152,0.02537,0.22083,0.00248,1.68178,0.00794,0.15861,0.00074,0.99093,0.00752,0.96965,0.00736
ISS_111RF_FMOVIE002_PRIME,334,50,2009-05-26T10:46:22,334.0,334.98,5.384,5.588,5.469,37.076,37.107,37.085,95.316,95.37,95.353,88.825,53.7,5.48354,0.03756,0.51157,0.00302,1.50837,0.01234,0.14072,0.00072,2.27798,0.03238,0.21252,0.003,1.69719,0.00633,0.15833,0.00063,0.9669,0.00935,0.9461,0.00914
ISS_111RF_FMOVIE002_PRIME,335,50,2009-05-26T10:44:14,335.0,335.98,5.386,5.594,5.475,37.101,37.132,37.113,95.262,95.316,95.295,88.825,53.7,5.4999,0.03503,0.50758,0.0044,1.52743,0.00895,0.14096,0.00048,2.26004,0.04263,0.20859,0.00452,1.71244,0.00866,0.15804,0.0004,0.9565,0.01353,0.93589,0.01325
ISS_111RF_FMOVIE002_PRIME,336,50,2009-05-26T10:41:34,336.0,336.98,5.39,5.607,5.485,37.127,37.157,37.14,95.208,95.262,95.238,88.825,53.7,5.54122,0.12233,0.50585,0.00929,1.54865,0.01266,0.14138,0.00062,2.26582,0.10815,0.20683,0.0091,1.72675,0.00682,0.15765,0.00064,0.95305,0.02965,0.93248,0.029
ISS_111RF_FMOVIE002_PRIME,337,50,2009-05-26T10:39:26,337.0,337.98,5.388,5.608,5.488,37.152,37.183,37.169,95.154,95.208,95.18,88.825,53.7,6.0005,0.11753,0.5417,0.01066,1.56491,0.01397,0.14127,0.00073,2.67689,0.11116,0.24166,0.01004,1.7587,0.01281,0.15877,0.00158,1.06668,0.03236,1.04361,0.03166
ISS_111RF_FMOVIE002_PRIME,338,50,2009-05-26T10:37:18,338.0,338.98,5.39,5.615,5.495,37.178,37.208,37.197,95.1,95.154,95.122,88.825,53.7,5.94523,0.06746,0.53072,0.00533,1.60932,0.01933,0.14366,0.00113,2.56885,0.05581,0.22932,0.00503,1.76706,0.01237,0.15774,0.00072,1.03128,0.01612,1.00894,0.01578
ISS_111RF_FMOVIE002_PRIME,339,50,2009-05-26T10:34:38,339.0,339.98,5.388,5.616,5.499,37.203,37.234,37.225,95.046,95.1,95.063,88.825,53.7,5.9312,0.03095,0.52342,0.00357,1.64836,0.00958,0.14546,0.00048,2.54052,0.01796,0.2242,0.00145,1.74231,0.02401,0.15376,0.00262,1.01524,0.00606,0.9932,0.00593
ISS_111RF_FMOVIE002_PRIME,340,50,2009-05-26T10:32:30,340.0,340.98,5.389,5.624,5.508,37.229,37.26,37.254,94.993,95.046,95.005,88.825,53.7,5.90449,0.02684,0.51511,0.00277,1.67044,0.00665,0.14573,0.00047,2.555,0.01607,0.2229,0.00107,1.67905,0.01938,0.14649,0.00204,1.00653,0.00454,0.98465,0.00444
ISS_111RF_FMOVIE002_PRIME,341,50,2009-05-26T10:28:14,341.0,341.98,5.387,5.64,5.497,37.255,37.312,37.284,94.898,94.992,94.944,88.825,53.7,5.92564,0.02829,0.51064,0.00189,1.69978,0.00961,0.14648,0.00065,2.61172,0.02613,0.22506,0.00175,1.61414,0.01553,0.1391,0.00162,1.00952,0.0054,0.98753,0.00528
ISS_111RF_FMOVIE002_PRIME,342,50,2009-05-26T10:25:34,342.0,342.98,5.391,5.642,5.495,37.307,37.338,37.314,94.844,94.898,94.884,88.825,53.7,6.12825,0.11697,0.5217,0.00804,1.7268,0.00899,0.14701,0.00064,2.82741,0.12542,0.24068,0.00978,1.57403,0.01479,0.13401,0.00168,1.05812,0.03068,1.03503,0.03
ISS_111RF_FMOVIE002_PRIME,343,50,2009-05-26T10:23:26,343.0,343.98,5.394,5.651,5.503,37.333,37.364,37.343,94.79,94.844,94.826,88.825,53.7,6.50349,0.04322,0.54711,0.00429,1.76576,0.0147,0.14854,0.00071,3.19816,0.04404,0.26905,0.00411,1.53957,0.01034,0.12952,0.00117,1.14993,0.01284,1.1248,0.01257
ISS_111RF_FMOVIE002_PRIME,344,50,2009-05-26T10:21:18,344.0,344.98,5.392,5.653,5.506,37.359,37.39,37.372,94.736,94.79,94.767,88.825,53.7,6.56148,0.07499,0.54523,0.00429,1.80943,0.01295,0.15036,0.0006,3.18574,0.05063,0.26472,0.00337,1.56631,0.01666,0.13015,0.00092,1.14167,0.01261,1.11667,0.01232
ISS_111RF_FMOVIE002_PRIME,345,50,2009-05-26T10:18:38,345.0,345.98,5.394,5.663,5.515,37.385,37.416,37.401,94.682,94.735,94.709,88.825,53.7,6.49194,0.09799,0.53292,0.00963,1.8511,0.01926,0.15194,0.00091,3.00801,0.1197,0.24695,0.01072,1.63282,0.01786,0.13403,0.00093,1.09241,0.03292,1.06845,0.03221
ISS_111RF_FMOVIE002_PRIME,346,50,2009-05-26T10:18:38,346.0,346.98,5.532,5.954,5.728,37.407,37.414,37.411,94.669,94.681,94.675,88.825,53.7,6.49946,0.03217,0.52973,0.00225,1.89361,0.01023,0.15434,0.00077,2.91868,0.0157,0.23788,0.00112,1.68717,0.01165,0.13751,0.00086,1.07049,0.00475,1.04699,0.00464
ISS_111RF_FMOVIE002_PRIME,347,50,2009-05-26T10:12:14,347.0,347.98,5.287,6.108,5.514,37.405,37.499,37.472,94.532,94.668,94.573,88.825,53.7,6.8182,0.14613,0.54342,0.00494,1.99579,0.04815,0.15906,0.00197,3.12844,0.10892,0.2493,0.00561,1.69397,0.01278,0.13506,0.00262,1.11611,0.02098,1.09152,0.02046
ISS_111RF_FMOVIE002_PRIME,348,50,2009-05-26T10:12:14,348.0,348.98,5.36,5.664,5.493,37.492,37.497,37.495,94.519,94.531,94.525,88.825,53.7,6.88832,0.02517,0.54348,0.00229,2.09409,0.03232,0.16522,0.00243,3.08571,0.05594,0.24346,0.0046,1.70852,0.0114,0.1348,0.00082,1.10539,0.01229,1.081,0.01202
ISS_111RF_FMOVIE002_PRIME,349,50,2009-05-26T10:07:26,349.0,349.98,5.4,5.701,5.544,37.491,37.55,37.52,94.423,94.519,94.473,88.825,53.7,7.32626,0.34131,0.57127,0.02534,2.31848,0.08785,0.18079,0.00647,3.23368,0.24643,0.25213,0.01865,1.7741,0.02034,0.13835,0.00131,1.1565,0.06904,1.13094,0.06751
ISS_111RF_FMOVIE002_PRIME,350,50,2009-05-26T10:05:18,350.0,350.98,5.409,5.723,5.537,37.545,37.577,37.551,94.369,94.423,94.412,88.825,53.7,7.8313,0.21014,0.6024,0.01581,2.17086,0.10759,0.16701,0.00865,3.79386,0.20097,0.29181,0.01498,1.86659,0.03735,0.14358,0.00264,1.28417,0.05029,1.25574,0.04917
ISS_111RF_FMOVIE002_PRIME,351,50,2009-05-26T10:02:38,351.0,351.98,5.408,5.727,5.542,37.572,37.604,37.581,94.314,94.368,94.352,88.825,53.7,8.10097,0.23849,0.61486,0.0204,2.02349,0.01639,0.15356,0.00145,4.17195,0.2385,0.31668,0.01924,1.90553,0.01072,0.14461,0.00111,1.3595,0.06423,1.32935,0.06282
ISS_111RF_FMOVIE002_PRIME,352,50,2009-05-26T10:00:30,352.0,352.98,5.412,5.741,5.554,37.599,37.631,37.611,94.26,94.314,94.294,88.825,53.7,7.66657,0.17082,0.57395,0.00982,2.00916,0.01662,0.15043,0.00107,3.73278,0.15522,0.27942,0.01015,1.92463,0.01317,0.1441,0.00094,1.2355,0.03548,1.20805,0.03467
ISS_111RF_FMOVIE002_PRIME,353,50,2009-05-26T09:58:22,353.0,353.98,5.411,5.745,5.56,37.626,37.658,37.642,94.206,94.26,94.234,88.825,53.7,8.06771,0.11979,0.59566,0.00591,2.04788,0.04508,0.15119,0.0025,4.08371,0.08495,0.3015,0.00497,1.93613,0.00623,0.14296,0.00114,1.31441,0.01918,1.28514,0.01873
ISS_111RF_FMOVIE002_PRIME,354,50,2009-05-26T09:56:14,354.0,354.98,5.415,5.76,5.575,37.654,37.686,37.671,94.151,94.205,94.176,88.825,53.7,8.07428,0.04492,0.58794,0.00287,2.13501,0.02479,0.15546,0.00106,4.01853,0.03357,0.29262,0.00262,1.92074,0.00826,0.13986,0.00112,1.29037,0.00833,1.26159,0.00815
ISS_111RF_FMOVIE002_PRIME,355,50,2009-05-26T09:53:34,355.0,355.98,5.414,5.765,5.583,37.681,37.713,37.702,94.097,94.151,94.116,88.825,53.7,8.18899,0.05003,0.58781,0.00373,2.1575,0.01127,0.15487,0.0011,4.09178,0.04237,0.29371,0.00283,1.93971,0.00715,0.13923,0.00076,1.29802,0.01003,1.26901,0.00981
ISS_111RF_FMOVIE002_PRIME,356,50,2009-05-26T09:51:26,356.0,356.98,5.419,5.781,5.6,37.709,37.741,37.732,94.043,94.097,94.058,88.825,53.7,8.31821,0.1045,0.58856,0.00473,2.15621,0.01154,0.15257,0.00101,4.21041,0.10424,0.2979,0.00606,1.95159,0.00532,0.13809,0.00074,1.31425,0.02108,1.28483,0.02059
ISS_111RF_FMOVIE002_PRIME,357,50,2009-05-26T09:49:18,357.0,357.98,5.425,5.804,5.618,37.736,37.768,37.763,93.988,94.042,93.999,88.825,53.7,8.67186,0.10851,0.60473,0.00549,2.19158,0.02423,0.15283,0.00119,4.5186,0.077,0.3151,0.00427,1.96167,0.01014,0.1368,0.00052,1.37813,0.01728,1.34721,0.01688
ISS_111RF_FMOVIE002_PRIME,358,50,2009-05-26T09:44:30,358.0,358.98,5.424,5.822,5.589,37.792,37.824,37.797,93.89,93.945,93.935,88.825,53.7,8.88417,0.03682,0.60966,0.00328,2.30962,0.06,0.15848,0.00349,4.59958,0.06947,0.31565,0.00563,1.97497,0.01569,0.13553,0.00144,1.39097,0.01594,1.3597,0.01559
ISS_111RF_FMOVIE002_PRIME,359,50,2009-05-26T09:42:22,359.0,359.98,5.43,5.829,5.597,37.82,37.852,37.828,93.836,93.89,93.875,88.825,53.7,8.89508,0.03653,0.60115,0.0019,2.52609,0.05569,0.1707,0.00284,4.39928,0.03751,0.29733,0.00386,1.9697,0.00925,0.13312,0.0008,1.34311,0.00954,1.31287,0.00934
