Observation,Slice#,Num Data,Date,Min Long,Max Long,Mean Long,Min Inertial Long,Max Inertial Long,Mean Inertial Long,Min Long of Pericenter,Max Long of Pericenter,Mean Long of Pericenter,Min True Anomaly,Max True Anomaly,Mean True Anomaly,Min Res,Max Res,Mean Res,Min Phase,Max Phase,Mean Phase,Min Emission,Max Emission,Mean Emission,Incidence,% Coverage,EW,EW Std,Normal EW,Normal EW Std,EWI,EWI Std,Normal EWI,Normal EWI Std,EWC,EWC Std,Normal EWC,Normal EWC Std,EWO,EWO Std,Normal EWO,Normal EWO Std,Normal EW3Z,Normal EW3Z Std,Normal EW3ZPN,Normal EW3ZPN Std,Core Offset Median,Core Offset Mean,Core Offset Std
ISS_000RI_SATSRCHAP001_PRIME,0,18000,2004-06-20T20:03:28,0.0,359.98,179.99,155.717,186.949,181.75,111.917,113.477,112.762,42.24,74.945,68.987,38.195957,61.670277,41.728863,67.14127,67.35056,67.3075,73.76292,73.94644,73.910645,65.44992176,100.0,2.24949859,0.70214952,0.62339988,0.19450044,0.51594254,0.1640005,0.14298883,0.04544603,0.96485989,0.49341804,0.2673871,0.13669963,0.76869616,0.3651689,0.21302395,0.1011718,0.65859716,0.21054464,0.59525405,0.1902842,25.0,24.799,28.005
ISS_006RI_LPHRLFMOV001_PRIME,0,17335,2005-04-13T02:37:52,0.0,359.98,184.09,43.369,56.821,49.404,191.93,193.476,192.7,209.892,224.891,216.703,5.9229774,16.441965,7.0405154,31.150488,39.418545,35.55385,83.15075,83.7126,83.45238,67.98204716,96.31,4.01741338,0.76483646,0.45795918,0.08745355,1.23150668,0.62236974,0.13968988,0.06867826,2.00983035,0.83808376,0.22962686,0.09630592,0.77607634,0.15559253,0.08864244,0.01869171,0.51741491,0.10765266,0.50725696,0.1057208,-15.0,-18.831,23.402
ISS_007RI_HPMRDFMOV001_PRIME,0,13029,2005-05-03T22:29:04,0.0,359.98,132.75,128.997,148.367,138.407,248.169,249.433,248.832,240.748,259.044,249.576,4.3287687,11.615674,5.4000487,117.13458,132.13173,123.49197,93.80721,98.35297,95.76195,68.18652781,72.38,9.45168275,1.45100618,0.95853376,0.3101673,2.45187362,0.62872749,0.23340356,0.01627441,4.0992967,1.31566696,0.42962844,0.22294378,2.90051242,0.69954547,0.29550176,0.11756598,1.08282205,0.34891602,0.46008338,0.09828355,5.0,3.021,11.757
ISS_007RI_LPHRLFMOV001_PRIME,0,11401,2005-05-01T04:07:28,0.0,359.98,148.1,219.046,233.803,225.928,240.703,242.019,241.226,338.319,351.784,344.702,6.2520103,7.6848497,7.002823,29.889374,35.79,33.59779,68.62046,69.58267,69.034096,68.160488,63.34,1.1904074,0.34767662,0.42591246,0.12465427,0.25599396,0.03526052,0.09161751,0.01284683,0.63138193,0.32590956,0.22589054,0.1169106,0.30303151,0.17892884,0.10840441,0.06432509,0.45292056,0.13680648,0.44513788,0.13463539,5.0,10.343,21.952
ISS_00ARI_SPKMOVPER001_PRIME,0,17230,2004-11-15T08:52:32,13.6,358.18,185.89,148.381,181.717,168.478,150.295,151.938,151.11,0.007,359.987,20.857,27.040243,45.25852,29.494078,84.21335,84.90567,84.573296,77.210754,77.440056,77.32197,66.60331478,95.72,2.68746813,0.60501198,0.58978898,0.13262663,0.53490601,0.09063484,0.11740034,0.01995582,1.15282329,0.50603144,0.25294812,0.1109424,0.99973883,0.5121575,0.21944053,0.11253813,0.62923412,0.14362002,0.51272684,0.11713278,30.0,33.455,34.816
ISS_029RF_FMOVIE001_VIMS,0,16858,2006-09-28T20:32:15,0.94,338.08,169.51,263.519,273.785,269.285,193.178,194.725,193.959,69.988,79.145,75.326,9.414875,10.43138,9.882395,158.30096,161.91473,160.13087,120.74043,122.667305,121.74565,74.33511399,93.66,10.84463448,2.33379527,5.69693934,1.18830601,3.1458988,0.3402468,1.65385495,0.16878258,4.5492502,1.6438403,2.39025989,0.85848234,3.14948548,0.9617112,1.6528245,0.4878622,5.99497288,1.28594083,0.57533308,0.11492581,5.0,4.587,21.711
ISS_029RF_FMOVIE002_VIMS,0,10685,2006-09-30T00:32:15,0.0,359.98,117.86,78.634,88.038,83.613,196.328,197.285,196.804,242.306,251.646,246.809,11.066244,11.545191,11.2775755,158.80432,161.01213,159.93225,118.48783,119.56829,118.99132,74.34868072,59.36,11.58294365,2.16441474,5.60715134,1.01287047,3.54236971,0.37601688,1.71634904,0.17721976,5.54849907,1.62395897,2.68480444,0.7725473,2.49207487,0.52977417,1.20599786,0.24721884,5.95261295,1.11025818,0.57667263,0.09480428,-10.0,-4.147,17.757
ISS_030RF_FMOVIE001_VIMS,0,9616,2006-10-16T01:34:07,0.0,359.98,227.42,262.639,271.345,266.976,239.648,240.521,240.087,22.991,30.823,26.888,10.425309,10.865728,10.629078,150.44888,152.59628,151.52307,130.15141,131.51637,130.85011,74.56557372,53.42,5.69508398,1.03654167,3.72499752,0.67782071,1.58588905,0.17869559,1.03681068,0.11272939,2.40514399,0.86019529,1.57266002,0.5603074,1.70405095,0.52439022,1.11552682,0.34712108,3.9090206,0.73653753,0.58193373,0.11062865,-5.0,-3.22,18.87
ISS_031RF_FMOVIE001_VIMS,0,16737,2006-10-31T18:37:35,0.0,359.98,185.99,91.545,101.032,95.521,282.071,283.615,282.837,169.474,177.695,172.684,9.339399,9.82162,9.591443,156.14963,160.31978,158.29736,124.79248,128.27916,126.5225,74.78418089,92.98,8.70544592,1.27510656,5.17898006,0.76043639,2.55337055,0.29473739,1.51569856,0.14234598,3.60780639,1.14211374,2.14638586,0.68015773,2.54426898,0.48695364,1.51689564,0.30791497,5.44051574,0.83824789,0.57631396,0.09741366,5.0,6.775,14.946
ISS_032RF_FMOVIE001_VIMS,0,16730,2006-11-12T17:53:35,0.0,359.98,168.26,91.249,100.932,95.301,314.392,315.935,315.158,136.857,145.247,140.143,9.30752,9.793045,9.562055,155.70526,159.97838,157.9068,124.90268,128.40477,126.636444,74.94861152,92.94,8.49335031,1.69946154,5.05428972,0.94470662,2.49107272,0.26444285,1.48320546,0.13096271,3.3727136,1.16580525,2.0086671,0.68503873,2.62956399,0.78498752,1.56241716,0.44089698,5.30085411,1.01885345,0.56945265,0.09819441,10.0,9.799,15.087
ISS_033RF_FMOVIE001_VIMS,0,17166,2006-11-25T16:52:47,0.0,359.98,179.52,291.994,301.297,296.891,349.381,350.949,350.173,301.628,310.372,306.718,10.039805,10.407507,10.1735,159.64923,160.813,160.26564,119.08481,122.61253,120.88613,75.12775356,95.37,10.86614603,1.54250144,5.5699094,0.75871949,3.48813714,0.28148203,1.78940688,0.14144241,4.75919887,1.35057103,2.43913271,0.68768861,2.61881003,0.30156147,1.34136981,0.13439409,5.88781941,0.84677602,0.56292698,0.07979647,-15.0,-12.31,11.969
ISS_036RF_FMOVIE001_VIMS,0,18000,2006-12-23T09:43:43,0.0,359.98,179.99,285.166,294.079,290.103,64.184,65.842,65.028,219.71,228.418,225.075,11.6990595,11.849619,11.773392,158.58452,161.00554,159.7674,122.63014,125.77663,124.28747,75.51264846,100.0,11.38566965,4.47397493,6.42704712,2.62254309,3.99607866,2.53459816,2.26135974,1.48486554,5.13761102,2.03754953,2.89533495,1.17261782,2.25197997,0.80815401,1.27035243,0.47242775,6.79895261,2.74573955,0.66991199,0.28753813,-15.0,-14.785,27.158
ISS_036RF_FMOVIE002_VIMS,0,16046,2007-01-05T14:31:59,0.0,359.98,188.19,247.931,260.835,255.468,99.827,101.331,100.585,148.069,159.504,154.883,10.175323,10.55741,10.361926,131.06734,135.70941,133.36711,143.63052,145.6949,144.77722,75.69550969,89.14,2.69684619,2.34502946,2.19938885,1.90496498,1.019604,1.82748539,0.83078011,1.48625844,1.11647428,0.63038883,0.91101555,0.51157551,0.56076791,0.28433646,0.45759318,0.2304347,2.30546778,1.94967578,0.73686016,0.60420555,0.0,-5.198,31.687
ISS_039RF_FMOVIE001_VIMS,0,18000,2007-02-27T07:18:39,0.0,359.98,179.99,194.775,210.735,203.665,242.128,243.89,243.033,312.547,326.844,320.632,10.153094,10.244501,10.194272,101.40309,108.09622,104.8431,143.66588,146.75105,145.32146,76.4397546,100.0,1.48794262,0.80804061,1.21978814,0.65327468,0.31828794,0.18880646,0.2610376,0.15249161,0.71054975,0.47034912,0.58246804,0.38143063,0.45910493,0.41056511,0.3762825,0.33367109,1.29044942,0.69538927,0.84239983,0.47247297,10.0,13.218,17.832
ISS_039RF_FMOVIE002_VIMS,0,16520,2007-02-10T11:47:11,0.0,359.98,187.53,241.768,256.024,248.994,196.727,198.291,197.515,45.04,57.732,51.478,10.221658,10.286767,10.254651,125.325714,131.16293,128.21068,146.7758,148.76643,147.9388,76.20085431,91.78,2.31899087,1.38692915,1.96358041,1.17249936,0.62838738,0.61613304,0.53246483,0.52185481,1.03611223,0.59931854,0.87737057,0.50643379,0.65449126,0.56231013,0.55374501,0.4750988,2.06773285,1.22609157,0.78513425,0.45609172,10.0,8.28,24.192
ISS_039RF_FMOVIE003_VIMS,0,3535,2007-02-11T15:43:11,74.0,144.68,109.34,263.066,268.286,265.978,199.87,200.182,200.032,62.884,68.104,65.945,10.106246,10.164152,10.13192,136.4739,137.8783,137.12714,143.36708,144.37514,143.9417,76.21102869,19.64,2.28740445,0.31603204,1.84906081,0.25468595,0.54092169,0.06504522,0.43723795,0.05212398,1.02580521,0.26406764,0.82919753,0.21315802,0.72067755,0.11898567,0.58262533,0.09609274,1.94867066,0.27853636,0.54875884,0.07763505,20.0,17.233,17.504
ISS_041RF_FMOVIE001_VIMS,0,15410,2007-03-31T09:35:11,44.0,352.18,198.09,172.644,182.964,179.833,328.792,330.203,329.509,203.776,212.761,210.324,11.851454,11.957459,11.8629055,82.179474,85.653435,83.93877,128.18346,130.51357,129.406,76.89618431,85.61,1.74029933,0.74028415,1.10166251,0.460591,0.59074276,0.53387526,0.37260399,0.33361596,0.77862268,0.45654082,0.49345813,0.28718332,0.37093389,0.11808927,0.23560039,0.07504494,1.16746244,0.49046056,0.95740943,0.40629512,0.0,-5.363,31.647
ISS_041RF_FMOVIE002_VIMS,0,18000,2007-03-17T03:49:19,0.0,359.98,179.99,205.117,218.136,211.901,290.34,292.038,291.198,274.507,286.097,280.702,10.416426,10.754048,10.593033,106.20979,111.87248,109.0337,143.60162,145.4418,144.57385,76.69391687,100.0,1.63494588,0.84600926,1.33130649,0.68610266,0.44881163,0.36985234,0.36508565,0.2996036,0.7619304,0.46533889,0.62057287,0.37805555,0.42420384,0.2673168,0.34564796,0.21738531,1.40785265,0.73042828,0.85333645,0.45224035,5.0,3.837,18.649
ISS_043RF_FMOVIE001_VIMS,0,17830,2007-04-18T03:26:39,0.0,359.98,178.65,177.702,188.413,184.025,16.706,18.374,17.557,160.341,170.057,166.468,12.0191,12.323344,12.172182,83.66826,87.28558,85.49678,125.61963,127.653915,126.64262,77.1525157,99.06,1.76122207,0.76105257,1.05136838,0.45475565,0.609006,0.56468584,0.36306352,0.33676891,0.74688345,0.42516351,0.44609521,0.25449741,0.40533261,0.11534451,0.24220965,0.06996173,1.11279981,0.48118066,0.89966547,0.38889241,5.0,-1.37,36.41
ISS_044RF_FMOVIE001_VIMS,0,18000,2007-05-05T04:51:11,0.0,359.98,179.99,177.147,186.843,182.923,62.768,64.419,63.61,112.728,122.54,119.313,11.896049,12.369499,12.136317,80.253975,83.49567,81.884605,118.63974,120.15556,119.404144,77.39863729,100.0,2.02403966,0.70311689,0.99592763,0.35531385,0.6215882,0.45340088,0.30734225,0.2277423,0.88279408,0.50302014,0.43404003,0.24981741,0.51965738,0.14977768,0.25454535,0.07171298,1.06039981,0.38717386,0.88068964,0.31712856,10.0,6.768,36.258
ISS_051RI_LPMRDFMOV001_PRIME,0,15876,2007-10-18T21:11:11,0.0,359.98,186.73,144.552,191.659,173.919,152.847,154.102,153.501,0.01,359.99,31.257,17.49222,82.40354,29.780245,54.89929,57.0026,56.085976,93.99601,94.14145,94.080635,79.85007706,88.2,7.8902269,1.36287876,0.56116309,0.09503677,2.22608769,0.41729264,0.15839401,0.02943334,2.32447655,0.90793698,0.16519602,0.0638794,3.33966267,1.03872373,0.23757305,0.07349358,0.64475869,0.12327205,0.60683239,0.11669246,40.0,30.29,40.533
ISS_055RF_FMOVIE001_VIMS,0,16438,2007-12-31T15:47:27,24.94,353.68,189.31,167.018,175.673,171.296,352.059,353.575,352.82,174.283,182.118,178.475,9.031588,10.012331,9.51054,62.87852,67.79643,65.262505,122.06584,123.77398,122.905975,80.96044552,91.32,1.14747555,0.25332002,0.62368401,0.13952601,0.40291548,0.08602745,0.21896401,0.04754476,0.47525744,0.21454568,0.25834406,0.11703929,0.26930262,0.05027309,0.14637594,0.02802732,0.67179742,0.16018597,0.61215831,0.14508941,10.0,0.102,40.242
ISS_055RI_LPMRDFMOV001_PRIME,0,18000,2008-01-07T08:07:59,0.0,359.98,179.99,121.045,125.695,123.46,10.098,11.77,10.941,110.425,114.261,112.519,9.418148,10.140599,9.799267,19.030485,22.697548,20.901663,99.56268,102.61458,101.1326,81.06294608,100.0,2.93423992,0.45431945,0.56539883,0.09364358,1.09494837,0.18476422,0.21074673,0.03740439,1.08253782,0.37549422,0.20943596,0.07786048,0.75675373,0.10599605,0.14521613,0.01645386,0.62317727,0.11267871,0.61932084,0.11181945,0.0,-4.377,33.847
ISS_057RF_FMOVIE001_VIMS,0,16117,2008-01-23T14:10:23,0.0,359.98,163.32,139.872,147.568,143.888,53.982,55.451,54.713,85.8,93.586,89.176,9.781918,10.452332,10.033365,42.46434,46.13509,44.25531,117.107254,119.432,118.24938,81.30750416,89.54,1.2125187,0.27762319,0.57349761,0.12941022,0.42368558,0.09889367,0.20030759,0.04602764,0.49524181,0.22800258,0.23427897,0.10753704,0.29359131,0.08567509,0.13891105,0.03946335,0.62022214,0.14884765,0.59997103,0.14409541,5.0,-2.84,35.792
ISS_059RF_FMOVIE001_VIMS,0,16612,2008-02-17T12:25:03,0.0,359.98,193.33,311.63,319.2,315.647,121.291,122.82,122.056,190.169,196.76,193.59,8.523694,9.348781,8.934932,42.96986,47.115616,44.96549,121.279434,124.364914,122.765854,81.68679308,92.29,1.09112781,0.31713366,0.59023406,0.17015318,0.39015265,0.07706224,0.2111495,0.04191023,0.50363985,0.27863621,0.27247642,0.15010969,0.19733532,0.03254911,0.10660814,0.01646516,0.64468084,0.19933533,0.62278723,0.19266387,-10.0,-21.55,45.675
ISS_059RF_FMOVIE002_VIMS,0,18000,2008-02-24T12:27:11,0.0,359.98,179.99,283.439,296.597,292.501,140.196,141.862,141.03,142.887,154.844,151.471,9.266293,10.376451,9.476601,23.655603,26.862076,25.225801,104.39143,108.349785,106.388016,81.79431974,100.0,2.06066884,0.41190113,0.58056518,0.12119211,0.75644525,0.14455285,0.21202805,0.03585049,0.87222545,0.37479961,0.24666934,0.10929661,0.43199814,0.0454405,0.12186778,0.01601418,0.64142281,0.14664938,0.63552417,0.14517445,-5.0,-17.869,44.018
ISS_061RI_LPMRDFMOV001_PRIME,0,10861,2008-03-15T10:14:07,139.08,356.28,247.68,103.989,126.669,117.574,193.952,194.855,194.414,269.134,292.717,283.16,7.9881363,22.224962,9.04864,12.615798,15.163169,13.915541,94.20672,97.14055,95.7306,82.09252538,60.34,5.25796787,1.06680578,0.51041033,0.05834342,2.00287051,0.31265283,0.19662008,0.02560882,1.78097798,0.58889491,0.17282169,0.0500049,1.47411938,0.41726723,0.14096855,0.0218384,0.58746786,0.08020116,0.58591927,0.08003723,10.0,1.553,33.325
ISS_068RF_FMOVIE001_VIMS,0,8301,2008-05-15T23:55:27,0.0,359.98,174.17,128.699,142.676,135.102,0.207,1.856,0.971,128.492,140.82,134.131,5.377157,6.5681148,6.0424504,44.145966,56.18628,49.294357,126.22192,136.35631,130.6433,83.03749436,46.12,0.79662101,0.12809617,0.51821624,0.08927551,0.28198355,0.04373049,0.18308482,0.02835119,0.32998882,0.11876217,0.21499006,0.07966056,0.18464864,0.01356708,0.12014136,0.01159542,0.56638391,0.10613153,0.54182071,0.10022352,0.0,-1.505,32.653
ISS_075RF_FMOVIE002_VIMS,0,17932,2008-07-05T01:53:35,0.0,359.98,179.88,118.141,127.033,122.562,135.442,137.115,136.28,342.699,349.918,346.282,6.012622,6.8845673,6.4754257,28.937925,37.32032,32.890133,112.49486,121.12215,116.616974,83.80674796,99.62,1.14735149,0.16775729,0.51202804,0.07861645,0.41148617,0.06785517,0.18328523,0.02923743,0.46556203,0.13711565,0.20827546,0.0649084,0.27030329,0.03021783,0.12046735,0.0125244,0.56798589,0.09413705,0.55852474,0.09201175,0.0,-2.243,21.56
ISS_079RF_FRINGMRLF002_PRIME,0,11291,2008-08-06T01:42:23,79.6,305.4,192.5,149.487,151.755,150.289,221.828,222.865,222.345,286.622,289.927,287.944,8.63476,13.674567,10.894095,21.174719,28.065361,24.34721,63.58754,72.5095,68.243774,84.29531438,62.73,1.6395697,0.44301669,0.60493245,0.17208259,0.58688405,0.16479063,0.2153168,0.05888457,0.74712599,0.31306148,0.27695069,0.12129782,0.30555966,0.04426199,0.11266495,0.0182472,0.68573067,0.20559436,0.67979452,0.20356468,-15.0,-17.989,22.217
ISS_080RF_FMOVIE005_PRIME,0,5213,2008-08-14T06:50:39,66.74,170.98,118.86,96.83,117.616,109.499,244.009,244.395,244.212,212.435,233.607,225.286,6.6088147,14.90978,7.206634,14.242755,15.013293,14.541626,81.26338,83.724014,82.54786,84.41857915,28.96,3.5520966,0.54350615,0.45729486,0.06284848,1.35752455,0.22837684,0.17427998,0.02383443,1.37412134,0.44682085,0.17830982,0.05957901,0.8204507,0.16286305,0.10470506,0.01237702,0.53306666,0.08559256,0.53152662,0.08533942,-5.0,-8.886,45.413
ISS_081RI_FMOVIE106_VIMS,0,15915,2008-08-20T00:36:15,0.0,359.98,190.07,104.616,108.74,106.755,259.507,260.991,260.257,203.624,207.777,206.497,3.4658878,4.9278026,4.22846,29.143494,47.49516,37.11689,39.289074,60.610756,51.21482,84.51332549,88.42,0.87716745,0.23410384,0.53502395,0.11689003,0.29907619,0.06475793,0.1831836,0.0334497,0.39643103,0.16738247,0.24103675,0.09198565,0.18166022,0.05138255,0.1108036,0.02567879,0.60145829,0.14097722,0.58829103,0.13910787,0.0,-2.956,31.778
ISS_083RI_FMOVIE109_VIMS,0,15995,2008-08-30T16:19:11,31.78,351.66,191.72,112.171,119.526,116.504,288.279,289.728,289.006,182.442,191.247,187.497,6.956007,7.699698,7.1188917,20.905388,26.548374,23.623644,103.180305,110.270775,106.68888,84.67734012,88.86,1.83861417,0.51703107,0.51602988,0.11781997,0.65527733,0.15615317,0.18401523,0.03081639,0.75148524,0.32489119,0.21029216,0.08294187,0.4318516,0.12386147,0.12172249,0.03071078,0.58893303,0.14585233,0.58428055,0.14494013,5.0,-0.055,32.792
ISS_085RF_FMOVIE003_PRIME_1,0,9055,2008-09-15T23:01:19,65.92,248.78,156.61,126.587,130.621,129.502,332.237,333.068,332.659,153.965,158.364,156.843,5.248175,5.788656,5.518664,41.460888,48.00539,44.650257,126.37653,132.6413,129.46577,84.92485236,50.31,0.81212062,0.20383857,0.51255466,0.11497901,0.26921077,0.03940388,0.17040293,0.02105306,0.33411017,0.13662607,0.21043421,0.08145816,0.20879968,0.07880658,0.13171752,0.0465927,0.57607866,0.13796242,0.55707979,0.13465887,10.0,6.803,23.08
ISS_085RF_FMOVIE003_PRIME_2,0,6245,2008-09-16T06:34:07,120.46,245.34,182.9,307.027,310.118,308.203,333.086,333.654,333.366,333.838,337.032,334.837,5.2871504,6.0731072,5.64071,48.221493,53.000187,50.58241,130.3256,135.65543,132.95006,84.92827362,34.69,0.77331672,0.17979139,0.52425756,0.1117614,0.28058366,0.06199715,0.19019813,0.03766547,0.32961584,0.13386795,0.22315579,0.08734428,0.16311722,0.02471538,0.11090365,0.01572611,0.59094462,0.13694234,0.56437793,0.13191203,-10.0,-12.482,10.196
ISS_087RF_FMOVIE003_PRIME,0,13961,2008-09-30T16:28:15,0.0,359.98,187.28,282.656,287.057,284.568,12.003,13.289,12.641,270.611,274.776,271.927,4.905153,5.854948,5.388397,44.65068,54.23677,49.15459,125.56203,136.73578,130.88974,85.15466253,77.56,0.8355213,0.17096657,0.54873023,0.1284185,0.29744695,0.05533854,0.19461712,0.03784742,0.36622095,0.15190337,0.24177727,0.10661146,0.17185339,0.011152,0.11233583,0.01046173,0.62449971,0.16013253,0.59741297,0.15103305,5.0,-1.051,27.73
ISS_089RF_FMOVIE003_PRIME,0,14613,2008-10-14T22:37:51,0.0,359.98,191.31,280.372,286.359,282.497,50.5,51.844,51.162,229.827,235.512,231.335,5.6597567,6.4575706,6.052142,38.9198,46.086903,42.325798,117.96986,127.250626,122.47493,85.3751593,81.18,1.04095734,0.20357651,0.55925029,0.11808942,0.36757036,0.07067113,0.19635344,0.03542906,0.460468,0.17996065,0.24869539,0.10041312,0.21291898,0.01570284,0.11420145,0.01188761,0.64330474,0.15056266,0.62415843,0.14540841,5.0,0.702,29.045
ISS_091RF_FMOVIE003_PRIME,0,15376,2008-10-29T20:23:27,27.78,335.28,181.53,197.822,199.884,198.93,90.751,92.17,91.461,105.651,109.117,107.469,5.749045,8.673289,7.142625,43.518864,55.777946,49.204205,127.86671,141.25955,134.17981,85.60563025,85.42,1.06190995,0.32122942,0.72859607,0.19397426,0.34404025,0.09360022,0.23600022,0.05217295,0.47445378,0.25559995,0.32467424,0.16825865,0.24341591,0.07893156,0.1679216,0.05212661,0.83996207,0.24908748,0.80485198,0.24132048,10.0,4.519,36.962
ISS_092RF_FMOVIE003_PRIME,0,3514,2008-11-07T03:06:39,230.4,300.66,265.53,300.287,303.751,300.692,113.109,113.421,113.258,186.95,190.641,187.434,5.8261952,6.169119,5.9573636,48.89373,51.154892,50.10709,132.83945,135.37375,134.17966,85.7276404,19.52,0.79819101,0.11557063,0.55638001,0.08190273,0.2875255,0.02647907,0.20031453,0.01805368,0.36301511,0.10688379,0.2531877,0.07532841,0.1476504,0.0096653,0.10287778,0.00660076,0.64545736,0.10770466,0.61684572,0.10272704,-5.0,-4.903,12.417
ISS_093RF_FMOVIE003_PRIME,0,11328,2008-11-14T15:06:39,0.0,359.98,199.07,126.592,133.719,130.414,133.361,134.418,133.895,353.175,359.305,356.519,6.051661,6.6153154,6.343169,40.236088,46.930294,43.472343,126.077156,132.4935,129.21974,85.84781999,62.93,0.80855705,0.10947403,0.51165582,0.07612946,0.29102349,0.04194491,0.18364657,0.02544295,0.3462825,0.09393309,0.21986264,0.06328186,0.17125107,0.01513872,0.1081466,0.00960755,0.59219774,0.09800986,0.57345851,0.09406368,0.0,-4.349,16.404
ISS_094RF_FMOVIE001_PRIME_1,0,8630,2008-11-21T21:26:55,0.0,359.98,88.85,120.802,125.456,123.255,152.976,153.756,153.366,327.046,332.464,329.888,6.2295957,6.567346,6.4076414,36.09095,41.0094,38.491505,121.86459,126.966354,124.37983,85.95858065,47.94,0.80038184,0.10230527,0.45169035,0.05919967,0.30325546,0.03790358,0.17123406,0.02267466,0.30177086,0.08791065,0.17062309,0.05092091,0.19535552,0.02728748,0.1098332,0.0122373,0.51693082,0.07744101,0.50474523,0.07536799,0.0,-2.225,20.746
ISS_094RF_FMOVIE001_PRIME_2,0,4610,2008-11-22T04:36:47,81.96,175.66,129.22,300.551,304.623,302.566,153.782,154.199,153.988,146.408,150.831,148.577,6.3623753,6.9255996,6.626088,43.730602,46.36291,45.015762,125.856995,129.0808,127.43472,85.96106825,25.61,0.72183706,0.11020752,0.4386172,0.06706612,0.26564052,0.03422021,0.16151299,0.02144518,0.27882198,0.10284505,0.16953035,0.06288635,0.17737456,0.02139335,0.10757386,0.01120464,0.50281657,0.0899268,0.48570713,0.086815,0.0,-4.975,29.111
ISS_096RF_FMOVIE004_PRIME,0,15282,2008-12-10T18:01:03,0.0,359.98,205.37,134.412,136.505,135.289,203.895,205.307,204.601,289.15,292.513,290.688,3.7965293,5.276271,4.5069885,52.912567,74.09265,62.569084,17.41667,40.6301,29.94433,86.25366659,84.9,0.60455449,0.08800648,0.52177871,0.09136585,0.2098063,0.03161879,0.18072362,0.0305612,0.26404142,0.07757553,0.22884804,0.0728912,0.13070677,0.01269136,0.11220706,0.01039707,0.60991628,0.11775678,0.55914799,0.10113031,0.0,-1.572,20.907
ISS_100RF_FMOVIE003_PRIME,0,13338,2009-01-11T10:41:34,6.44,273.18,139.81,126.547,135.901,130.87,289.479,290.738,290.112,197.068,205.174,200.758,5.8498487,6.2906446,6.0778804,36.249763,47.223305,41.52727,122.90184,133.62552,128.18175,86.7429288,74.1,0.73102286,0.11076191,0.44958716,0.06396703,0.26845303,0.03920585,0.16576889,0.02713167,0.2807665,0.09192953,0.17215578,0.05384868,0.18180334,0.02477386,0.1116625,0.01294597,0.53048212,0.08755978,0.51541067,0.08486778,5.0,5.692,23.534
ISS_103RF_FMOVIE003_PRIME,0,11471,2009-02-10T14:28:46,0.0,359.98,220.27,168.079,194.376,180.534,10.912,12.081,11.497,157.162,182.295,169.037,6.2054257,6.4454904,6.3273406,69.84946,82.182365,75.982574,150.1931,155.5453,153.12843,87.20852527,63.73,0.73445206,0.17639161,0.65450041,0.15561089,0.23442216,0.05326684,0.20884473,0.04670712,0.36282798,0.15474385,0.323259,0.13721811,0.13720192,0.01000633,0.12239667,0.00981078,0.82679906,0.22658888,0.71477317,0.19948974,0.0,-3.318,30.777
ISS_104RF_FMOVIE003_PRIME,0,3181,2009-02-25T00:06:54,0.0,359.98,71.49,277.226,283.36,281.245,49.8,50.082,49.946,227.426,233.305,231.299,5.0108404,5.110109,5.0386333,142.83246,146.62178,144.78165,112.1854,116.39837,114.28833,87.42623123,17.67,6.06193496,1.09585184,2.47449291,0.34726733,2.49686062,0.35583272,1.02139388,0.112843,2.21405754,0.75965162,0.89987056,0.27738834,1.35101681,0.12812395,0.55322846,0.02829504,3.04444172,0.51886642,0.61978144,0.08413155,0.0,-3.791,24.637
ISS_105RF_FMOVIE002_PRIME,0,14099,2009-03-11T11:51:58,0.0,359.98,183.22,146.385,192.847,168.917,88.926,90.435,89.676,57.459,102.413,79.241,5.3228683,5.6580243,5.487459,98.879486,112.068016,105.57506,23.152744,25.639196,23.899208,87.65713262,78.33,0.89084612,0.22124251,0.81463453,0.20337382,0.3124032,0.07018172,0.28557303,0.06387232,0.40507166,0.18991763,0.37057929,0.17434402,0.17337126,0.02418973,0.15848221,0.02201985,1.04842156,0.30824625,0.67115726,0.20680904,-10.0,-10.656,20.051
ISS_105RF_FMOVIE003_PRIME,0,5474,2009-03-04T08:46:54,0.0,359.98,81.05,283.067,288.321,285.154,69.677,70.162,69.916,213.246,218.644,215.238,7.078299,7.235215,7.0947022,33.54066,35.01347,34.258514,110.73008,114.441284,112.582504,87.54120362,30.41,1.28013308,0.17333056,0.49313065,0.08154234,0.47866968,0.04330928,0.18379335,0.01861818,0.51378326,0.18837427,0.1993223,0.07937512,0.28768015,0.03075857,0.110015,0.00800233,0.62648222,0.13316635,0.6151904,0.13054089,5.0,1.898,24.239
ISS_106RF_FMOVIE002_PRIME,0,13552,2009-03-23T11:07:10,0.0,359.98,223.33,145.543,190.656,167.246,121.245,122.695,121.963,24.298,67.961,45.282,5.312372,5.6380115,5.4723206,99.88412,112.455826,106.23715,23.127897,25.735815,23.84989,87.84176869,75.29,0.89376676,0.3036343,0.81686175,0.27532038,0.29092414,0.05215347,0.26596607,0.04707847,0.42358329,0.23444101,0.38706931,0.21337069,0.17925933,0.0632871,0.16382637,0.05732847,1.08414654,0.41990396,0.68043365,0.25035835,0.0,-5.993,26.007
ISS_107RF_FMOVIE002_PRIME,0,7463,2009-03-29T16:51:42,188.48,337.72,263.1,151.967,161.761,156.731,138.092,138.808,138.455,13.875,22.953,18.276,7.082902,7.130871,7.0962863,54.925053,61.22007,58.109615,139.90654,144.15727,142.10075,87.93404367,41.46,0.73648648,0.28209929,0.57877896,0.21285906,0.20311367,0.03314002,0.16018885,0.02577716,0.3781648,0.21040379,0.29674759,0.16045276,0.15520801,0.07193214,0.12184252,0.05442418,0.80067142,0.33172273,0.74969615,0.31434097,-5.0,-9.634,20.596
ISS_108RF_FMOVIE001_PRIME,0,11667,2009-04-16T10:34:06,0.0,359.98,144.61,237.193,249.951,244.637,185.989,187.099,186.551,51.151,62.863,58.085,7.814438,7.8586545,7.8251505,100.74827,107.744484,104.25438,142.25546,147.30374,144.94629,88.2102077,64.82,1.14114967,0.7519147,0.92821551,0.5965793,0.30765501,0.16012944,0.25088552,0.1269835,0.59486336,0.52809478,0.48307932,0.42135825,0.2386313,0.17368168,0.19425067,0.13783339,1.35173064,0.95803384,0.87289946,0.594117,0.0,-1.174,15.798
ISS_110RF_FMOVIE002_PRIME,0,12616,2009-05-10T09:03:58,49.94,302.24,176.09,249.506,261.967,256.124,250.625,251.84,251.234,0.001,359.996,18.958,5.531553,5.761377,5.6388984,52.80594,66.26014,59.308018,56.303364,70.077415,63.25341,88.58032903,70.09,1.23832034,0.30192036,0.54844305,0.12044249,0.40186096,0.09883173,0.17546611,0.02518632,0.5899673,0.2473086,0.26421156,0.10959507,0.24649208,0.05156302,0.10876538,0.0190222,0.85176009,0.24387514,0.79214689,0.22502973,0.0,-4.274,16.351
ISS_111RF_FMOVIE002_PRIME,0,9666,2009-05-26T09:08:14,0.0,359.98,243.0,274.929,285.564,278.357,293.838,294.69,294.253,341.032,351.726,344.104,5.278127,21.154608,5.905424,34.33575,38.28255,36.06528,92.94899,103.212265,98.01942,88.82511886,53.7,4.72271798,2.53212256,0.53020678,0.09033355,1.43241956,0.74628807,0.16391327,0.02157445,2.07004375,1.18720762,0.23264477,0.05409922,1.22025467,0.71743525,0.13364874,0.04609665,0.99786054,0.22512347,0.9774507,0.21948157,0.0,3.237,19.203
ISS_112RF_FMOVIE002_PRIME_1,0,9096,2009-06-10T11:51:26,0.0,359.98,205.73,115.17,122.05,119.73,334.647,335.459,335.059,139.711,147.402,144.671,4.214558,5.5291777,4.617762,17.108255,21.66051,18.808016,97.80835,109.73838,104.1662,89.05793105,50.53,2.09727498,0.53520757,0.4834055,0.07196527,0.88717058,0.35316395,0.19789797,0.0455736,0.7508965,0.18339374,0.17898978,0.05203391,0.4592079,0.1168658,0.10651775,0.02113978,0.86425644,0.16291208,0.85996586,0.1619894,-20.0,-25.201,19.788
ISS_112RF_FMOVIE002_PRIME_2,0,6533,2009-06-10T19:18:22,0.0,359.98,187.52,294.47,299.046,295.503,335.485,336.071,335.772,318.676,323.56,319.731,5.198115,5.943142,5.29696,33.751617,34.879032,34.21734,109.64939,117.236206,113.525444,89.06137421,36.29,1.34047062,0.12446374,0.53568113,0.07752736,0.40603832,0.06270213,0.1603167,0.01769304,0.59818473,0.10304989,0.23926919,0.04917205,0.33624757,0.07652699,0.13609524,0.04232537,1.01101484,0.16588323,0.99288401,0.16270598,10.0,8.531,12.077
ISS_114RF_FMOVIEEQX001_PRIME,0,15013,2009-07-13T20:02:06,0.0,359.98,168.96,220.483,226.563,224.88,64.675,66.043,65.367,154.44,161.399,159.513,8.778051,9.72486,9.20368,88.167755,92.176735,90.24998,130.72159,132.91016,131.88593,89.57431509,83.41,1.08007255,0.22616922,0.72012825,0.14660445,0.33023779,0.05695393,0.22051108,0.03826036,0.5267509,0.19561922,0.35106071,0.12913048,0.22308386,0.07334076,0.14855646,0.04734023,2.46701798,0.78377742,1.90921397,0.59888376,0.0,-0.009,16.397
ISS_115RF_FMOVIEEQX001_PRIME,0,15721,2009-07-30T01:05:34,0.0,359.98,181.57,231.487,241.008,237.339,108.448,109.864,109.162,121.623,132.439,128.177,9.999373,11.024771,10.3858595,98.87858,101.838196,100.41571,117.346466,119.10135,118.23749,89.82384793,87.34,1.55679348,0.28600904,0.73626514,0.13391923,0.493207,0.07716218,0.23351848,0.03768765,0.72735757,0.25486482,0.34393022,0.11990241,0.33622891,0.08946048,0.15881643,0.04119733,5.49384173,1.78668606,3.79007362,1.2275727,-5.0,-3.277,16.224
ISS_132RI_FMOVIE001_VIMS,0,15237,2010-05-31T23:02:54,32.54,347.08,194.33,262.986,277.676,268.674,214.495,215.919,215.184,48.026,61.756,53.49,7.372074,10.858554,8.1288185,119.84923,125.546646,122.4896,79.42261,80.121895,79.83645,85.53846368,84.65,5.85984207,0.70677833,1.03377007,0.12429654,2.25160757,0.20686993,0.3972357,0.03615815,2.55558492,0.63792391,0.45060528,0.11179877,1.05264958,0.09611778,0.18592909,0.01904526,1.23159176,0.17146839,0.55560625,0.0814076,-15.0,-12.671,13.806
ISS_168RF_FMOVIE001_PRIME,0,10745,2012-06-25T03:03:58,0.0,359.98,191.08,275.067,288.188,277.679,93.635,94.635,94.12,180.742,194.553,183.559,10.751603,14.079632,11.40495,108.71217,111.519875,110.10212,110.62214,111.00492,110.77232,75.17375462,59.69,2.75163709,0.84772788,0.97572783,0.30026466,0.93498691,0.21501971,0.331518,0.07587664,1.42686408,0.65965599,0.5060047,0.23395058,0.38978609,0.09843235,0.13820514,0.03471626,1.0524639,0.33465942,0.62563997,0.20583399,-5.0,-5.761,16.684
ISS_172RF_FMOVIE001_PRIME,0,15386,2012-09-20T17:37:33,0.0,359.98,170.75,273.016,283.013,278.765,330.195,331.608,330.911,302.497,311.418,307.854,10.02026,10.917625,10.461851,110.86885,115.31748,113.062004,121.62674,122.19282,121.91898,74.11723356,85.48,1.91278864,0.54492365,1.01147759,0.28873832,0.46113289,0.04427964,0.24384114,0.02375642,1.10040349,0.43569805,0.58182406,0.23047755,0.35125226,0.12693051,0.1858124,0.06746772,1.08318562,0.31644467,0.60612153,0.17486656,20.0,18.913,9.406
ISS_172RI_EGAPMOVMP002_PRIME,0,18000,2012-10-01T13:11:25,0.0,359.98,179.99,227.047,237.535,232.502,0.005,359.986,132.578,227.611,236.734,232.284,14.31293,14.930283,14.578245,71.727684,74.51558,73.1291,114.73925,116.29479,115.531784,73.9880953,100.0,1.60854658,0.47342156,0.69299683,0.20232684,0.41920069,0.02929349,0.18065395,0.01257307,0.85719554,0.3759131,0.36949587,0.16137778,0.33215035,0.18626432,0.14284701,0.0796177,0.74207965,0.22231877,0.65200815,0.19568058,20.0,22.154,13.515
ISS_173RF_FMOVIE001_PRIME_1,0,11456,2012-10-15T19:43:57,3.62,232.72,118.17,107.008,143.071,124.627,37.939,38.834,38.385,68.173,105.131,86.242,7.717364,9.039465,8.03217,137.36449,142.12233,139.49898,123.756035,124.322716,124.07789,73.82718137,63.64,3.73076077,0.68721448,2.09057797,0.38590735,1.6532656,0.33165246,0.92642229,0.18611017,1.67845093,0.46955479,0.94052574,0.26336885,0.39904423,0.05781085,0.22362994,0.0326788,2.20270601,0.41354347,0.56313452,0.09872553,-25.0,-26.971,12.083
ISS_173RF_FMOVIE001_PRIME_2,0,11431,2012-10-16T03:46:37,3.46,232.06,117.76,302.012,337.462,319.893,38.844,39.74,39.293,262.271,298.618,280.6,7.213976,9.85144,7.8732147,153.29602,160.8658,157.20563,118.23973,123.41426,120.86082,73.82084173,63.51,10.17224418,1.95960519,5.18214827,0.84419064,3.65481297,0.58378617,1.86179311,0.2253317,4.5562343,1.01709051,2.32635333,0.49162903,1.9611969,0.72011264,0.99400184,0.33260542,5.46906479,0.89837284,0.60711005,0.07615467,15.0,15.343,13.127
ISS_174RF_FRSTRCHAN001_PRIME_1,0,8993,2012-11-08T21:59:57,0.0,359.98,200.05,316.669,322.416,320.685,103.001,103.81,103.41,213.064,219.364,217.275,7.4185433,7.9463162,7.6612997,150.42345,156.16159,153.24641,121.05256,123.74581,122.499214,73.5450484,49.96,7.83764455,1.4693734,4.20549913,0.76659065,2.9993949,0.30621115,1.60860933,0.13811302,3.46997256,1.22695418,1.86435597,0.65991917,1.36827709,0.3364871,0.73253383,0.17096499,4.42857143,0.84163579,0.60427223,0.11396134,10.0,7.938,11.449
ISS_174RF_FRSTRCHAN001_PRIME_2,0,8989,2012-11-09T05:18:21,0.0,359.98,199.89,133.809,139.652,136.326,103.822,104.631,104.224,29.61,35.83,32.102,6.4428396,7.285998,6.800567,143.81593,149.51744,146.56213,119.1272,121.81478,120.55794,73.54318726,49.94,5.8477049,1.2123516,2.96812148,0.59822814,2.28465839,0.2660578,1.1586489,0.11069475,2.68714388,1.0643315,1.36627024,0.54172263,0.87590263,0.24685463,0.44320234,0.11844888,3.1350185,0.66159984,0.59082786,0.1226909,-20.0,-17.486,6.509
ISS_176RF_FMOVIE001_PRIME,0,15929,2012-12-06T18:33:01,0.0,359.98,181.93,0.004,359.999,121.066,178.218,179.89,179.039,175.862,191.764,183.534,8.231424,9.426502,8.841668,103.367325,111.681206,107.34108,146.1256,148.36397,147.33656,73.2222613,88.49,1.10932731,0.36406329,0.93416375,0.30762939,0.3573249,0.06929138,0.30094604,0.05924202,0.6276765,0.31891403,0.52854761,0.26896139,0.12432591,0.05374052,0.1046701,0.04503215,0.98818119,0.33445195,0.61273602,0.20449651,-5.0,-2.507,13.177
ISS_177RF_FMOVIE001_PRIME_1,0,7288,2012-12-18T20:33:33,0.0,359.98,73.34,237.012,241.578,239.927,210.848,211.503,211.179,25.508,30.678,28.748,9.537824,9.729983,9.630919,93.81783,96.502754,95.16223,135.55908,136.70708,136.14085,73.08681607,40.49,1.13514188,0.30582577,0.818485,0.2212208,0.28966587,0.02204644,0.2088783,0.01622372,0.70875128,0.28300751,0.51101629,0.20460186,0.13672474,0.02833482,0.09859041,0.0205579,0.87279487,0.24284673,0.64269534,0.17782605,-5.0,-6.168,10.415
ISS_177RF_FMOVIE001_PRIME_2,0,7252,2012-12-19T02:29:49,0.0,359.98,72.81,20.707,24.904,23.312,211.516,212.17,211.845,168.536,173.362,171.466,9.727782,10.032331,9.8808365,89.21204,92.206795,90.66395,139.67554,141.38254,140.50891,73.08630503,40.29,0.97112708,0.27674104,0.74942949,0.21451949,0.33232126,0.06364792,0.25628554,0.04803028,0.55919146,0.24740252,0.43167685,0.19208488,0.07961436,0.02635814,0.0614671,0.02054754,0.79437539,0.23397467,0.61328368,0.1795987,-15.0,-16.102,11.398
ISS_177RF_FRSTRCHAN001_PRIME_1,0,8721,2012-12-25T02:34:37,0.0,359.98,209.24,180.497,194.447,191.148,227.726,228.475,228.12,312.021,325.982,323.027,5.7965064,10.796025,6.2187743,16.3406,21.399899,19.00408,75.784355,81.64082,78.87428,73.01643264,48.45,3.06472866,0.74723766,0.58263836,0.14470111,0.69378944,0.12822799,0.13036988,0.0100316,1.78054659,0.59628722,0.34167084,0.12442924,0.59039264,0.23427256,0.11059764,0.04355537,0.64836277,0.16549956,0.64511223,0.16484728,20.0,22.092,10.608
ISS_177RF_FRSTRCHAN001_PRIME_2,0,5716,2012-12-25T09:20:29,0.0,359.98,160.91,0.011,359.991,344.795,228.488,228.933,228.72,116.46,135.496,128.041,6.336169,16.680002,7.148596,9.765417,13.515891,11.7487,81.4875,84.34226,82.991196,73.01515467,31.76,5.14218403,1.33923585,0.61987615,0.15544735,2.14796438,0.81439846,0.25672253,0.08631298,2.51043843,1.05550187,0.30496411,0.13435169,0.48378122,0.08308965,0.05818951,0.00805694,0.70063734,0.18401682,0.69932309,0.18371867,-35.0,-35.659,12.235
ISS_178RI_EGAPMOVMP001_PRIME,0,3271,2012-12-30T13:19:57,72.62,335.66,206.8,39.548,44.512,42.003,242.437,243.674,243.045,157.086,160.838,158.957,10.047861,10.187251,10.122485,70.92457,74.853966,72.83334,127.5563,130.19984,128.84315,72.95448064,18.17,1.01273947,0.26551519,0.63533772,0.16813013,0.35416923,0.0627815,0.22238104,0.04131802,0.57383747,0.23551441,0.35988004,0.14812734,0.08473277,0.01203302,0.05307665,0.00712526,0.67513333,0.18407571,0.59395316,0.16140287,-20.0,-19.843,10.362
ISS_179RF_FMOVIE001_PRIME,0,18000,2013-01-13T18:33:33,0.0,359.98,179.99,258.278,261.509,259.813,280.83,282.49,281.66,336.086,340.252,338.153,9.499176,10.25125,9.851346,87.332825,93.61579,90.42886,133.78603,136.86084,135.33916,72.7895668,100.0,1.07974826,0.26355081,0.76744476,0.18528647,0.23959088,0.01438353,0.17036069,0.00992482,0.66064856,0.24469179,0.46937334,0.17243251,0.17950883,0.0461381,0.12771073,0.03305552,0.81693687,0.20323836,0.63233882,0.15946913,20.0,18.015,9.99
ISS_179RF_FRINGPHOT001_VIMS,0,4351,2013-01-17T23:20:29,75.88,166.84,122.15,147.34,156.829,151.798,292.168,292.612,292.388,215.171,224.224,219.41,3.7098823,4.1168785,3.9174507,151.91261,160.86554,156.23244,116.80994,123.91072,120.545525,72.749644,24.17,10.88109569,2.52486156,5.48444701,1.10745522,3.86755691,0.81662341,1.940046,0.29083695,5.45902733,1.71905203,2.76553064,0.8635501,1.55451145,0.68118946,0.77887036,0.31082511,5.81258927,1.20310606,0.68327247,0.14611336,0.0,1.172,14.303
ISS_180RF_FMOVIE001_PRIME,0,15103,2013-01-27T17:43:25,0.0,359.98,195.67,330.998,335.139,333.296,318.539,319.923,319.231,11.215,16.533,14.065,10.650835,11.657371,11.164652,90.55681,96.79855,93.61452,139.95773,142.79982,141.39424,72.6355076,83.91,0.97122004,0.22803646,0.75897673,0.17840342,0.32355446,0.02541223,0.25282491,0.02020164,0.53527206,0.21283154,0.41834373,0.1663048,0.11239353,0.01716919,0.08780808,0.01335576,0.80155177,0.19517134,0.59997295,0.14591626,-15.0,-14.009,6.874
ISS_180RF_HIRESFRNG001_PRIME,0,4237,2013-02-01T15:06:37,233.08,321.66,276.63,192.857,197.017,194.891,331.746,332.165,331.959,221.11,224.858,222.931,2.8328922,3.1786208,3.0009813,50.884518,66.65672,58.37276,22.25743,28.132353,24.699194,72.58488171,23.54,0.65236832,0.1072142,0.59215064,0.09576683,0.19891657,0.00836789,0.1806457,0.00822686,0.33915867,0.10498735,0.3076766,0.0940258,0.11429308,0.01307103,0.10382834,0.01241078,0.62175376,0.10473363,0.58043526,0.09868298,20.0,18.4,9.048
ISS_181RF_FMOVIE001_PRIME,0,18000,2013-02-09T18:25:33,0.0,359.98,179.99,267.601,272.69,269.17,353.722,355.387,354.558,272.453,278.545,274.612,9.219322,10.140054,9.656067,90.82574,97.56108,94.14943,136.20964,139.1353,137.70462,72.48835921,100.0,1.05023176,0.30169593,0.77716426,0.2257951,0.27316896,0.01559172,0.20208139,0.01247971,0.57026822,0.26345017,0.4222356,0.1965557,0.20679457,0.08803791,0.15284726,0.06512394,0.82057704,0.24519461,0.61019363,0.17920924,25.0,25.127,12.802
ISS_181RF_FRINGPHOT001_VIMS,0,5938,2013-02-13T14:14:21,36.58,155.32,95.95,146.932,158.929,152.506,4.05,4.632,4.338,142.874,154.304,148.168,3.5631847,4.090131,3.8173444,151.95752,163.77673,157.67857,113.79813,123.57413,118.97513,72.45250309,32.99,11.50597332,3.31839626,5.45854366,1.25996264,4.95804521,1.33187968,2.34940597,0.46869116,5.27167642,2.15721993,2.50836238,0.94696522,1.27625169,0.42449731,0.60077532,0.15452112,5.76054765,1.36960983,0.62439653,0.13449387,-25.0,-24.756,12.277
ISS_181RF_FRINGPHOT002_VIMS,0,3231,2013-02-14T00:09:01,78.78,143.38,111.08,15.414,26.005,20.561,5.166,5.46,5.326,10.179,20.544,15.234,2.9567585,6.5454974,3.2295623,146.94185,156.39267,151.41734,93.43142,101.83664,97.38509,72.44949604,17.95,29.19264705,6.23582631,3.51771535,0.96633484,13.176204,3.13125707,1.55495792,0.29620365,11.89822412,2.96224902,1.47517615,0.62354559,4.11821893,1.00670952,0.48758129,0.09678107,3.91594159,1.0140433,0.57252529,0.07894707,-15.0,-15.652,9.718
ISS_183RF_FMOVIE001_PRIME_1,0,7356,2013-03-04T22:20:13,172.62,319.72,246.17,41.906,48.117,43.299,56.266,56.92,56.586,344.986,351.851,346.713,9.027651,9.495898,9.158248,68.72521,71.65419,70.200424,128.76306,131.20586,130.05554,72.24007365,40.87,0.88221077,0.1819041,0.56776253,0.11767355,0.30469125,0.02391574,0.19615876,0.01670493,0.47931969,0.1702123,0.30840293,0.10956912,0.09819983,0.01161566,0.06320084,0.00757675,0.60062906,0.12917835,0.53561415,0.11502055,-5.0,-4.506,7.587
ISS_183RF_FMOVIE001_PRIME_2,0,7267,2013-03-05T04:20:13,172.6,317.92,245.26,187.364,192.027,190.644,56.941,57.595,57.274,129.769,135.062,133.37,11.6737385,12.089405,11.859087,77.64008,80.54639,79.10056,129.20192,130.99649,130.11159,72.23558737,40.37,0.92378333,0.19579693,0.59513123,0.12609444,0.34663492,0.06552787,0.22330761,0.04208363,0.46438496,0.15277388,0.29917322,0.09847503,0.11276345,0.01031028,0.0726504,0.00669403,0.62699477,0.13609249,0.5315655,0.11537972,-20.0,-19.524,8.819
ISS_184RF_FMOVIE001_PRIME,0,7122,2013-03-18T20:15:25,0.0,359.98,278.72,268.246,272.04,270.18,93.836,94.48,94.158,173.766,178.178,176.021,7.440614,7.6922827,7.570505,104.28182,108.375984,106.30697,144.81898,145.86829,145.36855,72.08515629,39.57,1.03217231,0.29401248,0.84924034,0.24136015,0.32926106,0.02348274,0.27095092,0.01974341,0.55209751,0.25766664,0.45422805,0.21161314,0.15081374,0.04043972,0.12406138,0.03307129,0.89375444,0.26193667,0.56558085,0.16881806,0.0,-2.056,9.17
ISS_184RF_FMOVIE002_PRIME,0,13837,2013-03-27T13:23:41,0.0,359.98,199.24,5.722,11.41,9.795,117.366,118.626,118.002,247.096,254.02,251.792,9.6903715,10.295717,9.892488,55.682076,61.35984,58.465412,119.28596,123.871796,121.539536,71.99010975,76.87,1.16970665,0.36089419,0.60978289,0.18059689,0.32967927,0.04860692,0.17235192,0.02618911,0.66054573,0.30050635,0.34399836,0.15189076,0.17948166,0.10800959,0.09343261,0.05352485,0.64906082,0.19731054,0.60644753,0.18521701,20.0,20.854,10.132
ISS_189RF_FMOVIE001_PRIME,0,17766,2013-05-06T12:10:05,0.0,359.98,181.04,238.535,243.783,240.067,225.239,226.863,226.047,11.693,18.352,14.02,9.494243,12.6828,10.761661,52.636963,60.738384,56.65663,113.706856,120.48845,117.07972,71.55824104,98.7,1.61576579,0.72816435,0.72955374,0.31762105,0.34659444,0.05190308,0.15685068,0.01949005,1.00205535,0.51434522,0.45240521,0.22568939,0.267116,0.29629619,0.12029785,0.13212619,0.78359224,0.3428994,0.73621731,0.32320182,5.0,5.33,10.17
ISS_191RF_FMOVIE002_PRIME,0,17248,2013-05-27T09:05:33,0.0,359.98,178.14,263.164,267.096,264.95,281.598,283.191,282.388,340.101,345.498,342.561,7.9023004,8.715141,8.257048,84.380035,94.03475,89.12017,138.1009,143.55678,140.89282,71.33788599,95.82,1.1097707,0.47492226,0.8610282,0.36992866,0.23333962,0.03647747,0.18115588,0.02972168,0.66162958,0.38319862,0.51348842,0.29890142,0.21480149,0.16110324,0.1663839,0.12377354,0.91075718,0.39736833,0.71257804,0.31015025,15.0,17.817,11.525
ISS_193RF_FMOVIE001_PRIME_1,0,9787,2013-06-19T22:58:37,118.08,313.8,215.94,42.465,47.967,43.952,345.266,346.15,345.702,56.457,62.701,58.25,8.217126,8.687005,8.374486,69.54302,74.55572,72.052666,131.53123,135.62364,133.63597,71.0977893,54.37,0.95516869,0.28933084,0.65863804,0.2000387,0.35662254,0.1084508,0.2455769,0.07399162,0.49797147,0.2344966,0.34371107,0.16274883,0.10057468,0.04276681,0.06935007,0.02959766,0.69291141,0.21508729,0.61224093,0.18986464,-25.0,-25.721,15.9
ISS_193RF_FMOVIE001_PRIME_2,0,9755,2013-06-20T06:57:01,118.4,313.48,215.94,236.181,241.035,239.45,346.164,347.045,346.609,249.135,254.859,252.841,8.028069,8.134565,8.084208,83.54777,88.74375,86.15608,136.19676,139.24248,137.75648,71.09149505,54.19,1.04837661,0.32815027,0.77580946,0.24344466,0.26444624,0.0231151,0.19567247,0.01635729,0.54554113,0.25684901,0.40401671,0.1909253,0.23838923,0.16549138,0.17612027,0.12260447,0.81515815,0.25975944,0.65561644,0.20851616,25.0,26.85,17.85
ISS_194RF_FMOVIE001_PRIME_1,0,9732,2013-07-02T02:38:53,118.04,312.66,215.35,275.454,279.275,276.923,18.082,18.968,18.522,256.671,261.192,258.4,8.710803,9.461843,9.053996,81.459656,86.82729,84.13594,137.38524,140.81436,139.10638,70.96921746,54.07,1.06760277,0.34968565,0.80633621,0.26345454,0.27509663,0.02643024,0.20778288,0.0186279,0.57145741,0.25662871,0.43181442,0.19362795,0.22104873,0.17290947,0.1667389,0.1310541,0.84793352,0.27987438,0.69348067,0.22950309,20.0,20.813,17.143
ISS_194RF_FMOVIE001_PRIME_2,0,9749,2013-07-02T10:36:45,117.68,312.64,215.16,108.22,112.405,109.683,18.978,19.865,19.417,88.491,93.426,90.265,10.67169,11.923658,11.257116,76.9333,81.7808,79.32365,133.89517,137.18123,135.54967,70.96919909,54.16,0.98728058,0.3085698,0.70421471,0.22016059,0.4434507,0.18923548,0.31602079,0.13492621,0.44155844,0.21739655,0.31527879,0.15568409,0.10227143,0.03138613,0.07291512,0.02215279,0.73515317,0.23200012,0.62245798,0.19642761,-40.0,-38.939,15.476
ISS_196RF_FMOVIE003_PRIME,0,18000,2013-08-20T21:55:41,0.0,359.98,179.99,237.314,241.09,239.372,152.564,154.219,153.393,83.19,88.455,85.979,9.057339,10.367944,9.518738,58.6165,69.63676,64.25108,116.86253,124.6899,120.923195,70.46120993,100.0,1.47914051,0.60322767,0.7552642,0.31242719,0.44711956,0.14317468,0.22697101,0.06462225,0.7938879,0.35522444,0.40451942,0.17987797,0.23813305,0.40074355,0.12377377,0.21680924,0.79956733,0.32677359,0.73178013,0.29826849,-25.0,-22.82,18.627
ISS_196RF_FMOVIE004_PRIME,0,18000,2013-08-24T10:02:37,0.0,359.98,179.99,277.35,280.579,278.987,162.027,163.697,162.858,113.845,118.253,116.128,10.875193,11.366853,11.093821,108.600685,115.05658,111.84929,143.20006,143.5141,143.38177,70.4259437,100.0,1.38398274,0.57556429,1.11080073,0.46200234,0.42692297,0.10223923,0.34266495,0.08208603,0.71356466,0.35073444,0.57270943,0.28151635,0.24349511,0.35611306,0.19542636,0.2858648,1.16387389,0.48313506,0.66657388,0.28225203,-20.0,-16.567,18.256
ISS_196RF_FMOVIE005_PRIME,0,18000,2013-08-26T09:47:41,0.0,359.98,179.99,282.36,288.203,286.555,167.4,169.066,168.23,113.929,120.657,118.324,12.433504,13.418368,12.902474,128.11368,133.58585,130.85535,138.3719,140.73,139.57922,70.40573878,100.0,2.35233896,1.05080233,1.78673264,0.78363657,0.78036437,0.18621705,0.59351149,0.1394635,1.15135249,0.60491797,0.8743455,0.45364564,0.42062209,0.53684003,0.31887566,0.40143371,1.86913946,0.82190071,0.65111278,0.26084021,-20.0,-16.935,16.79
ISS_196RF_FMOVIE006_PRIME,0,17649,2013-08-28T09:38:05,0.0,359.98,181.21,295.975,303.146,301.0,172.782,174.387,173.591,121.588,130.364,127.409,13.972664,16.007294,14.733818,145.29495,150.18709,147.76222,129.41626,132.7882,131.1471,70.38671285,98.05,5.71705218,1.98561842,3.75173674,1.27047636,2.18832101,0.47133814,1.4381422,0.30550436,2.55603045,1.16017855,1.6776367,0.7497282,0.97270072,0.80042754,0.63595784,0.51364865,3.91782392,1.34026503,0.69437527,0.21915634,-20.0,-20.175,16.034
ISS_197RF_FMOVIE002_PRIME,0,10731,2013-09-15T08:06:53,27.42,290.28,180.75,267.331,272.685,268.933,221.215,222.824,222.284,44.544,51.207,46.648,9.627328,9.953047,9.819763,90.37616,99.11553,96.26988,136.70831,139.7821,138.86014,70.20886194,59.62,1.20625123,0.58737908,0.90841453,0.44391764,0.29147497,0.02272882,0.21945218,0.0166725,0.64756754,0.39156784,0.48748502,0.29541553,0.26720871,0.28563525,0.20147732,0.21604377,0.95417574,0.4690267,0.69346216,0.33902132,-10.0,-5.339,15.851
ISS_197RF_FMOVIE007_PRIME,0,13804,2013-09-07T08:26:05,0.0,359.98,209.99,252.817,257.644,254.487,199.649,200.915,200.276,52.115,57.994,54.21,9.182024,11.62271,10.219135,104.985054,113.717384,109.47536,48.23442,54.427452,51.34126,70.28901195,76.69,1.92987515,0.77966491,1.20189664,0.49344472,0.50704386,0.07962337,0.31504801,0.03991805,1.0636186,0.49114227,0.66045966,0.30306815,0.35921269,0.48696488,0.22638896,0.31601992,1.26738672,0.51715044,0.75799084,0.31833706,-10.0,-8.929,17.234
ISS_198RF_FMOVIE001_PRIME_1,0,9827,2013-10-18T16:59:09,0.0,359.98,166.79,274.608,280.928,279.256,311.322,312.206,311.772,322.402,329.327,327.484,11.254852,12.276953,11.650455,118.365654,122.02915,120.25047,138.03008,139.08107,138.65045,69.88620465,54.59,1.5491504,0.3639341,1.16248268,0.27141414,0.41575591,0.028335,0.31205954,0.02064996,0.82754902,0.30392364,0.62102597,0.22766031,0.30584546,0.10248896,0.22939716,0.07622517,1.22019855,0.29172824,0.58086038,0.13327865,15.0,15.498,11.704
ISS_198RF_FMOVIE001_PRIME_2,0,9852,2013-10-19T00:57:01,0.0,359.98,167.29,106.695,113.329,108.431,312.217,313.102,312.652,153.644,161.112,155.779,11.434966,11.804015,11.620665,113.75621,117.452065,115.589645,138.56026,139.09903,138.84645,69.88663199,54.73,1.32290611,0.34449993,0.99592863,0.25889517,0.5362886,0.13911964,0.40380259,0.10481069,0.67812054,0.2751271,0.5104298,0.20676657,0.10849698,0.01851718,0.08169623,0.01395652,1.04331919,0.27663129,0.55322508,0.14311516,-25.0,-24.375,11.708
ISS_199RI_EGAPMOVMP001_PRIME,0,8293,2013-11-25T04:05:17,0.72,359.08,206.25,66.946,72.181,69.507,52.479,53.529,52.985,13.73,19.591,16.522,13.229556,13.683999,13.456509,76.389366,80.0772,78.313,41.97471,42.691113,42.323208,69.53212596,46.07,0.95174943,0.30438426,0.70371755,0.22537101,0.31045739,0.04410016,0.22950599,0.03236142,0.53031511,0.26077108,0.39213235,0.19303843,0.11097693,0.04271059,0.08207921,0.03173401,0.73942566,0.24267573,0.63023233,0.20777735,-10.0,-11.364,8.894
ISS_201RF_FMOVIE001_PRIME_1,0,9240,2014-01-29T23:03:57,174.82,359.6,267.21,129.136,135.924,133.981,230.131,230.959,230.552,258.177,265.76,263.428,11.124465,11.47174,11.271496,39.99604,43.43519,41.698032,45.704216,47.83496,46.695675,68.92659006,51.33,0.89729151,0.28164063,0.61471338,0.19041791,0.22591206,0.03285667,0.15478986,0.02148386,0.53056741,0.24447206,0.36336105,0.16592289,0.14081204,0.05629879,0.09656248,0.03857196,0.64803742,0.20532193,0.62979227,0.19996972,15.0,15.844,12.494
ISS_201RF_FMOVIE001_PRIME_2,0,9255,2014-01-30T06:30:53,174.54,359.62,267.08,309.584,316.398,312.38,230.969,231.797,231.381,77.787,85.429,80.998,10.563151,10.983803,10.731593,45.185356,48.57982,46.912754,47.01115,48.951088,47.91729,68.92073696,51.42,0.95089013,0.29432084,0.63662729,0.1946217,0.27766972,0.04021138,0.18607872,0.02702252,0.5711407,0.25728845,0.382258,0.17069229,0.1020797,0.03633276,0.06829057,0.0238256,0.67196691,0.21027934,0.6467984,0.20288706,-20.0,-19.543,11.72
ISS_201RF_FMOVIE001_VIMS,0,16332,2014-02-05T17:27:57,0.0,359.98,177.04,304.348,328.75,317.518,248.404,250.003,249.213,55.944,78.747,68.304,6.189224,6.79337,6.4630427,125.84784,142.90323,134.7105,130.811,137.75243,134.65692,68.86049525,90.73,2.60265232,0.78668724,1.81306019,0.4936228,0.97367034,0.26939335,0.67797617,0.16560763,1.20399342,0.55203489,0.83660006,0.36152918,0.42498856,0.12788984,0.29848395,0.09194621,1.89031136,0.52643406,0.56522002,0.1060144,-20.0,-20.081,13.419
ISS_202RF_FMOVIE001_PRIME_1,0,8082,2014-03-01T22:16:29,192.14,353.76,272.95,144.334,151.683,146.315,313.75,314.466,314.101,189.915,197.933,192.214,12.655456,13.21258,12.853534,43.325962,45.634533,44.46453,46.396755,47.752113,47.13,68.65079656,44.9,0.83582077,0.20965489,0.56845918,0.14216256,0.24512107,0.02908583,0.16668715,0.01918804,0.4914189,0.17872401,0.33425506,0.12163282,0.0992808,0.03074634,0.06751697,0.02078721,0.59893355,0.1530392,0.57919139,0.14807392,0.0,-0.103,9.222
ISS_202RF_FMOVIE001_PRIME_2,0,7983,2014-03-02T04:46:53,192.62,352.26,272.44,299.85,307.957,305.975,314.482,315.186,314.844,344.664,353.448,351.13,12.3813505,12.657511,12.5243025,48.633053,50.684826,49.653294,47.752037,48.76604,48.257748,68.64551374,44.35,0.9159917,0.21052639,0.60971646,0.13973489,0.24069698,0.01783449,0.16021694,0.01146384,0.52943809,0.18930778,0.35240488,0.12593578,0.14585663,0.02839637,0.09709464,0.01884272,0.64209261,0.15120079,0.61433275,0.14475871,10.0,7.594,9.24
ISS_203RF_FMOVIE001_PRIME_1,0,10424,2014-04-13T09:58:53,0.0,359.98,134.51,193.547,211.096,203.957,68.478,69.364,68.929,124.183,142.618,135.027,10.140897,12.409559,10.510097,136.29301,140.02844,138.18332,71.941956,74.65508,73.30835,68.28010087,57.91,7.01512053,1.62746052,2.00475165,0.42510139,2.84363499,0.57079788,0.81202748,0.1444075,2.80172721,0.95874323,0.80254417,0.26869249,1.36975833,0.49081889,0.39017999,0.13138107,2.11365174,0.45802509,0.56986374,0.1162656,-20.0,-17.473,18.009
ISS_203RF_FMOVIE001_PRIME_2,0,10373,2014-04-13T17:56:45,0.0,359.98,134.29,26.777,43.194,37.097,69.375,70.26,69.827,316.516,333.819,327.27,10.689373,12.747102,11.027451,128.85553,131.97098,130.36307,70.15382,72.20232,71.14459,68.27874041,57.63,4.65890413,1.07844359,1.5005369,0.32648968,1.70626381,0.31179275,0.548886,0.08641279,2.07828592,0.88784039,0.66960385,0.27988997,0.8743544,0.19511839,0.28204705,0.06175226,1.58549145,0.36100964,0.56623231,0.12333079,0.0,3.869,15.63
ISS_205RF_FMOVIE001_PRIME,0,16327,2014-06-22T08:27:09,0.0,359.98,195.54,68.155,76.205,69.807,257.323,258.802,258.051,169.419,178.882,171.755,13.224895,14.066854,13.403013,105.36155,109.4298,107.3948,52.82772,55.04937,53.92165,67.69999621,90.71,1.53831387,0.47821224,0.90488028,0.27863474,0.53115377,0.14476585,0.31252537,0.08405878,0.83604239,0.38693947,0.49164937,0.22640953,0.17111772,0.06120138,0.10070554,0.03633358,0.95100415,0.29902425,0.59020895,0.1838357,-15.0,-13.276,14.553
ISS_207RF_FMOVIE001_PRIME,0,15526,2014-08-16T11:01:17,0.0,359.98,181.89,232.831,238.198,234.483,46.126,47.543,46.829,185.635,192.071,187.654,7.9818163,12.83727,9.711176,46.62599,57.759743,51.973534,109.50784,117.21138,113.27248,67.26247485,86.26,1.6895513,0.57949825,0.66475846,0.22776492,0.44730898,0.0970481,0.17609578,0.0391268,0.9020476,0.48739013,0.35487749,0.19234275,0.34019471,0.11387985,0.13378519,0.04522223,0.70512001,0.24877054,0.67028665,0.23565252,0.0,-1.453,12.418
ISS_208RF_FMOVIE001_PRIME_1,0,6323,2014-09-20T13:16:13,0.0,359.98,196.44,50.729,52.529,51.615,140.889,141.467,141.177,269.312,271.64,270.437,6.550363,7.6519656,7.0667653,131.76593,142.56453,137.26675,126.57318,132.69139,129.70973,67.00169381,35.13,3.08802727,0.84439407,1.95586454,0.47777115,0.97987566,0.22732141,0.62042092,0.12024008,1.32464969,0.48732544,0.83880491,0.29058157,0.78350192,0.31446797,0.4966387,0.19018405,2.03196547,0.5020008,0.55878531,0.0999685,25.0,24.492,11.875
ISS_208RF_FMOVIE001_PRIME_2,0,3234,2014-09-20T18:29:17,0.0,359.98,66.85,178.88,181.782,179.782,141.475,141.763,141.616,37.124,40.308,38.166,8.572218,8.899646,8.687018,134.2565,137.96172,136.09709,116.47978,118.70909,117.62137,66.99994209,17.97,3.80740141,0.72071241,1.76092671,0.31205321,1.25641272,0.11388248,0.58141529,0.04133218,1.65080736,0.60112057,0.76247709,0.27077444,0.90018133,0.2131599,0.41703433,0.09800597,1.84044267,0.33916621,0.53723116,0.08979736,-5.0,-3.234,18.294
ISS_208RF_FMOVIE002_PRIME_1,0,9237,2014-09-26T08:25:33,98.6,283.32,190.96,42.453,55.845,50.33,156.544,157.34,156.948,245.113,259.3,253.382,13.796762,14.637764,13.991072,117.24265,118.89792,118.05575,61.89118,62.862507,62.368824,66.95789355,51.32,2.76657523,0.99669131,1.28216696,0.4580632,0.88377427,0.21265011,0.40975237,0.098168,1.49508434,0.80470973,0.69275177,0.37068235,0.38771662,0.10340199,0.17966281,0.04731893,1.35299219,0.49546187,0.6801935,0.24664536,5.0,3.404,15.565
ISS_208RF_FMOVIE002_PRIME_2,0,8856,2014-09-26T15:33:49,106.12,283.22,194.67,214.586,228.751,222.609,157.348,158.104,157.73,56.482,71.403,64.879,14.142856,14.913948,14.322642,119.607,121.42643,120.54219,60.91628,62.14941,61.550213,66.95348321,49.2,3.00366064,1.05148197,1.4300282,0.4970079,0.90788476,0.22492742,0.43191945,0.10393812,1.54143134,0.79664357,0.73384442,0.37769067,0.55434455,0.32939161,0.26426433,0.15687086,1.5040997,0.53307344,0.71246591,0.25034922,-10.0,-7.891,17.696
ISS_209RF_FMOVIE001_PRIME_1,0,8221,2014-10-27T01:33:17,51.92,216.32,134.12,203.967,223.292,214.557,239.48,240.154,239.821,323.813,343.522,334.736,13.132011,15.310912,13.454341,132.5919,134.34566,133.49872,70.938774,72.118324,71.54152,66.7316334,45.67,6.22431131,1.27669214,1.96970225,0.40046831,1.76771175,0.10189091,0.55952127,0.03036066,2.98478315,0.95175732,0.94471909,0.3009274,1.47181642,0.48318765,0.46546189,0.15169515,2.08709681,0.43557923,0.67166474,0.13993457,15.0,16.267,9.711
ISS_209RF_FMOVIE001_PRIME_2,0,7788,2014-10-27T07:45:01,96.58,252.32,174.45,29.181,49.403,43.85,240.176,240.821,240.512,148.376,169.226,163.337,13.562066,17.380875,13.91851,127.7362,129.04642,128.3721,70.39419,71.13607,70.76113,66.73153926,43.27,4.91477158,1.23712456,1.61920272,0.40783354,1.75422964,0.31440717,0.57772553,0.10215984,2.56048526,0.98248245,0.84372846,0.32462147,0.60005668,0.12914829,0.19774873,0.04271152,1.72166401,0.44650179,0.65638027,0.17066677,-20.0,-18.245,12.157
ISS_211RF_FMOVIE001_PRIME,0,18000,2015-01-03T18:11:09,0.0,359.98,179.99,273.898,285.882,282.104,64.968,66.61,65.813,207.288,220.333,216.291,13.462647,14.351199,13.896386,79.82034,82.62118,81.28635,61.425266,61.790176,61.60991,66.24943726,100.0,1.52869601,0.38393867,0.72688198,0.18279901,0.42640795,0.03390619,0.2027408,0.0160818,0.75950322,0.34027728,0.36116557,0.16200435,0.34278483,0.07137798,0.1629756,0.03390991,0.76277878,0.1985903,0.63697121,0.16521473,10.0,9.338,11.001
ISS_211RF_HIRESFRNG001_PRIME,0,3936,2015-01-10T03:44:29,163.78,243.24,203.62,29.374,45.163,37.25,82.245,82.677,82.46,307.128,322.486,314.79,4.560072,5.770445,5.11631,113.77623,124.84391,119.536674,120.33895,125.13004,122.81574,66.21280382,21.87,2.05041488,0.45477595,1.10735638,0.23787399,0.61766371,0.06349625,0.33337981,0.02194873,1.01573197,0.42438189,0.5503143,0.2331176,0.41701919,0.11709491,0.22366227,0.05556401,1.15966104,0.25910569,0.56098724,0.12633276,15.0,14.451,7.103
ISS_211RI_EGAPMOVMP001_PRIME,0,17996,2015-01-02T23:46:37,0.0,359.98,180.01,270.387,286.41,279.617,62.896,64.643,63.75,207.491,221.767,215.866,14.504535,15.63655,15.037339,83.03119,85.64326,84.40959,61.1735,61.642395,61.429134,66.25433549,99.98,1.53856851,0.38914051,0.73584965,0.186329,0.42767628,0.03442843,0.20454044,0.01656943,0.76150812,0.34553242,0.36421718,0.1653783,0.3493841,0.07377654,0.16709202,0.03530742,0.7719551,0.20242787,0.62981018,0.16522388,10.0,9.216,11.202
ISS_212RF_FMOVIE001_PRIME_1,0,8084,2015-02-07T00:23:57,168.82,330.48,249.65,117.67,131.535,119.777,157.474,158.161,157.795,319.766,334.061,321.981,10.734681,15.122784,11.4597,75.76963,77.89259,76.867355,70.606476,71.1218,70.977486,66.02997641,44.91,1.90589032,0.44775496,0.62124183,0.14594422,0.59525277,0.04459606,0.19405697,0.01508833,0.94700264,0.39488801,0.30861617,0.12843273,0.36363491,0.09054452,0.11856869,0.02968402,0.65846773,0.16097819,0.56621284,0.13837885,10.0,11.94,8.931
ISS_212RF_FMOVIE001_PRIME_2,0,8053,2015-02-07T06:36:45,173.78,334.82,254.3,273.624,286.613,284.159,158.173,158.86,158.536,114.763,128.439,125.622,10.054861,11.875848,10.375656,82.149124,84.1958,83.23369,71.03785,71.37874,71.271034,66.02406038,44.74,2.1273507,0.50230562,0.68310048,0.16144411,0.70513262,0.22718009,0.22645052,0.07307629,1.02499284,0.36873975,0.32910802,0.11838804,0.39722524,0.08445747,0.12754194,0.02709275,0.72313583,0.17411927,0.59538688,0.14356857,-15.0,-17.065,11.201
ISS_213RF_FMOVIE001_PRIME,0,18000,2015-03-09T20:46:21,0.0,359.98,179.99,266.446,280.699,272.966,240.775,242.428,241.621,24.018,38.721,31.344,12.138697,17.849806,13.063784,99.48684,102.31291,100.92902,81.420616,81.57258,81.507256,65.8272525,100.0,4.97487541,0.86863066,0.73470335,0.12830896,1.49189782,0.14999071,0.22033223,0.02218968,2.35428657,0.68333847,0.3476902,0.10096517,1.12869102,0.18909384,0.16668091,0.02787692,0.80630179,0.14837748,0.55257019,0.10197607,0.0,2.12,11.683
ISS_213RF_FMOVIE002_PRIME,0,16870,2015-03-10T22:27:09,0.0,359.98,172.92,261.239,290.878,279.153,243.664,245.092,244.392,16.146,47.213,34.76,10.249393,23.54042,11.696415,93.57958,97.14499,95.520874,81.328545,81.658424,81.53602,65.82102738,93.72,4.72679463,0.87578856,0.69569007,0.1286581,1.41539887,0.1612382,0.20834104,0.02383413,2.26091993,0.70561746,0.33275923,0.10375363,1.05047583,0.1726866,0.1545898,0.02523951,0.7643925,0.14945554,0.56097149,0.11200313,0.0,0.191,12.87
ISS_231RI_EGAPMOVMP001_PRIME,0,17043,2016-02-06T01:18:20,0.0,359.98,177.25,81.889,117.732,100.537,60.468,62.068,61.242,20.406,56.075,39.294,13.6876135,29.628317,18.122269,101.171326,103.56584,102.41288,80.48334,81.30578,80.91606,64.16139186,94.68,4.81761994,1.20305192,0.75890238,0.1814738,1.58885714,0.29054763,0.25077081,0.04546522,2.20181331,1.06259045,0.34643404,0.16312547,1.02694949,0.34912767,0.16169753,0.05379116,0.82563579,0.21205379,0.55380694,0.13990291,-10.0,-5.209,27.953
ISS_232RF_FMOVIE001_PRIME,0,17145,2016-02-10T00:41:00,13.08,355.96,184.52,104.573,126.731,118.607,71.199,72.687,71.957,31.885,55.531,46.65,11.481407,16.944506,11.951307,83.92418,86.844505,85.384,76.528366,77.17913,76.86482,64.14686062,95.25,2.97998434,0.79857938,0.67760505,0.18483993,0.89507417,0.1601835,0.20344286,0.03666338,1.4704118,0.73855276,0.33464881,0.17042673,0.61449837,0.1969896,0.13951338,0.0443457,0.72679672,0.20868331,0.5885486,0.17066818,-15.0,-7.497,23.688
ISS_232RI_EGAPMOVMP001_PRIME_1,0,17083,2016-02-21T02:05:16,0.0,359.98,178.34,260.81,287.994,267.616,101.059,102.519,101.758,158.291,186.935,165.857,14.187912,24.86119,16.323936,106.382225,108.92242,107.70691,77.84975,78.9457,78.33339,64.10186002,94.91,4.43190234,1.50502159,0.89505386,0.30097554,1.14002412,0.41097314,0.22979887,0.08027716,2.10183919,1.14755553,0.42420475,0.23027729,1.19003903,0.41281402,0.24105024,0.08481447,0.9628563,0.33597352,0.59488919,0.20664358,0.0,4.414,21.251
ISS_232RI_EGAPMOVMP001_PRIME_2,0,7632,2016-02-21T15:15:08,0.0,359.98,201.98,87.949,116.003,102.976,102.541,103.162,102.872,0.001,359.997,179.443,14.515591,22.753038,15.870975,99.91506,100.87405,100.34679,77.63042,78.07555,77.81322,64.105313,42.4,3.68027004,1.24106285,0.77680837,0.26107845,1.04003365,0.15888922,0.2195607,0.03375333,1.86962133,1.10445223,0.39444305,0.23228768,0.77061506,0.30577628,0.16280462,0.06481642,0.83789878,0.29581197,0.57872292,0.20350708,0.0,3.967,25.471
ISS_233RF_FMOVIE001_PRIME_1,0,9491,2016-03-06T01:38:04,0.0,359.98,237.77,321.269,333.363,326.039,138.813,139.638,139.219,181.63,194.549,186.82,10.518352,11.901394,10.811763,56.568314,58.669434,57.66874,67.89249,68.37946,68.10613,64.05271967,52.73,1.55761317,0.52751298,0.58061746,0.19493631,0.34575536,0.04161914,0.12892082,0.01545847,0.79564044,0.47611156,0.29648222,0.17619377,0.41621737,0.11918355,0.15521442,0.04440345,0.61263097,0.21349232,0.57368649,0.19933209,0.0,2.939,15.894
ISS_234RF_FMOVIE001_PRIME,0,7896,2016-04-01T01:26:20,0.0,359.98,225.78,344.469,352.392,349.111,208.997,209.695,209.348,135.198,143.394,139.763,6.1100545,7.045483,6.463543,35.32633,39.730316,37.623478,68.89598,69.68132,69.28596,63.96443248,43.87,1.65035018,0.47359998,0.58390492,0.16918878,0.36815238,0.08824732,0.13016955,0.03105008,0.97595757,0.39330321,0.34544398,0.14043588,0.30624024,0.12471951,0.10829139,0.04422947,0.62224896,0.18384322,0.60832057,0.17934271,-15.0,-14.942,12.874
ISS_234RI_EGAPMOVMP001_PRIME,0,15959,2016-04-07T23:05:00,0.0,359.98,165.4,263.536,283.915,270.717,227.633,229.04,228.332,34.495,55.486,42.384,13.082045,17.85263,13.668674,106.88921,110.06352,108.49071,74.09848,75.67718,74.84444,63.94033549,88.66,3.44246811,1.06448951,0.89959073,0.27927137,0.83842256,0.16537105,0.21889018,0.04197242,1.70253969,0.82640554,0.44563417,0.21813238,0.90150586,0.44270596,0.23506638,0.11512211,0.95907935,0.30550576,0.58503767,0.18746082,0.0,3.209,17.002
ISS_235RF_FMOVIE001_PRIME,0,16001,2016-05-01T13:42:20,0.0,359.98,162.31,0.013,359.993,5.948,291.384,292.829,292.113,65.584,75.707,72.035,8.450355,9.797399,9.022235,20.86192,26.41641,23.758347,64.97198,66.837,65.8811,63.86632753,88.89,1.50095574,0.62311577,0.6124024,0.25036717,0.31072032,0.11123614,0.12688674,0.0450767,0.83609986,0.47299084,0.34101076,0.19054192,0.35413556,0.33275006,0.1445049,0.1344301,0.64733594,0.26714566,0.64213967,0.26522926,-10.0,-7.129,27.61
ISS_235RF_FMOVIE002_PRIME_1,0,9195,2016-05-09T19:29:32,0.0,359.98,172.86,264.97,280.991,271.652,313.638,314.416,314.021,310.553,327.353,317.631,12.677799,14.452323,12.9389515,104.74094,106.92072,105.85711,69.0001,70.36969,69.660576,63.84103723,51.08,2.73453546,1.37627464,0.94783651,0.46456042,0.66406844,0.4403135,0.22992539,0.14802827,1.23838274,0.83392356,0.42882232,0.28326763,0.83208428,0.5076132,0.2890888,0.17351118,0.99594368,0.49419253,0.63360058,0.30905388,20.0,21.796,20.248
ISS_235RF_FMOVIE002_PRIME_2,0,8548,2016-05-10T02:30:52,0.0,359.98,169.07,75.909,87.267,85.151,314.428,315.168,314.815,120.741,132.75,130.336,15.404475,20.541777,16.476038,97.38887,99.059364,98.19561,68.62472,69.49732,69.04929,63.84406536,47.49,2.28636622,1.35828765,0.81557865,0.47538072,0.76049531,0.19503311,0.27226024,0.07099678,1.15000585,0.81216016,0.40995074,0.28574848,0.37586506,0.68577874,0.13336767,0.24050254,0.8608086,0.50386075,0.61069525,0.35383431,-30.0,-28.945,23.469
ISS_236RF_FMOVIE002_PRIME,0,18000,2016-06-10T12:09:00,0.0,359.98,179.99,97.225,104.671,101.009,39.22,40.874,40.04,57.991,64.995,60.968,11.547909,12.2537565,11.899461,94.94536,99.65948,97.28053,62.94807,65.85324,64.37701,63.75267249,100.0,1.90264874,0.91745714,0.81910183,0.38533962,0.54965071,0.19590464,0.23711061,0.0819174,0.93942838,0.61061052,0.40477481,0.25923799,0.41356966,0.42540726,0.17721641,0.17966273,0.85929919,0.40876002,0.61597809,0.28939021,-15.0,-11.354,24.071
ISS_239RF_FMOVIE001_PRIME,0,17385,2016-08-02T13:36:28,0.0,359.98,174.6,146.638,152.37,150.654,182.497,184.085,183.297,322.552,329.832,327.357,9.80834,10.195449,9.986296,47.273117,53.583763,50.453396,40.945065,41.466125,41.084026,63.61705126,96.58,0.77403766,0.25733221,0.58344715,0.19404797,0.17365381,0.0306541,0.13089809,0.02314909,0.46054384,0.23621619,0.34713803,0.17808483,0.13984,0.0460106,0.10541103,0.03470245,0.61017632,0.20743988,0.58277301,0.19884001,0.0,2.347,14.522
ISS_239RF_FMOVIE002_PRIME_1,0,9232,2016-08-12T12:44:44,0.0,359.98,231.67,253.578,262.282,256.753,209.402,210.219,209.804,43.359,52.879,46.949,9.052434,9.449634,9.119807,112.99563,116.59521,114.80249,64.20806,67.166214,65.66232,63.59093849,51.29,2.29438246,0.3646144,0.94399735,0.14331601,0.66273191,0.08393027,0.27248688,0.03145752,1.02660921,0.29486158,0.42317072,0.12188777,0.60504133,0.15609496,0.24833975,0.06007788,0.98689459,0.15435382,0.53324503,0.0825882,0.0,3.495,15.951
ISS_239RF_FMOVIE002_PRIME_2,0,6414,2016-08-12T20:09:32,0.0,359.98,231.15,72.968,80.266,78.527,210.236,210.811,210.526,222.169,229.934,228.0,9.881561,11.197159,10.205502,103.62053,105.95612,104.78174,63.08674,64.83276,63.953266,63.5936321,35.63,1.70520292,0.28310458,0.74918318,0.12776953,0.50348953,0.0408381,0.22108071,0.01862559,0.95761298,0.26736623,0.42093973,0.11926249,0.2441004,0.04976945,0.10716273,0.02184094,0.79043493,0.13913961,0.51254866,0.09197863,-5.0,-1.566,12.47
ISS_239RI_HIRESAFRG001_PRIME_1,0,5148,2016-08-07T15:05:00,92.44,195.38,143.91,85.018,86.785,85.968,196.164,196.636,196.399,248.665,250.524,249.569,3.3017817,3.474789,3.3523276,74.97432,90.30142,82.51967,123.763954,134.98059,129.39673,63.60592669,28.6,1.14168369,0.22801988,0.72679628,0.16606694,0.35915963,0.15404177,0.22868714,0.10777091,0.60979688,0.21485309,0.38884144,0.14841013,0.17272719,0.05837293,0.1092677,0.03590167,0.75924105,0.17495476,0.62467247,0.13493301,-10.0,-15.71,22.305
ISS_240RF_FMOVIE002_PRIME,0,10126,2016-08-23T01:03:56,0.0,359.98,231.72,238.486,257.684,246.791,237.789,238.641,238.21,0.004,359.984,8.865,8.04703,14.649562,8.466284,130.01996,134.64882,132.40845,77.31006,81.14084,79.237144,63.56779669,56.26,7.69049975,1.4632058,1.41206357,0.17031074,2.33502926,0.46933967,0.42784149,0.05454035,2.99041098,0.59209741,0.55367335,0.10412304,2.36505951,0.75192036,0.43054873,0.10288454,1.50575804,0.18507206,0.50203224,0.05454469,15.0,14.771,17.265
ISS_241RF_FMOVIE001_PRIME,0,11481,2016-08-29T18:07:56,0.0,359.98,190.8,190.387,191.965,191.18,255.913,257.796,256.703,292.732,296.029,294.476,5.1678343,5.6261826,5.3302183,10.818487,33.58583,24.050951,36.836346,53.29047,42.42522,63.55476431,63.78,0.84412389,0.3751944,0.61093008,0.24072991,0.17398371,0.07105096,0.12648185,0.04776732,0.4998618,0.30643537,0.35998615,0.20144322,0.17027838,0.08929086,0.12446208,0.06361739,0.63910132,0.25591957,0.63385431,0.25562294,10.0,9.335,15.982
ISS_242RF_FMOVIE001_PRIME,0,18000,2016-09-17T00:59:40,0.0,359.98,179.99,69.322,73.21,71.194,305.29,306.954,306.119,122.49,127.866,125.075,10.38053,11.722731,11.099525,107.609055,114.32468,110.95451,65.44215,70.5833,67.98372,63.51749652,100.0,2.44979106,0.72109633,0.91251545,0.24561803,0.87932194,0.21899465,0.32859432,0.0802878,1.21625573,0.60184946,0.45341263,0.21462876,0.35421339,0.16464361,0.13050849,0.05415224,0.96102723,0.2676046,0.55999122,0.15317984,-35.0,-30.91,21.428
ISS_243RF_FMOVIE001_PRIME_1,0,8072,2016-09-22T09:59:56,106.3,267.72,187.01,163.018,166.401,164.743,319.802,320.538,320.171,202.584,206.536,204.572,6.0937657,6.3117294,6.1986027,32.432648,39.947342,36.27103,36.970486,40.068054,38.40431,63.50824037,44.84,0.79079796,0.28670277,0.61904108,0.2234845,0.21176757,0.05833243,0.16577466,0.04517091,0.48111183,0.25562614,0.37665059,0.20009816,0.09791856,0.0527057,0.07661583,0.04079206,0.6475618,0.23817258,0.6343696,0.23353041,-10.0,-9.154,16.172
ISS_243RF_FMOVIE001_PRIME_2,0,7691,2016-09-22T17:06:36,106.72,267.84,188.82,335.743,338.941,337.35,320.603,321.339,320.964,14.662,18.283,16.386,5.0531354,5.5783353,5.312552,40.18008,48.06391,44.33043,36.844345,38.8105,37.676464,63.50375745,42.73,0.7448847,0.26298899,0.58920628,0.20734635,0.11839368,0.05076177,0.09369257,0.04014525,0.44384447,0.23341495,0.3511111,0.18469316,0.18264655,0.08052065,0.14440262,0.06322511,0.61568804,0.22012678,0.59560613,0.21340878,5.0,6.046,14.391
ISS_246RF_FMOVIE002_PRIME,0,18000,2016-10-27T16:29:48,0.0,359.98,179.99,105.73,110.887,108.228,55.043,56.704,55.878,49.527,55.292,52.349,9.804983,13.078956,11.226721,109.38396,116.71608,113.03718,63.726414,69.79428,66.74341,63.44431889,100.0,2.43592809,0.78571085,0.954683,0.29671961,0.84637004,0.22411697,0.3304557,0.07773035,1.15878503,0.62038468,0.45601482,0.24476347,0.43077303,0.1969739,0.16821248,0.07429858,1.00196897,0.32070353,0.56050781,0.17878653,-25.0,-26.009,18.448
ISS_253RF_FMOVIE001_PRIME_2,0,18000,2016-12-17T00:10:04,0.0,359.98,179.99,232.865,236.85,234.962,190.918,192.661,191.783,40.267,45.797,43.178,5.335937,6.9301267,6.165311,110.22458,120.740005,115.94924,53.71903,64.035576,59.362324,63.36771687,100.0,2.12810653,0.5219651,1.07521308,0.2423403,0.55784544,0.08612312,0.28106686,0.02796059,1.04895635,0.43077791,0.53073229,0.21304748,0.52130473,0.17947604,0.26341394,0.08617993,1.12348701,0.26040764,0.591813,0.13957576,5.0,3.357,15.136
ISS_256RF_FMOVIE001_PRIME_1,0,9478,2017-01-07T17:49:47,0.0,359.98,123.2,233.087,236.758,235.46,249.61,250.476,250.046,342.61,347.08,345.413,5.534654,6.3384356,5.9399467,112.466255,118.047356,115.411934,55.4199,60.880398,58.302444,63.34252589,52.66,2.09583974,0.55590315,1.09736685,0.27719188,0.55045222,0.07697228,0.28777465,0.03221641,1.02426773,0.48393472,0.53570442,0.24664202,0.52111979,0.14615896,0.27388778,0.07648991,1.145301,0.29863085,0.6104223,0.15627368,10.0,8.217,13.077
ISS_256RF_FMOVIE001_PRIME_2,0,9438,2017-01-08T01:40:11,0.0,359.98,122.67,63.299,66.328,65.082,250.492,251.354,250.926,171.945,175.684,174.155,6.013364,6.9578905,6.488771,97.67439,105.11966,101.58001,53.834843,58.785942,56.3815,63.3437861,52.43,1.51723979,0.43161956,0.83788128,0.23086679,0.48100923,0.13774891,0.26637417,0.07884605,0.83918333,0.39290222,0.4617992,0.20941418,0.19704723,0.05839785,0.10970791,0.03438922,0.87823138,0.2479961,0.59572527,0.1658549,-25.0,-24.663,16.985
ISS_260RF_FMOVIE001_PRIME,0,18000,2017-02-05T04:25:31,0.0,359.98,179.99,237.849,242.335,240.831,326.411,328.062,327.241,269.787,275.916,273.589,5.253585,6.4639473,5.898716,112.16234,122.01605,117.472626,54.492886,64.08878,59.6882,63.31425257,100.0,2.1248368,0.62959969,1.06111,0.28635615,0.56211576,0.11523982,0.27930324,0.03863901,1.03191265,0.51291623,0.51518811,0.24530368,0.53080839,0.17404083,0.26661865,0.08631645,1.10822663,0.308225,0.56327015,0.15298697,10.0,12.831,16.454
ISS_265RF_FMOVIE001_PRIME,0,5382,2017-03-12T00:02:03,20.1,346.3,208.87,225.152,234.14,231.574,60.424,61.043,60.76,164.577,173.7,170.813,7.9385223,9.976459,8.361063,131.8086,134.44589,133.11545,72.47799,74.88739,73.662285,63.28969453,29.9,5.59625277,0.9473239,1.57154474,0.25832895,1.54561235,0.23754064,0.43220305,0.04971381,2.48953616,0.86915638,0.69800052,0.23821074,1.56110426,0.34113967,0.44134117,0.10901451,1.65987664,0.28661347,0.54165502,0.09480074,0.0,1.345,16.043
ISS_272RF_FMOVIE001_PRIME,0,9745,2017-05-01T01:44:27,0.0,359.98,183.9,234.766,245.022,238.309,195.629,196.491,196.05,38.867,49.393,42.259,5.921812,7.3931403,6.266703,133.53629,136.65863,135.12639,72.452225,75.53266,74.00773,63.26984238,54.14,6.39653399,1.00263375,1.76285416,0.29507096,1.79014725,0.17802212,0.49099868,0.02894909,2.94803096,1.01240948,0.81503147,0.28983728,1.65835578,0.25264347,0.45682401,0.07255767,1.86690184,0.33001187,0.5680058,0.10789958,0.0,-0.159,15.893
ISS_274RF_FMOVIE001_PRIME,0,6321,2017-05-13T13:46:35,0.0,359.98,267.03,233.038,243.727,235.549,229.386,229.923,229.642,3.114,14.34,5.907,6.742183,8.874407,6.9404674,138.35931,140.08319,139.21643,76.471924,78.15494,77.29414,63.26825456,35.12,9.36771619,1.3020472,2.0592994,0.28937188,2.62151245,0.15036484,0.57554218,0.0175466,4.14929242,1.23247834,0.91279925,0.27438661,2.59691132,0.28906953,0.57095796,0.06534824,2.19519236,0.32879394,0.56987937,0.08782925,10.0,5.384,13.843
ISS_274RF_FMOVIE002_PRIME,0,14025,2017-05-14T00:07:23,50.36,330.84,190.6,83.682,89.38,85.091,230.551,231.827,231.181,212.137,218.829,213.909,5.835589,9.265433,7.0513024,124.30109,130.23712,127.491905,69.67108,74.29252,72.15114,63.27031783,77.92,4.09442571,1.17659749,1.23742144,0.30613968,1.23191337,0.28275499,0.37474387,0.07770166,2.2737925,0.8529573,0.68574141,0.23157518,0.58871983,0.20807695,0.17693617,0.05454768,1.3202831,0.33473039,0.51363794,0.1187015,-5.0,-3.958,15.54
ISS_276RI_HIRESAFRG001_PRIME,0,3559,2017-05-28T01:29:31,0.0,359.98,250.39,60.491,235.323,154.301,268.508,268.838,268.671,151.652,326.814,245.629,3.069649,4.376263,3.689407,106.06863,120.462425,113.8039,55.716507,59.727432,57.891026,63.2690065,19.77,1.95117376,0.69621729,1.04191356,0.38551854,0.54938113,0.07754269,0.2924549,0.0450512,1.02900647,0.49852191,0.54872043,0.27032552,0.37278616,0.19534664,0.20073824,0.10911857,1.09049544,0.40827481,0.57886311,0.1687947,10.0,-7.196,27.518
ISS_289RF_FMOVIE001_PRIME,0,18000,2017-08-18T21:23:07,0.0,359.98,179.99,222.075,228.883,224.631,132.167,133.825,132.993,89.773,95.911,91.638,5.3219233,7.1387625,6.0777297,131.32411,136.9604,134.34396,68.28945,74.13093,71.40511,63.29803847,100.0,5.33187221,1.8492358,1.66886279,0.48216127,1.531236,0.33581534,0.48351947,0.09383099,2.58432803,1.28772617,0.80661223,0.35817676,1.21630818,0.50162715,0.37873108,0.13334398,1.76433183,0.5260425,0.54754152,0.14967806,-10.0,-10.602,14.343
ISS_292RF_FMOVIE001_PRIME,0,18000,2017-09-06T11:47:07,0.0,359.98,179.99,39.056,48.188,44.467,182.39,184.02,183.209,215.035,225.708,221.257,7.204406,9.070683,7.8852305,138.14296,142.22746,140.25287,75.01598,78.93156,77.02253,63.31193888,100.0,9.24243491,2.20139556,2.05316991,0.44465366,2.87449952,0.54519801,0.63991282,0.10787434,4.77674883,1.64885563,1.05974002,0.35096788,1.59118656,0.40544235,0.35351707,0.08012664,2.21010523,0.49564574,0.54856677,0.12066237,-5.0,-6.101,14.016
