OBSID,Start Date,End Date,Coverage,Min Radial Res,Max Radial Res,Min Angular Res,Max Angular Res,Median Ph,Median Em,Incidence
ISS_000RI_SATSRCHAP001_PRIME,2004-06-20 19:15:28,2004-06-21 09:55:28,100,38.2,40.9,0.05589,0.05918,67.31,73.89,65.45
ISS_00ARI_SPKMOVPER001_PRIME,2004-11-15 08:52:32,2004-11-15 23:28:32,96.38,27.02,48.83,0.04657,0.05101,84.58,77.3,66.6
ISS_006RI_LPHRLFMOV001_PRIME,2005-04-13 02:37:52,2005-04-13 16:22:24,96.93,5.92,18.14,0.02031,0.02795,35.76,83.48,67.98
ISS_007RI_LPHRLFMOV001_PRIME,2005-05-01 04:07:28,2005-05-01 17:46:24,92.04,5.85,7.69,0.00642,0.00879,32.62,68.89,68.16
ISS_007RI_AZSCNLOPH001_PRIME,2005-05-02 05:53:52,2005-05-02 13:41:52,100,28.67,65.9,0.01216,0.04767,15.22,65.96,68.17
ISS_007RI_HPMRDFMOV001_PRIME,2005-05-03 21:54:08,2005-05-04 09:42:56,79.59,4.24,16.44,0.01143,0.03603,123.63,95.83,68.19
ISS_029RF_FMOVIE001_VIMS,2006-09-28 20:32:15,2006-09-29 10:17:03,93.68,9.41,10.43,0.00709,0.0083,160.17,121.73,74.33
ISS_029RF_FMOVIE002_VIMS,2006-09-30 00:32:15,2006-09-30 09:02:39,59.39,11.07,11.55,0.00908,0.00981,159.93,119.01,74.35
ISS_030RF_FMOVIE001_VIMS,2006-10-16 01:34:07,2006-10-16 09:19:43,53.45,10.43,10.87,0.00642,0.00692,151.53,130.85,74.56
ISS_031RF_FMOVIE001_VIMS,2006-10-31 18:37:35,2006-11-01 08:20:47,93,9.34,9.82,0.00612,0.00701,158.35,126.5,74.78
ISS_032RF_FMOVIE001_VIMS,2006-11-12 17:53:35,2006-11-13 07:36:47,92.97,9.31,9.79,0.00608,0.00697,157.93,126.63,74.95
ISS_032RF_FMOVIE002_VIMS,2006-11-13 22:24:47,2006-11-14 00:23:43,15.48,10.14,10.25,0.00786,0.00806,163.68,121.3,74.96
ISS_033RF_FMOVIE001_VIMS,2006-11-25 16:52:47,2006-11-26 06:49:03,95.39,10.04,10.41,0.00757,0.00871,160.31,120.88,75.13
ISS_036RF_FMOVIE001_VIMS,2006-12-23 09:43:43,2006-12-24 00:28:15,100,11.7,11.85,0.00822,0.00887,159.79,124.3,75.51
ISS_036RF_FMOVIE002_VIMS,2007-01-05 14:31:59,2007-01-06 03:53:51,89.24,10.18,10.56,0.00502,0.00537,133.38,144.81,75.69
ISS_039RF_FMOVIE002_VIMS,2007-02-10 11:47:11,2007-02-11 01:41:35,91.81,10.22,10.29,0.0049,0.00505,128.21,147.99,76.2
ISS_039RF_FMOVIE003_VIMS,2007-02-11 15:43:11,2007-02-11 18:29:51,19.66,10.11,10.16,0.00509,0.0052,137.12,143.95,76.21
ISS_039RI_FMONITOR002_CIRS,2007-02-23 19:36:15,2007-02-23 21:34:07,40.22,86.95,188.47,0.05753,0.08626,62.35,115.36,76.38
ISS_039RF_FMOVIE001_VIMS,2007-02-27 07:18:39,2007-02-27 22:58:23,100,10.15,10.24,0.00496,0.0052,104.85,145.37,76.44
ISS_041RF_FMOVIE002_VIMS,2007-03-17 03:49:19,2007-03-17 18:55:11,100,10.42,10.75,0.00517,0.00546,109.01,144.59,76.69
ISS_041RI_FMONITOR001_CIRS,2007-03-17 19:32:15,2007-03-17 19:32:15,15.44,103.66,111.79,0.04779,0.05218,111.99,145.29,76.69
ISS_041RF_FMOVIE001_VIMS,2007-03-31 09:35:11,2007-03-31 22:07:43,85.63,11.85,11.96,0.00741,0.00784,83.94,129.41,76.9
ISS_043RF_FMOVIE001_VIMS,2007-04-18 03:26:39,2007-04-18 18:16:31,99.08,12.02,12.32,0.00798,0.00862,85.5,126.63,77.15
ISS_043RI_FMONITOR001_CIRS,2007-04-19 20:09:19,2007-04-19 20:17:19,36.43,112.24,162.68,0.0532,0.07107,93.28,131.05,77.17
ISS_043RI_FMONITOR001_PRIME,2007-04-22 14:08:47,2007-04-22 16:31:43,37.76,72.18,80.26,0.03684,0.04202,121.61,137.08,77.21
ISS_044RF_FMOVIE001_VIMS,2007-05-05 04:51:11,2007-05-05 19:31:27,100,11.9,12.36,0.00964,0.01053,81.86,119.39,77.4
ISS_051RI_LPMRDFMOV001_PRIME,2007-10-18 21:11:11,2007-10-19 08:20:15,89.12,17.6,87.8,0.06941,0.08278,56.05,94.05,79.85
ISS_055RF_FMOVIE001_VIMS,2007-12-31 15:47:27,2008-01-01 05:16:31,91.35,9.03,10.02,0.00659,0.00765,65.21,122.9,80.96
ISS_055RI_LPMRDFMOV001_PRIME,2008-01-07 08:03:11,2008-01-07 22:49:51,100,9.4,10.05,0.01879,0.02324,20.84,101.08,81.06
ISS_057RF_FMOVIE001_VIMS,2008-01-23 14:10:23,2008-01-24 03:14:07,89.57,9.78,10.46,0.00811,0.0092,44.22,118.22,81.31
ISS_059RF_FMOVIE001_VIMS,2008-02-17 12:25:03,2008-02-18 02:00:15,92.31,8.52,9.35,0.0061,0.00734,44.96,122.77,81.69
ISS_059RF_FMOVIE002_VIMS,2008-02-24 12:27:11,2008-02-25 03:15:43,100,9.27,10.39,0.01241,0.01529,25.21,106.39,81.79
ISS_061RI_LPMRDFMOV001_PRIME,2008-03-15 10:14:07,2008-03-15 18:15:27,61.69,7.84,27.24,0.02736,0.04387,13.87,95.7,82.09
ISS_068RF_FMOVIE001_VIMS,2008-05-15 23:55:27,2008-05-16 14:34:23,58.68,5.37,6.58,0.00303,0.00453,48.91,130.36,83.04
ISS_072RI_SPKHRLPDF001_PRIME,2008-06-14 05:16:15,2008-06-14 17:51:27,94.78,80.72,110.88,0.03182,0.05885,35.65,119.13,83.48
ISS_075RF_FMOVIE002_VIMS,2008-07-05 01:45:03,2008-07-05 16:46:23,99.86,6.01,6.88,0.00472,0.00739,32.75,116.5,83.81
ISS_075RB_BMOVIE4001_VIMS,2008-07-08 03:57:51,2008-07-08 10:06:23,44.55,52.54,104.87,0.02906,0.04472,24.84,64.11,83.85
ISS_079RI_FMONITOR002_PRIME,2008-08-02 01:25:19,2008-08-02 01:54:07,44.51,66.18,132.26,0.04152,0.06632,34.07,114.99,84.23
ISS_079RF_FRINGMRLF002_PRIME,2008-08-06 01:42:23,2008-08-06 10:55:27,63.05,8.63,13.67,0.00327,0.0057,24.22,68.34,84.29
ISS_080RF_FMOVIE005_PRIME,2008-08-14 06:50:39,2008-08-14 10:17:03,29.57,6.6,16.02,0.01712,0.02524,14.51,82.55,84.42
ISS_081RI_FMONITOR001_PRIME,2008-08-16 10:45:19,2008-08-16 11:13:35,53.54,69.19,202.67,0.05069,0.08635,28.23,109.68,84.45
ISS_081RI_FMOVIE106_VIMS,2008-08-20 00:36:15,2008-08-20 13:47:11,89.16,3.46,4.94,0.00181,0.00411,36.52,51.85,84.51
ISS_082RI_FMONITOR003_PRIME,2008-08-28 08:54:23,2008-08-28 10:17:03,43.69,56.68,162.4,0.04977,0.07701,33.13,70.93,84.63
ISS_083RI_FMOVIE109_VIMS,2008-08-30 16:19:11,2008-08-31 05:12:31,88.88,6.96,7.72,0.00817,0.01295,23.54,106.64,84.68
ISS_083RI_FMONITOR002_PRIME,2008-09-01 01:23:11,2008-09-01 01:23:11,13.39,59.83,78.15,0.03955,0.0469,42.38,122.86,84.69
ISS_084RI_FMONITOR002_PRIME,2008-09-08 03:54:07,2008-09-08 04:22:23,32.63,63.18,98.5,0.04503,0.05631,35.62,118.47,84.8
ISS_085RF_FMOVIE003_PRIME_1,2008-09-15 23:01:19,2008-09-16 06:25:03,50.36,5.25,5.79,0.00316,0.00395,44.62,129.45,84.92
ISS_085RF_FMOVIE003_PRIME_2,2008-09-16 06:34:07,2008-09-16 11:37:03,35.02,5.26,6.08,0.00277,0.00333,50.55,132.92,84.93
ISS_087RF_FMOVIE003_PRIME,2008-09-30 16:28:15,2008-10-01 03:54:07,77.57,4.91,5.86,0.00275,0.00412,48.99,130.74,85.15
ISS_089RF_FMOVIE003_PRIME,2008-10-14 22:37:51,2008-10-15 10:34:39,81.21,5.66,6.46,0.00381,0.00562,42.22,122.39,85.37
ISS_091RF_FMOVIE003_PRIME,2008-10-29 20:23:27,2008-10-30 08:59:43,85.55,5.75,8.67,0.00187,0.0022,48.98,134.01,85.6
ISS_091RI_APOMOSL109_VIMS,2008-11-02 00:33:03,2008-11-02 05:22:07,55.77,48.95,96.05,0.02477,0.05146,37.16,62.13,85.65
ISS_092RF_FMOVIE003_PRIME,2008-11-07 03:06:39,2008-11-07 05:52:31,19.64,5.82,6.18,0.00329,0.00356,50.11,134.18,85.73
ISS_093RF_FMOVIE003_PRIME,2008-11-14 15:06:39,2008-11-15 00:30:23,62.94,6.05,6.62,0.00366,0.0046,43.41,129.18,85.85
ISS_093RF_FMOVIE001_PRIME,2008-11-16 11:58:55,2008-11-16 13:35:27,11.19,2.07,2.34,0.00084,0.00095,99.36,171.84,85.87
ISS_094RF_FMOVIE001_PRIME_1,2008-11-21 21:26:55,2008-11-22 04:22:23,48,6.23,6.57,0.00424,0.00509,38.47,124.37,85.96
ISS_094RF_FMOVIE001_PRIME_2,2008-11-22 04:36:47,2008-11-22 08:19:11,26.19,6.35,6.95,0.00391,0.00433,45.01,127.44,85.96
ISS_094RF_FMOVIE003_PRIME,2008-11-23 04:31:27,2008-11-23 05:51:27,8.48,4.36,4.49,0.00199,0.00209,71.29,152.65,85.97
ISS_096RF_FMOVIE004_PRIME,2008-12-10 18:01:03,2008-12-11 06:34:07,85.19,3.8,5.28,0.00153,0.00227,62.15,30.37,86.25
ISS_098RI_TMAPN30LP001_CIRS,2008-12-22 23:58:55,2008-12-23 05:53:35,73.18,62.69,100.92,0.02895,0.06136,35.83,120.18,86.44
ISS_100RF_FMOVIE003_PRIME,2009-01-11 10:41:34,2009-01-11 21:53:02,74.16,5.85,6.29,0.00345,0.00472,41.41,128.13,86.74
ISS_100RI_SUBMS20LP001_CIRS,2009-01-17 22:23:26,2009-01-18 03:42:54,64.37,66.79,158.1,0.04165,0.07766,45.35,67.24,86.84
ISS_102RF_FMOVIE001_PRIME,2009-02-02 18:13:50,2009-02-02 19:51:26,11.26,3.24,3.32,0.00308,0.00386,153.91,66.9,87.08
ISS_102RI_SPKFMLFLP001_PRIME,2009-02-05 16:39:26,2009-02-06 00:39:26,61.81,65.77,119.04,0.05167,0.06732,37.82,63.12,87.13
ISS_103RF_FMOVIE003_PRIME,2009-02-10 14:28:46,2009-02-11 00:51:42,64,6.21,6.45,0.00278,0.00303,75.94,153.26,87.21
ISS_104RF_FMOVIE003_PRIME,2009-02-25 00:06:54,2009-02-25 02:37:18,18.38,5.01,5.16,0.00462,0.00549,144.81,114.28,87.43
ISS_105RF_FMOVIE003_PRIME,2009-03-04 08:46:54,2009-03-04 13:05:34,31.65,7.08,7.42,0.0069,0.00833,34.25,112.58,87.54
ISS_105RI_TMAPN45LP001_CIRS_1,2009-03-05 08:45:18,2009-03-05 08:54:54,15.67,68.63,107.46,0.03977,0.04511,40.59,128.05,87.55
ISS_105RI_TMAPN45LP001_CIRS_2,2009-03-05 10:02:06,2009-03-05 10:21:50,14.77,68.03,79.48,0.03875,0.04387,43.81,131.14,87.55
ISS_105RI_TMAPN45LP001_CIRS_3,2009-03-05 11:10:22,2009-03-05 11:10:22,13.93,67.87,81.57,0.02995,0.04182,46.48,133.85,87.55
ISS_105RI_TMAPN45LP001_CIRS_4,2009-03-05 12:53:18,2009-03-05 12:53:18,10.88,69.07,80.86,0.02821,0.03821,49.24,135.98,87.56
ISS_105RI_TMAPN45LP001_CIRS_5,2009-03-05 13:34:54,2009-03-05 13:49:50,13.13,67.61,73.76,0.03601,0.04126,47.47,133.9,87.56
ISS_105RI_TMAPN45LP001_CIRS_6,2009-03-05 14:49:02,2009-03-05 15:05:02,13.42,67.58,88.89,0.03884,0.04061,46.28,132.94,87.56
ISS_105RI_TDIFS20HP001_CIRS,2009-03-10 01:56:14,2009-03-10 06:38:22,49.29,47.92,103.68,0.04036,0.0624,154.24,67.34,87.63
ISS_105RF_FMOVIE002_PRIME,2009-03-11 11:51:58,2009-03-12 01:16:46,78.56,5.32,5.66,0.00241,0.00255,105.68,23.74,87.66
ISS_106RF_FMOVIE002_PRIME,2009-03-23 11:07:10,2009-03-24 00:00:30,75.48,5.31,5.64,0.00241,0.00254,106.32,23.67,87.84
ISS_107RF_FMOVIE002_PRIME,2009-03-29 16:51:42,2009-03-29 23:13:02,41.77,7.08,7.14,0.00358,0.0038,58.11,142.13,87.93
ISS_108RI_SPKMVLFLP001_PRIME,2009-04-10 09:49:18,2009-04-10 15:22:06,60.66,70.88,162.91,0.0406,0.10175,35.86,70.89,88.11
ISS_108RF_FMOVIE001_PRIME,2009-04-16 10:34:06,2009-04-16 20:26:06,64.98,7.81,7.86,0.0038,0.00406,104.26,145,88.21
ISS_109RI_TDIFS20HP001_CIRS,2009-04-21 12:42:06,2009-04-21 19:48:14,72.3,66.33,125.65,0.0356,0.05529,145.23,56.95,88.29
ISS_110RF_FMOVIE002_PRIME,2009-05-10 09:03:58,2009-05-10 19:51:58,71.04,5.53,5.76,0.00409,0.00692,59.19,63.28,88.58
ISS_111RF_FMOVIE002_PRIME,2009-05-26 09:08:14,2009-05-26 16:42:38,55.52,5.24,26.48,0.00963,0.04216,35.89,98.09,88.82
ISS_112RF_FMOVIE002_PRIME_1,2009-06-10 11:51:26,2009-06-10 19:04:30,51.91,4.21,5.73,0.0058,0.01271,18.46,104.29,89.06
ISS_112RF_FMOVIE002_PRIME_2,2009-06-10 19:18:22,2009-06-11 00:30:54,36.68,5.2,6.05,0.00464,0.00587,34.12,113.58,89.06
ISS_114RF_FMOVIEEQX001_PRIME,2009-07-13 20:02:06,2009-07-14 08:11:10,83.44,8.78,9.73,0.00522,0.00605,90.27,131.9,89.57
ISS_115RF_FMOVIEEQX001_PRIME,2009-07-30 01:05:34,2009-07-30 13:40:14,87.74,10,11.08,0.00828,0.00956,100.43,118.22,89.82
ISS_132RI_FMOVIE001_VIMS,2010-05-31 23:02:54,2010-06-01 11:42:22,87.59,7.37,13.19,0.01563,0.02053,122.42,79.85,85.54
ISS_134RI_SPKMVDFHP001_PRIME,2010-07-02 21:24:14,2010-07-03 13:23:10,100,68.91,107.17,0.08601,0.12755,127.23,106.58,85.06
ISS_137RI_FMOVIE001_VIMS,2010-09-02 01:05:02,2010-09-02 05:59:58,34.63,5.17,10.58,0.01875,0.02456,139.91,94.77,84.17
ISS_166RI_FNTLPMOV001_PRIME,2012-05-23 12:10:06,2012-05-23 20:25:02,68.26,20,74.37,0.06611,0.07937,46.65,93.26,75.58
ISS_168RF_FMOVIE001_PRIME,2012-06-25 03:03:58,2012-06-25 11:56:46,59.8,10.75,14.11,0.01208,0.01308,110.18,110.77,75.17
ISS_168RF_FMOVIE002_PRIME,2012-06-27 23:36:30,2012-06-28 03:26:54,27.51,4.28,4.89,0.00507,0.00593,135.18,109.31,75.14
ISS_168RI_PROPRETRG001_PRIME,2012-07-03 00:11:09,2012-07-03 01:00:45,16.87,11.54,37.75,0.03589,0.04148,44.51,96.64,75.08
ISS_170RF_HIRESFRNG001_PRIME,2012-08-12 22:51:09,2012-08-13 00:35:09,1.25,2.21,3.41,0.00065,0.00114,122.45,62.86,74.59
ISS_172RI_SPOKEMOV001_PRIME,2012-09-18 19:10:21,2012-09-19 05:45:01,100,137.12,215.96,0.05862,0.10675,93.15,120.31,74.14
ISS_172RI_SPOKEMOV002_PRIME,2012-09-19 17:55:41,2012-09-20 04:14:21,96.95,116.78,210.84,0.06876,0.09855,105.42,120.88,74.13
ISS_172RF_FMOVIE001_PRIME,2012-09-20 17:37:33,2012-09-21 06:10:37,85.51,10.02,10.92,0.00765,0.0085,113.04,121.9,74.12
ISS_172RI_BETPEGOCC001_VIMS,2012-09-22 17:32:13,2012-09-22 17:55:09,4.14,6.94,7.11,0.0054,0.0055,134.99,121.74,74.1
ISS_172ST_URGAMPEG001_UVIS,2012-09-23 21:59:25,2012-09-23 22:14:53,4.1,3.84,4.7,0.00422,0.00443,153.47,110.22,74.09
ISS_172RI_EGAPMOVMP002_PRIME,2012-10-01 13:11:25,2012-10-02 03:49:49,100,14.31,14.87,0.01356,0.014,73.12,115.52,73.99
ISS_173RI_SPOKEMOV001_PRIME,2012-10-06 19:24:45,2012-10-07 04:39:25,94.4,162.08,259.87,0.07281,0.11878,93.13,124.36,73.93
ISS_173RI_SPOKEMOV002_PRIME,2012-10-10 23:56:13,2012-10-11 05:03:25,65.98,151.19,246.26,0.06706,0.09612,103.85,127.87,73.89
ISS_173RI_SPOKEMOV003_PRIME,2012-10-12 20:55:25,2012-10-13 11:41:17,100,119.09,129.02,0.07724,0.08293,114.2,129.03,73.86
ISS_173RF_FMOVIE001_PRIME_1,2012-10-15 19:43:57,2012-10-16 03:41:49,63.86,7.72,9.1,0.0048,0.00598,139.39,124.08,73.83
ISS_173RF_FMOVIE001_PRIME_2,2012-10-16 03:46:37,2012-10-16 11:44:29,63.84,7.21,9.9,0.00535,0.00566,157.24,120.89,73.82
ISS_173RF_HIRESFRNG001_PRIME,2012-10-18 12:58:05,2012-10-18 14:57:01,1.47,2.94,2.97,0.00094,0.00123,73.36,39.66,73.8
ISS_174RI_SPOKEMOV001_PRIME,2012-11-02 17:59:25,2012-11-04 02:51:41,100,152.01,168.71,0.08435,0.09951,102.18,128.06,73.61
ISS_174RI_SPOKEMOV002_PRIME,2012-11-05 10:47:25,2012-11-06 01:29:01,100,124.25,138.37,0.08084,0.08605,111.84,128.78,73.58
ISS_174RI_SPOKEMOV004_PRIME,2012-11-07 23:35:25,2012-11-08 09:07:41,83.85,87.81,151.77,0.05514,0.06559,129.69,126.84,73.56
ISS_174RF_FRSTRCHAN001_PRIME_1,2012-11-08 21:59:57,2012-11-09 05:11:25,50.25,7.42,7.95,0.00563,0.00578,153.21,122.53,73.54
ISS_174RF_FRSTRCHAN001_PRIME_2,2012-11-09 05:18:21,2012-11-09 12:29:49,50.21,6.44,7.31,0.00523,0.00567,146.47,120.65,73.54
ISS_176RF_FMOVIE001_PRIME,2012-12-06 18:33:01,2012-12-07 09:23:41,90.81,8.23,9.43,0.00286,0.00321,107.2,147.36,73.22
ISS_177RF_FMOVIE001_PRIME_1,2012-12-18 20:33:33,2012-12-19 02:22:53,41.15,9.54,9.77,0.00522,0.00544,95.15,136.14,73.09
ISS_177RF_FMOVIE001_PRIME_2,2012-12-19 02:29:49,2012-12-19 08:18:37,40.51,9.73,10.03,0.00407,0.00449,90.66,140.51,73.09
ISS_177RI_SPOKEMOV001_PRIME,2012-12-19 19:33:17,2012-12-20 07:44:29,90.72,90.99,121.4,0.03857,0.04494,97.62,139.03,73.08
ISS_177RF_FRSTRCHAN001_PRIME_1,2012-12-25 02:34:37,2012-12-25 09:14:05,49.67,5.8,12.13,0.00933,0.01792,19,78.91,73.02
ISS_177RF_FRSTRCHAN001_PRIME_2,2012-12-25 09:20:29,2012-12-25 13:17:49,32.8,6.34,18.53,0.01739,0.02738,11.81,83.03,73.01
ISS_178RI_EGAPMOVMP001_PRIME,2012-12-30 13:19:57,2012-12-31 00:19:09,46.71,10.04,10.21,0.00636,0.00688,72.84,128.83,72.95
ISS_178RI_SPOKEMOV001_PRIME,2013-01-02 11:35:25,2013-01-02 22:00:29,77.83,90.48,114.47,0.03422,0.04079,103.19,139.08,72.92
ISS_179RF_FMOVIE001_PRIME,2013-01-13 18:33:33,2013-01-14 09:18:53,100,9.5,10.25,0.0052,0.00559,90.42,135.35,72.79
ISS_179RI_SPOKEMOV001_PRIME,2013-01-16 03:13:33,2013-01-16 15:41:17,88.24,79.48,102.47,0.03358,0.03873,109.55,139.65,72.77
ISS_179RF_FRINGPHOT001_VIMS,2013-01-17 23:20:29,2013-01-18 03:17:17,25.67,3.7,4.13,0.00299,0.0034,156.29,120.56,72.75
ISS_180RI_RLYROCC001_VIMS,2013-01-26 18:44:13,2013-01-26 18:55:57,4.03,10.09,10.56,0.00621,0.00629,83.85,130.83,72.65
ISS_180RF_FMOVIE001_PRIME,2013-01-27 17:43:25,2013-01-28 06:01:01,84.09,10.65,11.66,0.0035,0.00366,93.59,141.41,72.64
ISS_180RI_SPOKEMOV001_PRIME,2013-01-28 17:14:05,2013-01-28 21:46:05,41.03,102.55,123.83,0.03713,0.04285,96.61,137.92,72.63
ISS_180RI_SPOKEMOV002_PRIME,2013-01-29 17:23:41,2013-01-30 00:34:05,53.47,76.1,93.99,0.03413,0.03673,111.69,139.98,72.62
ISS_180RI_RCASOCC001_VIMS,2013-01-30 09:59:57,2013-01-30 12:52:45,13.56,6.26,6.33,0.00216,0.00247,130.92,146.06,72.61
ISS_180RF_HIRESFRNG001_PRIME,2013-02-01 15:06:37,2013-02-01 18:50:05,23.91,2.83,3.18,0.00106,0.00123,58.16,24.47,72.59
ISS_181RF_FMOVIE001_PRIME,2013-02-09 18:25:33,2013-02-10 09:14:05,100,9.22,10.14,0.00479,0.00514,94.11,137.72,72.49
ISS_181RI_SPOKEMOV001_PRIME,2013-02-11 17:03:25,2013-02-11 21:37:01,38.36,84.45,103.13,0.03545,0.03904,105.42,140,72.48
ISS_181RF_FRINGPHOT001_VIMS,2013-02-13 14:14:21,2013-02-13 19:24:13,33,3.56,4.09,0.00298,0.00364,157.59,119.15,72.45
ISS_181RF_FRINGPHOT002_VIMS,2013-02-14 00:09:01,2013-02-14 02:45:49,19.72,2.96,10.05,0.0061,0.02117,151.55,97.44,72.45
ISS_183RF_FMOVIE001_PRIME_1,2013-03-04 22:20:13,2013-03-05 04:09:01,41.36,9,9.54,0.00558,0.00592,70.21,130.06,72.24
ISS_183RF_FMOVIE001_PRIME_2,2013-03-05 04:20:13,2013-03-05 10:09:01,40.52,11.68,12.12,0.00485,0.00531,79.1,130.12,72.24
ISS_183RI_SPOKEMOV001_PRIME,2013-03-06 22:18:37,2013-03-07 10:03:09,84.66,69.64,76.28,0.03258,0.03725,109.41,147.25,72.21
ISS_184RI_SPOKEMOV002_PRIME,2013-03-18 15:13:33,2013-03-18 19:32:13,39.84,76.56,80.91,0.03696,0.03984,102.51,144.43,72.09
ISS_184RF_FMOVIE001_PRIME,2013-03-18 20:15:25,2013-03-19 01:58:21,39.65,7.44,7.69,0.00366,0.00383,106.29,145.38,72.09
ISS_184RF_FMOVIE002_PRIME,2013-03-27 13:23:41,2013-03-28 00:35:09,77.18,9.65,10.33,0.00606,0.00735,58.46,121.54,71.99
ISS_185RI_RHYAOCC001_VIMS_1,2013-04-04 07:59:25,2013-04-04 08:07:25,2.12,10.53,10.71,0.00239,0.00253,17.38,60.52,71.91
ISS_185RI_RHYAOCC001_VIMS_2,2013-04-04 13:25:17,2013-04-04 13:33:17,2.08,5.53,5.8,0.00371,0.00391,17.21,60.63,71.91
ISS_189RF_FMOVIE001_PRIME,2013-05-06 12:10:05,2013-05-07 02:36:45,99.25,9.35,12.77,0.00567,0.00698,56.64,117.09,71.56
ISS_191RF_FMOVIE002_PRIME,2013-05-27 09:05:33,2013-05-27 23:15:09,95.93,7.9,8.71,0.00385,0.0041,89.13,140.94,71.34
ISS_191RI_RCASOCCB001_VIMS,2013-05-29 18:03:09,2013-05-29 18:11:09,1.81,6.7,6.79,0.00311,0.00316,130.35,146.09,71.32
ISS_191RF_FMOVIE001_PRIME_1,2013-06-01 01:45:33,2013-06-01 04:19:09,2.72,3.6,6.47,0.00256,0.00449,118.46,63.94,71.3
ISS_191RF_FMOVIE001_PRIME_2,2013-06-01 04:23:57,2013-06-01 06:57:33,2.59,3.57,6.05,0.0023,0.00342,109.61,57.17,71.3
ISS_191RF_FMOVIE001_PRIME_3,2013-06-01 07:02:53,2013-06-01 09:03:25,2.53,3.67,5.84,0.00233,0.00279,103.51,53.44,71.29
ISS_191RF_FMOVIE001_PRIME_4,2013-06-01 09:10:53,2013-06-01 11:44:29,2.36,3.57,4.66,0.00205,0.00229,114.12,47.7,71.29
ISS_191RF_FMOVIE001_PRIME_5,2013-06-01 11:49:17,2013-06-01 14:22:53,2.3,3.59,4.25,0.00179,0.0021,105.74,40.87,71.29
ISS_193RF_FMOVIE001_PRIME_1,2013-06-19 22:58:37,2013-06-20 06:50:05,54.86,8.19,8.72,0.00468,0.0051,72.05,133.64,71.1
ISS_193RF_FMOVIE001_PRIME_2,2013-06-20 06:57:01,2013-06-20 14:47:57,54.57,8.03,8.13,0.00432,0.00459,86.15,137.77,71.09
ISS_194RF_FMOVIE001_PRIME_1,2013-07-02 02:38:53,2013-07-02 10:31:25,54.07,8.71,9.46,0.0037,0.0038,84.13,139.12,70.97
ISS_194RF_FMOVIE001_PRIME_2,2013-07-02 10:36:45,2013-07-02 18:29:17,54.23,10.67,11.92,0.0038,0.00391,79.32,135.55,70.97
ISS_194RI_MUCEPOCC001_VIMS,2013-07-03 17:29:01,2013-07-03 17:45:01,2.78,7.19,7.21,0.00335,0.00338,109.86,149.98,70.96
ISS_196RF_FMOVIE003_PRIME,2013-08-20 21:55:41,2013-08-21 12:38:53,100,9.06,10.37,0.00606,0.00685,64.31,121,70.46
ISS_196RF_FMOVIE004_PRIME,2013-08-24 10:02:37,2013-08-25 00:52:45,100,10.87,11.37,0.0055,0.00575,111.86,143.38,70.43
ISS_196RF_FMOVIE005_PRIME,2013-08-26 09:47:41,2013-08-27 00:36:13,100,12.43,13.42,0.00621,0.00643,130.86,139.6,70.41
ISS_196RF_FMOVIE006_PRIME,2013-08-28 09:38:05,2013-08-28 23:53:33,98.19,13.93,16.04,0.00711,0.0075,147.78,131.15,70.39
ISS_196RI_BETANDOCC001_VIMS,2013-08-29 06:11:09,2013-08-29 06:35:09,3.64,15.74,16.25,0.00579,0.00612,149.84,131.42,70.39
ISS_197RF_FMOVIE007_PRIME,2013-09-07 08:26:05,2013-09-07 19:41:17,77.04,9.15,11.66,0.00469,0.00538,109.51,51.34,70.29
ISS_197RI_WHYAOCC001_VIMS,2013-09-10 16:01:01,2013-09-10 16:09:01,2.34,7.33,7.79,0.00472,0.00477,19.46,55.38,70.27
ISS_197RF_FMOVIE002_PRIME,2013-09-15 08:06:53,2013-09-15 22:24:29,60.04,9.63,9.95,0.0049,0.00533,96.52,138.98,70.21
ISS_198RI_RLYROCC001_VIMS,2013-10-16 08:01:01,2013-10-16 08:07:57,2.41,9.11,9.44,0.00442,0.00469,80.64,130.76,69.91
ISS_198RF_FMOVIE001_PRIME_1,2013-10-18 16:59:09,2013-10-19 00:50:37,54.61,11.25,12.28,0.00596,0.00622,120.26,138.66,69.89
ISS_198RF_FMOVIE001_PRIME_2,2013-10-19 00:57:01,2013-10-19 08:48:29,54.81,11.44,11.8,0.00616,0.00642,115.61,138.85,69.89
ISS_198RI_SPOKEMOV004_PRIME,2013-10-19 10:08:29,2013-10-19 22:42:37,100,117.3,158.85,0.05687,0.06978,120.24,137.6,69.88
ISS_198RI_SPOKEMOV005_PRIME_1,2013-10-21 14:05:17,2013-10-22 04:31:57,100,143.08,151.62,0.08739,0.09772,139.28,130.09,69.86
ISS_198RI_SPOKEMOV005_PRIME_2,2013-10-22 04:55:25,2013-10-22 12:44:13,84.74,149.81,254.39,0.0677,0.10289,142.72,128.16,69.86
ISS_199RI_SPOKEMOV002_PRIME_1,2013-11-11 12:25:33,2013-11-12 02:19:41,100,224.16,305.84,0.37826,0.43877,143.36,77.23,69.66
ISS_199RI_SPOKEMOV002_PRIME_2,2013-11-12 02:33:01,2013-11-12 16:13:17,100,222.39,318.94,0.33776,0.39459,141.72,75.95,69.65
ISS_199RI_SPOKEMOV003_PRIME_1,2013-11-13 05:08:45,2013-11-13 19:32:13,100,218.28,232.67,0.29543,0.32911,138.49,73.44,69.64
ISS_199RI_SPOKEMOV003_PRIME_2,2013-11-13 19:46:05,2013-11-14 10:10:05,100,215.73,228.14,0.27053,0.30023,136.68,72.05,69.64
ISS_199RI_SPOKEMOV003_PRIME_3,2013-11-14 10:23:57,2013-11-14 15:58:21,70.34,214.65,591.2,0.09901,0.27503,135.32,71.01,69.63
ISS_199RI_SPOKEMOV004_PRIME_1,2013-11-15 13:08:45,2013-11-16 03:50:53,100,207.08,212.05,0.21557,0.23583,131.3,67.96,69.62
ISS_199RI_SPOKEMOV004_PRIME_2,2013-11-16 04:05:17,2013-11-16 17:08:13,100,203.88,272.62,0.18191,0.21773,129.37,66.53,69.62
ISS_199RI_SPOKEMOV006_PRIME_1,2013-11-18 14:49:01,2013-11-19 05:23:41,100,186.96,194.25,0.14587,0.16024,120.44,60.07,69.59
ISS_199RI_SPOKEMOV006_PRIME_2,2013-11-19 05:39:09,2013-11-19 19:58:21,100,182.08,188.7,0.13422,0.1487,117.99,58.38,69.59
ISS_199RI_SPOKEMOV006_PRIME_3,2013-11-19 20:13:49,2013-11-20 10:17:01,100,181.57,200.59,0.11799,0.13723,115.25,56.42,69.58
ISS_199RI_EGAPMOVMP001_PRIME,2013-11-25 04:05:17,2013-11-25 13:24:45,62.66,13.15,13.7,0.00683,0.00726,78.3,42.29,69.53
ISS_199RF_FMOVIE002_PRIME,2013-12-06 09:41:49,2013-12-06 23:27:25,6.12,10.4,13.75,0.00572,0.00716,142.22,130.54,69.42
ISS_200RI_SPOKEMOV001_PRIME,2013-12-18 03:06:05,2013-12-18 16:36:45,100,160.63,200.68,0.15735,0.18913,133.09,68.45,69.32
ISS_200RI_SPOKEMOV004_PRIME_1,2013-12-23 06:21:49,2013-12-23 20:59:09,100,149.54,157.33,0.0793,0.09039,104.25,48,69.27
ISS_200RI_SPOKEMOV004_PRIME_2,2013-12-23 21:17:17,2013-12-24 11:54:05,100,151.12,158.44,0.07111,0.08176,99.96,45.41,69.26
ISS_200RI_SPOKEMOV004_PRIME_3,2013-12-24 12:12:13,2013-12-24 14:53:17,35.95,151.98,182.78,0.05485,0.07433,96.89,43.68,69.26
ISS_200RI_SPOKEMOV007_PRIME,2014-01-05 04:03:41,2014-01-05 08:36:45,43.6,78.9,105.15,0.03386,0.04127,111.09,137.4,69.15
ISS_200RI_SPOKEMOV011_PRIME,2014-01-14 01:18:21,2014-01-14 13:01:49,100,152.14,384.4,0.15577,0.26021,141.36,74.97,69.07
ISS_201RI_SPOKEMOV001_PRIME_1,2014-01-20 19:18:21,2014-01-21 09:20:29,100,175.15,202.03,0.0859,0.10283,107.2,50.41,69.01
ISS_201RI_SPOKEMOV001_PRIME_2,2014-01-21 09:32:45,2014-01-21 23:34:53,100,179.96,204.15,0.07916,0.09554,104.02,48.47,69
ISS_201RI_L2PUPOCC001_VIMS_1,2014-01-22 11:16:13,2014-01-22 11:27:57,5.18,16.87,18.5,0.00944,0.00984,97.22,48.04,69
ISS_201RI_L2PUPOCC001_VIMS_2,2014-01-23 00:14:21,2014-01-23 00:26:05,3.77,24.81,24.97,0.0068,0.00689,97.22,48.14,68.99
ISS_201RF_FMOVIE001_PRIME_1,2014-01-29 23:03:57,2014-01-30 06:25:01,51.56,11.13,11.5,0.00656,0.00662,41.7,46.68,68.93
ISS_201RF_FMOVIE001_PRIME_2,2014-01-30 06:30:53,2014-01-30 13:51:57,51.71,10.56,11,0.00642,0.00664,46.95,47.86,68.92
ISS_201RF_FMOVIE001_VIMS,2014-02-05 17:27:57,2014-02-06 07:41:17,90.75,6.19,6.79,0.00342,0.00427,134.89,134.81,68.86
ISS_201RI_SPOKEMOV009_PRIME_1,2014-02-11 23:47:41,2014-02-12 14:36:45,100,133.67,140.11,0.18901,0.22284,140.25,74.14,68.81
ISS_201RI_SPOKEMOV009_PRIME_2,2014-02-12 14:48:29,2014-02-13 05:14:05,100,139.04,177.64,0.16126,0.19079,136.33,71.14,68.8
ISS_201RI_SPOKEMOV011_PRIME,2014-02-14 17:17:17,2014-02-15 05:23:41,100,158.55,301.65,0.06472,0.13928,124.21,62.3,68.78
ISS_201RI_SPOKEMOV013_PRIME,2014-02-16 17:28:29,2014-02-17 05:44:29,100,164.3,240.1,0.08708,0.12372,114.96,56.31,68.77
ISS_201RI_SPOKEMOV015_PRIME,2014-02-18 18:08:29,2014-02-19 07:53:33,100,175.17,213.2,0.0898,0.10856,105.51,50.54,68.75
ISS_202RF_FMOVIE001_PRIME_1,2014-03-01 22:16:29,2014-03-02 04:38:21,45.63,12.64,13.26,0.00742,0.00771,44.46,47.12,68.65
ISS_202RF_FMOVIE001_PRIME_2,2014-03-02 04:46:53,2014-03-02 11:01:49,45.03,12.38,12.66,0.00745,0.00776,49.64,48.26,68.65
ISS_203RF_FMOVIE001_PRIME_1,2014-04-13 09:58:53,2014-04-13 17:51:25,58.71,10.14,12.81,0.01335,0.01563,138.17,73.29,68.28
ISS_203RF_FMOVIE001_PRIME_2,2014-04-13 17:56:45,2014-04-14 01:49:17,58.29,10.69,13.08,0.01344,0.01435,130.37,71.16,68.28
ISS_205RF_FMOVIE001_PRIME,2014-06-22 08:27:09,2014-06-22 21:35:25,91.07,13.22,14.13,0.00805,0.00873,107.38,53.9,67.7
ISS_205RI_L2PUPOCC002_VIMS,2014-06-24 17:55:09,2014-06-24 18:13:17,4.78,14.87,15.38,0.00902,0.00914,99.17,48.08,67.68
ISS_206RI_PROPRETRG001_PRIME_1,2014-07-16 13:24:13,2014-07-16 13:33:17,1.72,12.31,12.87,0.00548,0.00561,51.34,114.82,67.51
ISS_206RI_PROPRETRG001_PRIME_2,2014-07-16 13:34:53,2014-07-16 13:45:01,2.11,10.44,11.14,0.0058,0.00591,51.59,115.33,67.51
ISS_206RI_PROPRETRG001_PRIME_3,2014-07-16 14:45:49,2014-07-16 14:54:53,2.06,14.62,15.14,0.0043,0.00458,57.15,115.23,67.51
ISS_206RI_LATPHASE001_VIMS,2014-07-16 15:05:33,2014-07-16 15:27:25,3.99,6.5,6.61,0.00553,0.00568,62.1,118.44,67.51
ISS_206RI_BMOVIE001_PRIME,2014-07-17 13:26:21,2014-07-18 01:26:21,82.33,52.64,58.06,0.02824,0.03198,108,137.35,67.5
ISS_206RI_L2PUPOCC002_VIMS,2014-07-25 22:32:29,2014-07-25 22:46:21,3.81,17.11,18.2,0.00742,0.00775,99.55,48.05,67.43
ISS_207RF_FMOVIE001_PRIME,2014-08-16 11:01:17,2014-08-16 23:37:01,86.91,7.88,13.05,0.00636,0.00906,51.89,113.26,67.26
ISS_208RF_FMOVIE001_PRIME_1,2014-09-20 13:16:13,2014-09-20 18:25:01,35.27,6.55,7.65,0.00182,0.00194,137.31,129.77,67
ISS_208RF_FMOVIE001_PRIME_2,2014-09-20 18:29:17,2014-09-20 21:02:21,18.32,8.5,8.98,0.00399,0.00463,136.11,117.62,67
ISS_208RF_FMOVIE002_PRIME_1,2014-09-26 08:25:33,2014-09-26 15:29:33,51.83,13.8,14.78,0.01196,0.01244,118.07,62.38,66.96
ISS_208RF_FMOVIE002_PRIME_2,2014-09-26 15:33:49,2014-09-26 22:17:01,49.81,14.14,15.08,0.01195,0.01238,120.53,61.53,66.96
ISS_209RF_FMOVIE001_PRIME_1,2014-10-27 01:33:17,2014-10-27 07:32:45,46.2,13.13,15.61,0.01641,0.01747,133.49,71.53,66.73
ISS_209RF_FMOVIE001_PRIME_2,2014-10-27 07:45:01,2014-10-27 13:28:29,43.8,13.56,17.83,0.01655,0.01714,128.37,70.77,66.73
ISS_211RI_EGAPMOVMP001_PRIME,2015-01-02 23:46:37,2015-01-03 15:18:21,100,14.5,15.64,0.01216,0.01305,84.43,61.45,66.25
ISS_211RF_FMOVIE001_PRIME,2015-01-03 18:11:09,2015-01-04 08:46:53,100,13.46,14.32,0.01123,0.01224,81.3,61.59,66.25
ISS_211RF_HIRESFRNG001_PRIME,2015-01-10 03:44:29,2015-01-10 07:35:25,21.99,4.56,5.77,0.00107,0.0012,119.64,122.84,66.21
ISS_212RF_FMOVIE001_PRIME_1,2015-02-07 00:23:57,2015-02-07 06:30:21,45.33,10.71,15.54,0.01239,0.01369,76.9,70.98,66.03
ISS_212RF_FMOVIE001_PRIME_2,2015-02-07 06:36:45,2015-02-07 12:43:09,44.78,10.05,11.89,0.01211,0.01354,83.25,71.27,66.02
ISS_213RF_FMOVIE001_PRIME,2015-03-09 16:04:13,2015-03-10 11:27:25,100,12.14,14.26,0.0332,0.03747,101,81.49,65.83
ISS_213RF_FMOVIE002_PRIME,2015-03-10 22:27:09,2015-03-11 11:08:45,94.04,10.25,23.7,0.02555,0.03162,95.56,81.51,65.82
ISS_231RI_EGAPMOVMP001_PRIME,2016-02-06 01:18:20,2016-02-06 15:15:40,92.76,13.75,34.53,0.03038,0.03535,102.54,81.01,64.16
ISS_232RF_FMOVIE001_PRIME,2016-02-10 00:41:00,2016-02-10 13:54:36,95.65,11.48,17.57,0.0201,0.02221,85.4,76.87,64.15
ISS_232RI_PROPRETRG001_PRIME,2016-02-13 12:37:16,2016-02-13 12:54:52,2.8,13.96,14.51,0.00491,0.0052,57.54,71.04,64.14
ISS_232RI_EGAPMOVMP001_PRIME_1,2016-02-21 02:05:16,2016-02-21 15:03:24,95.63,14.21,25.51,0.02691,0.02942,107.7,78.32,64.1
ISS_232RI_EGAPMOVMP001_PRIME_2,2016-02-21 15:15:08,2016-02-21 20:46:20,43.81,14.52,23.88,0.0264,0.02897,100.33,77.83,64.11
ISS_233RF_FMOVIE001_PRIME_1,2016-03-06 01:38:04,2016-03-06 08:58:04,52.78,10.52,11.9,0.01126,0.01223,57.68,68.09,64.05
ISS_233RF_FMOVIE001_PRIME_2,2016-03-06 09:03:24,2016-03-06 09:42:52,7.95,10.75,13.28,0.01154,0.01167,47.85,68.27,64.06
ISS_233RI_HIRESAFRG001_PRIME,2016-03-10 00:05:48,2016-03-10 00:50:04,9.44,2.04,2.66,0.00197,0.00269,87.72,111.23,64.04
ISS_234RF_FMOVIE001_PRIME,2016-04-01 01:26:20,2016-04-01 07:38:36,43.96,6.11,7.06,0.00685,0.0079,37.67,69.26,63.96
ISS_234RI_EGAPMOVMP001_PRIME,2016-04-07 23:05:00,2016-04-08 11:34:52,90.13,13.08,18.3,0.02026,0.02155,108.49,74.84,63.94
ISS_235RF_FMOVIE001_PRIME,2016-05-01 13:42:20,2016-05-02 02:32:28,89.13,8.45,9.84,0.00834,0.00944,23.8,65.86,63.87
ISS_235RF_FMOVIE002_PRIME_1,2016-05-09 19:29:32,2016-05-10 02:25:00,51.84,12.68,14.74,0.0147,0.01541,105.85,69.64,63.84
ISS_235RF_FMOVIE002_PRIME_2,2016-05-10 02:30:52,2016-05-10 09:06:04,48.28,14.84,21,0.01414,0.0152,98.17,69.03,63.84
ISS_236RF_FMOVIE002_PRIME,2016-06-10 12:09:00,2016-06-11 02:51:40,100,11.55,12.24,0.01097,0.01157,97.3,64.4,63.75
ISS_239RF_FMOVIE001_PRIME,2016-08-02 13:36:28,2016-08-03 03:43:24,96.63,9.81,10.2,0.00527,0.00558,50.47,41.08,63.62
ISS_239RI_HIRESAFRG001_PRIME_1,2016-08-07 15:05:00,2016-08-07 19:16:12,29.08,3.3,3.5,0.00184,0.00252,82.44,129.4,63.61
ISS_239RI_HIRESAFRG001_PRIME_2,2016-08-07 19:22:36,2016-08-07 20:47:24,10.01,6.65,6.8,0.00178,0.00191,104.5,125.55,63.6
ISS_239RF_FMOVIE002_PRIME_1,2016-08-12 12:44:44,2016-08-12 19:59:56,52.36,9.05,9.69,0.00848,0.00967,114.8,65.64,63.59
ISS_239RF_FMOVIE002_PRIME_2,2016-08-12 20:09:32,2016-08-13 01:16:12,36.18,9.73,11.35,0.00819,0.00883,104.77,63.95,63.59
ISS_240RF_FMOVIE002_PRIME,2016-08-23 01:03:56,2016-08-23 08:37:16,57.25,8.05,16.28,0.01488,0.02135,132.42,79.23,63.57
ISS_241RF_FMOVIE001_PRIME,2016-08-29 18:07:56,2016-08-30 08:55:56,100,5.16,5.63,0.00283,0.00289,23.69,42.24,63.56
ISS_242RF_FMOVIE001_PRIME,2016-09-17 00:59:40,2016-09-17 15:47:08,100,10.38,11.73,0.00886,0.01086,110.95,67.97,63.52
ISS_243RF_FMOVIE001_PRIME_1,2016-09-22 09:59:56,2016-09-22 16:31:56,44.91,6.09,6.31,0.003,0.00317,36.31,38.34,63.51
ISS_243RF_FMOVIE001_PRIME_2,2016-09-22 17:06:36,2016-09-22 23:38:36,43.85,5.05,5.58,0.00251,0.00288,44.45,37.61,63.5
ISS_244RI_PROPRETRG001_PRIME,2016-10-06 10:30:20,2016-10-06 11:06:04,14.9,9.72,36.6,0.03061,0.03982,143.22,94.34,63.48
ISS_245RI_HIRESAFRG002_PRIME,2016-10-14 11:43:56,2016-10-14 14:07:24,16.47,3.8,4.11,0.00236,0.00284,163.95,128.61,63.46
ISS_246RF_FMOVIE002_PRIME,2016-10-27 16:29:48,2016-10-28 07:15:40,100,9.81,13.08,0.00687,0.00871,113.06,66.74,63.44
ISS_253RF_FMOVIE001_PRIME_1,2016-12-16 22:09:00,2016-12-16 22:37:48,2.14,8.17,9.39,0.00493,0.00543,120.5,64.01,63.37
ISS_253RF_FMOVIE001_PRIME_2,2016-12-17 00:10:04,2016-12-17 14:51:40,100,5.42,6.94,0.00345,0.00581,116.33,59.75,63.37
ISS_253RF_FMOVIE001_PRIME_3,2016-12-17 15:51:24,2016-12-17 16:20:44,2.29,5.11,5.2,0.00351,0.00373,99.53,54.47,63.37
ISS_253RI_HIRESAFRG001_PIE,2016-12-18 18:57:00,2016-12-18 19:45:32,1.33,1.5,1.81,0.00075,0.00077,39.86,51.51,63.37
ISS_256RF_FMOVIE001_PRIME_1,2017-01-07 17:49:47,2017-01-08 01:30:35,52.9,5.53,6.34,0.0036,0.00494,115.47,58.36,63.34
ISS_256RF_FMOVIE001_PRIME_2,2017-01-08 01:40:11,2017-01-08 09:19:55,52.67,6.01,6.96,0.00307,0.00421,101.67,56.42,63.34
ISS_256RI_HIRESAFRG002_PRIME,2017-01-09 21:10:19,2017-01-10 00:23:23,1.65,2.8,3.41,0.00098,0.00203,158.75,137.1,63.34
ISS_260RF_FMOVIE001_PRIME,2017-02-05 04:25:31,2017-02-05 19:06:35,100,5.25,6.46,0.00355,0.00593,117.63,59.85,63.32
ISS_260RI_HIRESAFRG001_PRIME,2017-02-06 19:18:19,2017-02-06 20:05:15,1.45,2.27,2.34,0.00092,0.00096,81.1,35.56,63.31
ISS_262RF_FMOVIE001_PRIME_01,2017-02-19 14:45:15,2017-02-19 15:06:35,3.52,6.57,6.9,0.00534,0.00546,113.08,62.84,63.31
ISS_262RF_FMOVIE001_PRIME_02,2017-02-19 15:08:43,2017-02-19 15:30:03,3.66,7.3,7.78,0.00477,0.00498,112.67,62.04,63.31
ISS_262RF_FMOVIE001_PRIME_03,2017-02-19 15:32:11,2017-02-19 15:53:31,3.54,8.14,8.58,0.00419,0.00444,112.36,61.25,63.31
ISS_262RF_FMOVIE001_PRIME_04,2017-02-19 15:55:39,2017-02-19 16:16:59,3.37,8.94,9.29,0.00364,0.00386,112.19,60.43,63.31
ISS_262RF_FMOVIE001_PRIME_05,2017-02-19 16:20:11,2017-02-19 16:41:31,3.23,9.58,9.85,0.00311,0.0033,112.21,59.74,63.31
ISS_262RF_FMOVIE001_PRIME_06,2017-02-19 16:43:39,2017-02-19 17:04:59,3.13,10.03,10.24,0.00266,0.0028,112.39,59.15,63.31
ISS_262RF_FMOVIE001_PRIME_07,2017-02-19 17:07:07,2017-02-19 17:28:27,3.11,10.27,10.45,0.00234,0.00242,112.72,58.67,63.31
ISS_262RF_FMOVIE001_PRIME_08,2017-02-19 17:30:35,2017-02-19 17:51:55,3.03,10.29,10.42,0.00221,0.00224,113.16,58.34,63.31
ISS_262RF_FMOVIE001_PRIME_09,2017-02-19 17:54:03,2017-02-19 18:15:23,2.99,10.08,10.22,0.00227,0.00234,113.71,58.14,63.31
ISS_262RF_FMOVIE001_PRIME_10,2017-02-19 18:17:31,2017-02-19 18:38:51,2.97,9.69,9.84,0.00252,0.00262,114.35,58.09,63.31
ISS_262RF_FMOVIE001_PRIME_11,2017-02-19 18:40:59,2017-02-19 19:02:19,2.99,9.13,9.29,0.00288,0.00302,115.04,58.18,63.31
ISS_262RF_FMOVIE001_PRIME_12,2017-02-19 19:06:35,2017-02-19 21:59:23,2.22,11.25,14.76,0.0031,0.00424,113.24,62.98,63.3
ISS_262RF_FMOVIE001_PRIME_13,2017-02-19 22:05:47,2017-02-19 22:27:07,3.63,8.28,8.97,0.00466,0.00474,118.97,61.68,63.3
ISS_262RF_FMOVIE001_PRIME_14,2017-02-19 22:29:15,2017-02-19 22:50:35,3.52,9.45,10.13,0.00437,0.00449,118.8,61.96,63.3
ISS_262RF_FMOVIE001_PRIME_15,2017-02-19 22:52:43,2017-02-19 23:14:03,3.41,10.63,11.25,0.00402,0.00416,118.52,62.18,63.3
ISS_262RF_FMOVIE001_PRIME_16,2017-02-19 23:16:11,2017-02-19 23:37:31,3.32,11.68,12.22,0.00362,0.00377,118.08,62.34,63.3
ISS_262RF_FMOVIE001_PRIME_17,2017-02-19 23:39:39,2017-02-20 00:00:59,3.26,12.5,12.96,0.00323,0.00337,117.5,62.42,63.3
ISS_265RF_FMOVIE001_PRIME,2017-03-12 00:02:03,2017-03-12 05:31:39,30.87,7.83,10.15,0.00919,0.01164,132.92,73.48,63.29
ISS_268RF_FMOVIE001_PRIME_1,2017-04-03 23:55:39,2017-04-04 03:40:43,2.37,5.57,12.26,0.00246,0.00445,117.51,58.64,63.28
ISS_268RF_FMOVIE001_PRIME_2,2017-04-04 03:44:59,2017-04-04 04:06:19,3.17,6.04,6.22,0.00279,0.00288,103.25,52.36,63.28
ISS_268RF_FMOVIE001_PRIME_3,2017-04-04 04:08:27,2017-04-04 04:29:47,3.08,6.33,6.49,0.00246,0.00255,102.92,51.14,63.28
ISS_268RF_FMOVIE001_PRIME_4,2017-04-04 04:31:55,2017-04-04 04:53:15,3,6.55,6.69,0.00217,0.00224,102.86,50.14,63.28
ISS_268RF_FMOVIE001_PRIME_5,2017-04-04 04:55:23,2017-04-04 05:16:43,2.95,6.67,6.8,0.00195,0.002,103.02,49.3,63.28
ISS_268RF_FMOVIE001_PRIME_6,2017-04-04 05:18:51,2017-04-04 05:40:11,2.86,6.68,6.79,0.00183,0.00186,103.39,48.68,63.28
ISS_268RF_FMOVIE001_PRIME_7,2017-04-04 05:42:19,2017-04-04 06:03:39,2.81,6.57,6.68,0.00181,0.00184,103.94,48.28,63.28
ISS_268RF_FMOVIE001_PRIME_8,2017-04-04 06:06:51,2017-04-04 06:28:11,2.51,6.38,6.48,0.00188,0.00193,104.65,48.14,63.28
ISS_268RF_FMOVIE001_PRIME_9,2017-04-04 06:34:35,2017-04-04 08:16:59,2.18,4.72,7.66,0.00307,0.00349,100.02,52.58,63.28
ISS_272RF_FMOVIE001_PRIME,2017-05-01 01:44:27,2017-05-01 09:24:11,55.12,5.92,7.85,0.00792,0.01082,135.14,74.02,63.27
ISS_274RF_FMOVIE001_PRIME,2017-05-13 13:46:35,2017-05-13 18:32:27,37.02,6.74,10.02,0.01145,0.01411,139.2,77.28,63.27
ISS_274RF_FMOVIE002_PRIME,2017-05-14 00:07:23,2017-05-14 11:27:55,78.77,5.71,9.58,0.00611,0.00914,127.58,72.21,63.27
IOSIC_276RB_COMPLITB4001_SI,2017-05-26 20:28:43,2017-05-27 06:29:15,91.84,56.75,155.45,0.05362,0.10386,129.19,72.73,63.27
ISS_276RI_HIRESAFRG001_PRIME_1,2017-05-28 01:29:31,2017-05-28 02:59:07,10.77,3.07,3.36,0.00221,0.00262,119.32,56.88,63.27
ISS_276RI_HIRESAFRG001_PRIME_2,2017-05-28 03:08:43,2017-05-28 04:25:31,9.39,4.12,4.38,0.00224,0.00254,107.4,59.09,63.27
ISS_277RI_HIRESAFRG001_PRIME,2017-06-03 15:40:43,2017-06-03 17:32:43,13.17,2.35,2.81,0.00134,0.00161,96.71,48.43,63.27
ISS_283RA_COMPLITA2001_CIRS,2017-07-12 01:23:07,2017-07-12 04:27:39,34.61,38.69,54.98,0.03022,0.04025,119.29,62.31,63.28
ISS_286RI_CASDIVLIT001_CIRS,2017-07-31 00:06:19,2017-07-31 00:52:11,5.92,11.33,11.85,0.00231,0.00245,128.64,66.34,63.29
ISS_286RI_PROPRETRG001_PRIME,2017-07-31 01:04:59,2017-07-31 01:29:31,4.1,5.93,6.5,0.00558,0.00575,128.87,68.26,63.29
ISS_287RI_COMPLITCD001_CIRS,2017-08-06 05:17:47,2017-08-06 05:40:11,4.83,6.04,6.51,0.00786,0.00816,133.34,71.84,63.29
ISS_287RI_PROPRETRG001_PRIME,2017-08-07 10:03:39,2017-08-07 10:33:31,3.68,2.01,2.14,0.00097,0.00102,91.77,39.16,63.29
ISS_289RF_FMOVIE001_PRIME,2017-08-18 21:23:07,2017-08-19 12:07:23,100,5.32,7.14,0.00586,0.0098,134.44,71.5,63.3
ISS_292RF_FMOVIE001_PRIME,2017-09-06 11:47:07,2017-09-07 02:15:23,100,7.21,9.08,0.01071,0.01572,140.29,77.05,63.31
ISS_292RI_CASDIVLIT001_CIRS,2017-09-07 17:20:59,2017-09-07 17:38:03,2.88,10.45,10.66,0.00354,0.00386,130.02,67.02,63.32
ISS_292RI_PROPRETRG001_PRIME,2017-09-07 21:22:03,2017-09-07 21:51:55,5.31,5.18,5.52,0.00529,0.00546,129.37,67.17,63.31
