TARGET_NAME,score,set1_opus_id,set2_opus_id,d_phase,d_incidence,d_emission,d_sub_solar_lat,d_sub_obs_lat,d_sub_solar_lon,d_sub_obs_lon,set1_name,set1_volume,set1_file,set1_filter,set1_instrument,set1_phase,set1_incidence,set1_emission,set1_sub_solar_lat,set1_sub_obs_lat,set1_sub_solar_lon,set1_sub_obs_lon,set1_resolution_km_px,set1_fov_fraction,set2_name,set2_volume,set2_file,set2_filter,set2_instrument,set2_phase,set2_incidence,set2_emission,set2_sub_solar_lat,set2_sub_obs_lat,set2_sub_solar_lon,set2_sub_obs_lon,set2_resolution_km_px,set2_fov_fraction
DIONE,4.789343196096926,co-iss-n1578107671,co-iss-w1578108119,0.44600000000000506,4.157499999999999,2.2279999999999944,0.0009999999999994458,0.11899999999999977,0.6819999999999595,0.1039999999999992,COISS NAC,COISS_2041,data/1577984770_1578209021/N1578107671_3.LBL,"CL1,CL2",ISSNA,36.779,60.811,44.713,-8.995,-25.533,359.91,34.509,1.90324,0.5761146124503478,COISS WAC,COISS_2041,data/1577984770_1578209021/W1578108119_1.LBL,"CL1,CL2",ISSWA,36.333,56.6535,42.48500000000001,-8.994,-25.652,0.592,34.613,19.28689,0.056851279547920894
DIONE,5.115934836371548,co-iss-n1578108658,co-iss-w1578108119,0.5339999999999989,4.372,2.4634999999999962,0.0,0.12399999999999878,0.82,0.12899999999999778,COISS NAC,COISS_2041,data/1577984770_1578209021/N1578108658_1.LBL,"CL1,CL2",ISSNA,35.799,61.0255,44.9485,-8.994,-25.776,1.412,34.742,1.96979,0.5566503916661167,COISS WAC,COISS_2041,data/1577984770_1578209021/W1578108119_1.LBL,"CL1,CL2",ISSWA,36.333,56.6535,42.48500000000001,-8.994,-25.652,0.592,34.613,19.28689,0.056851279547920894
DIONE,5.451393950174568,co-iss-n1578107532,co-iss-w1578108119,0.5840000000000032,4.671999999999997,2.589999999999989,0.0009999999999994458,0.15900000000000247,0.8929999999999723,0.134999999999998,COISS NAC,COISS_2041,data/1577984770_1578209021/N1578107532_1.LBL,"CL1,CL2",ISSNA,36.917,61.3255,45.074999999999996,-8.995,-25.493,359.699,34.478,1.89379,0.5789894206855036,COISS WAC,COISS_2041,data/1577984770_1578209021/W1578108119_1.LBL,"CL1,CL2",ISSWA,36.333,56.6535,42.48500000000001,-8.994,-25.652,0.592,34.613,19.28689,0.056851279547920894
DIONE,5.621779433595729,co-iss-n1578108751,co-iss-w1578108119,0.625,4.937999999999995,2.4209999999999923,0.0,0.14300000000000068,0.9620000000000001,0.15100000000000335,COISS NAC,COISS_2041,data/1577984770_1578209021/N1578108751_1.LBL,"CL1,CL2",ISSNA,35.708,61.591499999999996,44.906,-8.994,-25.795,1.554,34.764,1.97601,0.5548981913046999,COISS WAC,COISS_2041,data/1577984770_1578209021/W1578108119_1.LBL,"CL1,CL2",ISSWA,36.333,56.6535,42.48500000000001,-8.994,-25.652,0.592,34.613,19.28689,0.056851279547920894
ENCELADUS,2.385298566217659,co-iss-n1516160668,co-iss-w1516160576,0.027000000000001023,1.8145000000000024,1.5040000000000049,0.0,0.0030000000000000027,0.27899999999999636,0.23799999999999955,COISS NAC,COISS_2019,data/1516036945_1516171123/N1516160668_1.LBL,"CL1,CL2",ISSNA,23.045,55.0735,44.751000000000005,-18.957,-0.427,241.25,227.272,0.89624,0.5493872316566991,COISS WAC,COISS_2019,data/1516036945_1516171123/W1516160576_1.LBL,"CL1,CL2",ISSWA,23.018,53.259,43.247,-18.957,-0.43,240.971,227.034,8.94249,0.05506104144371422
ENCELADUS,2.7584023002455567,co-iss-n1516160576,co-iss-w1516160576,0.0,1.866499999999995,2.030999999999999,0.0,0.0,0.0,0.0,COISS NAC,COISS_2019,data/1516036945_1516171123/N1516160576_1.LBL,"CL1,CL2",ISSNA,23.018,55.125499999999995,45.278,-18.957,-0.43,240.971,227.034,0.89651,0.5492217738787074,COISS WAC,COISS_2019,data/1516036945_1516171123/W1516160576_1.LBL,"CL1,CL2",ISSWA,23.018,53.259,43.247,-18.957,-0.43,240.971,227.034,8.94249,0.05506104144371422
ENCELADUS,2.778573419940512,co-iss-n1516171174,co-iss-w1516170655,0.7390000000000008,1.9500000000000028,0.6754999999999995,0.0,0.019000000000000003,1.5779999999999745,0.6519999999999868,COISS NAC,COISS_2019,data/1516171140_1516221884/N1516171174_1.LBL,"CL1,CL2",ISSNA,31.879,60.801,44.755,-18.955,-0.043,273.197,247.028,1.86706,0.263720936927576,COISS WAC,COISS_2019,data/1516036945_1516171123/W1516170655_1.LBL,"CL1,CL2",ISSWA,31.14,58.851,44.0795,-18.955,-0.062,271.619,246.376,9.26385,0.05315099148842004
ENCELADUS,2.906940186863126,co-iss-n1516171418,co-iss-w1516170655,1.0970000000000013,0.8109999999999999,0.5584999999999951,0.0,0.027999999999999997,2.31899999999996,0.9480000000000075,COISS NAC,COISS_2019,data/1516171140_1516221884/N1516171418_1.LBL,"CL1,CL2",ISSNA,32.237,59.662,44.638,-18.955,-0.034,273.938,247.324,0.9359,0.5261062212843253,COISS WAC,COISS_2019,data/1516036945_1516171123/W1516170655_1.LBL,"CL1,CL2",ISSWA,31.14,58.851,44.0795,-18.955,-0.062,271.619,246.376,9.26385,0.05315099148842004
ENCELADUS,2.9647190423377383,co-iss-n1516160530,co-iss-w1516160576,0.013000000000001677,2.719999999999999,1.1649999999999991,0.0,0.0020000000000000018,0.14000000000001478,0.11899999999999977,COISS NAC,COISS_2019,data/1516036945_1516171123/N1516160530_1.LBL,"CL1,CL2",ISSNA,23.005,55.979,44.412,-18.957,-0.432,240.831,226.915,0.89665,0.5491360201862489,COISS WAC,COISS_2019,data/1516036945_1516171123/W1516160576_1.LBL,"CL1,CL2",ISSWA,23.018,53.259,43.247,-18.957,-0.43,240.971,227.034,8.94249,0.05506104144371422
ENCELADUS,3.172535460794726,co-iss-n1516160760,co-iss-w1516160576,0.054999999999999716,2.718499999999999,1.4609999999999985,0.0,0.006000000000000005,0.5589999999999975,0.47400000000001796,COISS NAC,COISS_2019,data/1516036945_1516171123/N1516160760_1.LBL,"CL1,CL2",ISSNA,23.073,55.9775,44.708,-18.957,-0.424,241.53,227.508,0.89598,0.5495466556173129,COISS WAC,COISS_2019,data/1516036945_1516171123/W1516160576_1.LBL,"CL1,CL2",ISSWA,23.018,53.259,43.247,-18.957,-0.43,240.971,227.034,8.94249,0.05506104144371422
ENCELADUS,3.5026685898040673,co-iss-n1823505159,co-iss-w1823505159,0.0,2.5465000000000018,2.405000000000001,0.0,0.0,0.0,0.0,COISS NAC,COISS_2100,data/1823467073_1823539379/N1823505159_1.LBL,"CL1,CL2",ISSNA,26.536,57.552,45.1115,25.38,1.225,159.137,170.525,0.49541,0.9938895308936032,COISS WAC,COISS_2100,data/1823467073_1823539379/W1823505159_1.LBL,"CL1,CL2",ISSWA,26.536,55.0055,42.7065,25.38,1.225,159.137,170.525,4.94158,0.09964076520060385
ENCELADUS,3.671127653732574,co-iss-n1516160622,co-iss-w1516160576,0.012999999999998124,3.2375000000000043,1.7210000000000036,0.0,0.0010000000000000009,0.13999999999998636,0.11899999999999977,COISS NAC,COISS_2019,data/1516036945_1516171123/N1516160622_1.LBL,"CL1,CL2",ISSNA,23.031,56.496500000000005,44.968,-18.957,-0.429,241.111,227.153,0.89637,0.5493075543581334,COISS WAC,COISS_2019,data/1516036945_1516171123/W1516160576_1.LBL,"CL1,CL2",ISSWA,23.018,53.259,43.247,-18.957,-0.43,240.971,227.034,8.94249,0.05506104144371422
ENCELADUS,3.8749329349035233,co-iss-n1516160668,co-iss-w1516160760,0.027999999999998693,3.588000000000001,1.4165000000000063,0.0,0.0030000000000000027,0.28000000000000114,0.23600000000001842,COISS NAC,COISS_2019,data/1516036945_1516171123/N1516160668_1.LBL,"CL1,CL2",ISSNA,23.045,55.0735,44.751000000000005,-18.957,-0.427,241.25,227.272,0.89624,0.5493872316566991,COISS WAC,COISS_2019,data/1516036945_1516171123/W1516160760_1.LBL,"CL1,CL2",ISSWA,23.073,51.4855,43.3345,-18.957,-0.424,241.53,227.508,8.93719,0.0550936941589023
ENCELADUS,3.914494667259109,co-iss-n1516160714,co-iss-w1516160576,0.04100000000000037,3.403500000000001,1.853500000000004,0.0,0.0040000000000000036,0.4189999999999827,0.35599999999999454,COISS NAC,COISS_2019,data/1516036945_1516171123/N1516160714_1.LBL,"CL1,CL2",ISSNA,23.059,56.6625,45.100500000000004,-18.957,-0.426,241.39,227.39,0.8961,0.5494730638321615,COISS WAC,COISS_2019,data/1516036945_1516171123/W1516160576_1.LBL,"CL1,CL2",ISSWA,23.018,53.259,43.247,-18.957,-0.43,240.971,227.034,8.94249,0.05506104144371422
ENCELADUS,4.191301736930899,co-iss-n1516160576,co-iss-w1516160760,0.054999999999999716,3.6399999999999935,1.9435000000000002,0.0,0.006000000000000005,0.5589999999999975,0.47400000000001796,COISS NAC,COISS_2019,data/1516036945_1516171123/N1516160576_1.LBL,"CL1,CL2",ISSNA,23.018,55.125499999999995,45.278,-18.957,-0.43,240.971,227.034,0.89651,0.5492217738787074,COISS WAC,COISS_2019,data/1516036945_1516171123/W1516160760_1.LBL,"CL1,CL2",ISSWA,23.073,51.4855,43.3345,-18.957,-0.424,241.53,227.508,8.93719,0.0550936941589023
ENCELADUS,4.697293502645962,co-iss-n1516160760,co-iss-w1516160760,0.0,4.491999999999997,1.3735,0.0,0.0,0.0,0.0,COISS NAC,COISS_2019,data/1516036945_1516171123/N1516160760_1.LBL,"CL1,CL2",ISSNA,23.073,55.9775,44.708,-18.957,-0.424,241.53,227.508,0.89598,0.5495466556173129,COISS WAC,COISS_2019,data/1516036945_1516171123/W1516160760_1.LBL,"CL1,CL2",ISSWA,23.073,51.4855,43.3345,-18.957,-0.424,241.53,227.508,8.93719,0.0550936941589023
ENCELADUS,4.711420857872921,co-iss-n1516160530,co-iss-w1516160760,0.06800000000000139,4.493499999999997,1.0775000000000006,0.0,0.008000000000000007,0.6990000000000123,0.5930000000000177,COISS NAC,COISS_2019,data/1516036945_1516171123/N1516160530_1.LBL,"CL1,CL2",ISSNA,23.005,55.979,44.412,-18.957,-0.432,240.831,226.915,0.89665,0.5491360201862489,COISS WAC,COISS_2019,data/1516036945_1516171123/W1516160760_1.LBL,"CL1,CL2",ISSWA,23.073,51.4855,43.3345,-18.957,-0.424,241.53,227.508,8.93719,0.0550936941589023
ENCELADUS,5.017650172142304,co-iss-n1602280198,co-iss-w1602279510,0.0049999999999954525,3.304499999999976,2.402000000000008,0.0,0.007999999999995566,2.0700000000000003,2.0499999999999545,COISS NAC,COISS_2049,data/1602277538_1602387820/N1602280198_1.LBL,"CL1,CL2",ISSNA,72.813,80.27900000000001,44.359500000000004,-4.708,-62.179,4.916,303.554,0.76999,0.6394665028117249,COISS WAC,COISS_2049,data/1602277538_1602387820/W1602279510_2.LBL,"CL1,CL2",ISSWA,72.808,83.58349999999999,41.957499999999996,-4.708,-62.187,2.846,301.504,7.0084,0.07025609447234747
ENCELADUS,5.027600347084069,co-iss-n1602279883,co-iss-w1602279510,0.001999999999995339,3.7354999999999876,2.9620000000000033,0.0,0.0049999999999954525,1.134,1.1239999999999668,COISS NAC,COISS_2049,data/1602277538_1602387820/N1602279883_2.LBL,"CL1,CL2",ISSNA,72.81,79.848,44.9195,-4.708,-62.182,3.98,302.628,0.73963,0.6657150365723402,COISS WAC,COISS_2049,data/1602277538_1602387820/W1602279510_2.LBL,"CL1,CL2",ISSWA,72.808,83.58349999999999,41.957499999999996,-4.708,-62.187,2.846,301.504,7.0084,0.07025609447234747
ENCELADUS,5.173093199431089,co-iss-n1584051633,co-iss-w1584052593,0.18099999999999739,1.8800000000000097,2.211500000000001,0.0,0.1700000000000017,2.9179999999999993,3.1240000000000236,COISS NAC,COISS_2042,data/1584035653_1584189857/N1584051633_2.LBL,"CL1,CL2",ISSNA,64.685,72.2155,44.4745,-7.95,-69.18,21.207,349.15,0.7825,0.6292432108626198,COISS WAC,COISS_2042,data/1584035653_1584189857/W1584052593_2.LBL,"CL1,CL2",ISSWA,64.504,70.3355,46.686,-7.95,-69.01,24.125,352.274,8.51736,0.05780932266570862
ENCELADUS,5.268410671160691,co-iss-n1602279794,co-iss-w1602279510,0.000999999999990564,3.9679999999999893,3.2340000000000018,0.0,0.003999999999997783,0.8849999999999998,0.8769999999999527,COISS NAC,COISS_2049,data/1602277538_1602387820/N1602279794_1.LBL,"CL1,CL2",ISSNA,72.809,79.6155,45.1915,-4.708,-62.183,3.731,302.381,0.73152,0.6730954895286527,COISS WAC,COISS_2049,data/1602277538_1602387820/W1602279510_2.LBL,"CL1,CL2",ISSWA,72.808,83.58349999999999,41.957499999999996,-4.708,-62.187,2.846,301.504,7.0084,0.07025609447234747
ENCELADUS,5.794068367736082,co-iss-n1602279988,co-iss-w1602279510,0.0030000000000001137,4.386499999999984,3.2040000000000077,0.0,0.006000000000000227,1.4319999999999995,1.4189999999999827,COISS NAC,COISS_2049,data/1602277538_1602387820/N1602279988_1.LBL,"CL1,CL2",ISSNA,72.811,79.197,45.161500000000004,-4.708,-62.181,4.278,302.923,0.74931,0.6571149624321042,COISS WAC,COISS_2049,data/1602277538_1602387820/W1602279510_2.LBL,"CL1,CL2",ISSWA,72.808,83.58349999999999,41.957499999999996,-4.708,-62.187,2.846,301.504,7.0084,0.07025609447234747
ENCELADUS,6.488714067517533,co-iss-n1602280714,co-iss-w1602279510,0.013999999999995794,2.872499999999988,2.9100000000000037,0.0,0.01099999999999568,3.5839999999999996,3.540999999999997,COISS NAC,COISS_2049,data/1602277538_1602387820/N1602280714_1.LBL,"CL1,CL2",ISSNA,72.822,80.711,44.8675,-4.708,-62.176,6.43,305.045,0.81866,0.6014497013412161,COISS WAC,COISS_2049,data/1602277538_1602387820/W1602279510_2.LBL,"CL1,CL2",ISSWA,72.808,83.58349999999999,41.957499999999996,-4.708,-62.187,2.846,301.504,7.0084,0.07025609447234747
ENCELADUS,6.507941648478414,co-iss-n1602280303,co-iss-w1602279510,0.006999999999990791,4.827499999999986,2.7835000000000036,0.0,0.009000000000000341,2.3890000000000002,2.365000000000009,COISS NAC,COISS_2049,data/1602277538_1602387820/N1602280303_2.LBL,"CL1,CL2",ISSNA,72.815,78.756,44.741,-4.708,-62.178,5.235,303.869,0.7803,0.6310173170575419,COISS WAC,COISS_2049,data/1602277538_1602387820/W1602279510_2.LBL,"CL1,CL2",ISSWA,72.808,83.58349999999999,41.957499999999996,-4.708,-62.187,2.846,301.504,7.0084,0.07025609447234747
ENCELADUS,6.916942478436547,co-iss-n1602280440,co-iss-w1602279510,0.007999999999995566,4.758999999999986,3.197500000000005,0.0,0.00999999999999801,2.7510000000000003,2.7210000000000036,COISS NAC,COISS_2049,data/1602277538_1602387820/N1602280440_2.LBL,"CL1,CL2",ISSNA,72.816,78.8245,45.155,-4.708,-62.177,5.597,304.225,0.79195,0.621734721257655,COISS WAC,COISS_2049,data/1602277538_1602387820/W1602279510_2.LBL,"CL1,CL2",ISSWA,72.808,83.58349999999999,41.957499999999996,-4.708,-62.187,2.846,301.504,7.0084,0.07025609447234747
ENCELADUS,7.398252192241079,co-iss-n1602280577,co-iss-w1602279510,0.01099999999999568,4.985499999999988,3.167500000000004,0.0,0.00999999999999801,3.168,3.132000000000005,COISS NAC,COISS_2049,data/1602277538_1602387820/N1602280577_2.LBL,"CL1,CL2",ISSNA,72.819,78.598,45.125,-4.708,-62.177,6.014,304.636,0.80533,0.6114050296151888,COISS WAC,COISS_2049,data/1602277538_1602387820/W1602279510_2.LBL,"CL1,CL2",ISSWA,72.808,83.58349999999999,41.957499999999996,-4.708,-62.187,2.846,301.504,7.0084,0.07025609447234747
ENCELADUS,7.449982567093691,co-iss-n1602281109,co-iss-w1602279510,0.022999999999996135,1.22499999999998,2.9725000000000037,0.0,0.012000000000000455,4.785,4.718999999999994,COISS NAC,COISS_2049,data/1602277538_1602387820/N1602281109_2.LBL,"CL1,CL2",ISSNA,72.831,82.3585,44.93,-4.708,-62.175,7.631,306.223,0.85688,0.5746228322518906,COISS WAC,COISS_2049,data/1602277538_1602387820/W1602279510_2.LBL,"CL1,CL2",ISSWA,72.808,83.58349999999999,41.957499999999996,-4.708,-62.187,2.846,301.504,7.0084,0.07025609447234747
ENCELADUS,8.053565375037305,co-iss-n1602280972,co-iss-w1602279510,0.01999999999999602,4.437999999999988,2.738500000000009,0.0,0.012000000000000455,4.368,4.310999999999979,COISS NAC,COISS_2049,data/1602277538_1602387820/N1602280972_2.LBL,"CL1,CL2",ISSNA,72.828,79.1455,44.696000000000005,-4.708,-62.175,7.214,305.815,0.84367,0.583620150651321,COISS WAC,COISS_2049,data/1602277538_1602387820/W1602279510_2.LBL,"CL1,CL2",ISSWA,72.808,83.58349999999999,41.957499999999996,-4.708,-62.187,2.846,301.504,7.0084,0.07025609447234747
RHEA,3.485982214527204,co-iss-n1594711972,co-iss-w1594711972,0.0,1.6059999999999945,3.094000000000001,0.0,0.0,0.0,0.0,COISS NAC,COISS_2047,data/1594708868_1594889264/N1594711972_1.LBL,"CL1,CL2",ISSNA,31.465,59.635,45.056,-5.806,24.823,359.649,352.23,2.9797,0.5004567364164177,COISS WAC,COISS_2047,data/1594708868_1594889264/W1594711972_1.LBL,"CL1,CL2",ISSWA,31.465,58.029,41.961999999999996,-5.806,24.823,359.649,352.23,29.72189,0.050172143746578704
RHEA,4.075760971892255,co-iss-n1807489874,co-iss-w1807490408,0.5129999999999981,3.9895000000000067,0.18549999999999756,0.0,0.007000000000000006,0.49200000000001864,0.39500000000003865,COISS NAC,COISS_2096,data/1807466562_1807508845/N1807489874_1.LBL,"CL1,CL2",ISSNA,29.556,56.84,47.4315,24.0,0.221,335.346,317.232,2.99362,0.4981296682611688,COISS WAC,COISS_2096,data/1807466562_1807508845/W1807490408_1.LBL,"CL1,CL2",ISSWA,30.069,52.8505,47.246,24.0,0.228,335.838,316.837,29.74352,0.05013565769955943
TETHYS,5.474842052516214,co-iss-n1607520227,co-iss-w1607520887,0.3059999999999974,4.528500000000008,1.7495000000000047,0.0,1.9939999999999998,1.4559999999999604,0.464999999999975,COISS NAC,COISS_2050,data/1607482567_1607567228/N1607520227_1.LBL,"CL1,CL2",ISSNA,83.926,85.099,45.01,-3.384,61.286,346.66,275.837,1.48175,0.6999219672684327,COISS WAC,COISS_2050,data/1607482567_1607567228/W1607520887_1.LBL,"CL1,CL2",ISSWA,84.232,80.5705,46.7595,-3.384,59.292,348.116,275.372,14.58053,0.07112974459776154
