TARGET_NAME,score,set1_opus_id,set2_opus_id,d_phase,d_incidence,d_emission,d_sub_solar_lat,d_sub_obs_lat,d_sub_solar_lon,d_sub_obs_lon,set1_name,set1_volume,set1_file,set1_filter,set1_instrument,set1_phase,set1_incidence,set1_emission,set1_sub_solar_lat,set1_sub_obs_lat,set1_sub_solar_lon,set1_sub_obs_lon,set1_resolution_km_px,set1_fov_fraction,set2_name,set2_volume,set2_file,set2_filter,set2_instrument,set2_phase,set2_incidence,set2_emission,set2_sub_solar_lat,set2_sub_obs_lat,set2_sub_solar_lon,set2_sub_obs_lon,set2_resolution_km_px,set2_fov_fraction
DIONE,16.28104786246882,co-iss-n1597244970,vg-iss-1-s-c3494502,5.411000000000001,3.092500000000001,0.17749999999999488,9.484,5.774000000000001,9.660000000000025,3.098,Cassini ISS,COISS_2047,data/1597186300_1597397449/N1597244970_3.LBL,"CL1,CL2",ISSNA,43.2,64.6995,44.829499999999996,-5.608,-31.538,327.167,4.109,5.10719,0.21469425946557694,Voyager ISS,VGISS_6113,DATA/C34945XX/C3494502_RAW.LBL,CLEAR,NARROW ANGLE CAMERA,37.789,61.607,44.652,3.876,-25.764,336.827,1.011,2.17716,0.644647155009278
DIONE,16.44405533924041,co-iss-n1597244970,vg-iss-1-s-c3494458,5.7450000000000045,3.253,0.4480000000000075,9.484,5.753,9.368000000000052,3.977,Cassini ISS,COISS_2047,data/1597186300_1597397449/N1597244970_3.LBL,"CL1,CL2",ISSNA,43.2,64.6995,44.829499999999996,-5.608,-31.538,327.167,4.109,5.10719,0.21469425946557694,Voyager ISS,VGISS_6113,DATA/C34944XX/C3494458_RAW.LBL,CLEAR,NARROW ANGLE CAMERA,37.455,61.4465,45.2775,3.876,-25.785,336.535,0.132,2.19975,0.6380270485282419
DIONE,19.92567319439923,co-iss-n1572355600,vg-iss-1-s-c3492526,6.4670000000000005,6.595500000000001,0.8930000000000007,13.866999999999999,3.7699999999999996,5.695999999999998,8.483000000000004,Cassini ISS,COISS_2038,data/1572235642_1572371574/N1572355600_1.LBL,"CL1,CL2",ISSNA,13.547,52.522,45.7845,-10.001,1.769,245.221,238.471,12.44185,0.08812872482789938,Voyager ISS,VGISS_6113,DATA/C34925XX/C3492526_RAW.LBL,CLEAR,NARROW ANGLE CAMERA,7.08,45.9265,44.8915,3.866,-2.001,250.917,246.954,7.34701,0.19103009251382533
DIONE,20.39005868677185,co-iss-w1711614084,vg-iss-1-s-c3490807,8.642,0.18299999999999983,3.177500000000002,9.872,4.287,14.275000000000006,3.366000000000014,Cassini ISS,COISS_2073,data/1711606779_1711673901/W1711614084_1.LBL,"CL1,CL2",ISSWA,15.631,49.72,43.513,13.732,-0.427,160.713,154.026,4.70874,0.23286152452673115,Voyager ISS,VGISS_6113,DATA/C34908XX/C3490807_RAW.LBL,CLEAR,NARROW ANGLE CAMERA,24.273,49.903,46.6905,3.86,3.86,174.988,150.66,13.83528,0.10144355589478492
DIONE,21.085543774112157,co-iss-n1577179689,vg-iss-2-s-c4397721,2.0139999999999993,3.2010000000000005,2.5534999999999997,17.214,0.2859999999999996,11.217000000000002,1.2460000000000004,Cassini ISS,COISS_2040,data/1577179689_1577437700/N1577179689_3.LBL,"CL1,CL2",ISSNA,25.834,51.954,44.701,-9.156,12.789,27.495,13.767,14.28687,0.07674769736128347,Voyager ISS,VGISS_6213,DATA/C43977XX/C4397721_RAW.LBL,CLEAR,NARROW ANGLE CAMERA,23.82,55.155,47.2545,8.058,13.075,38.712,15.013,14.51816,0.09667203006441587
DIONE,25.34056981403536,co-iss-w1822294660,vg-iss-1-s-c3490043,8.794,7.546500000000002,0.39049999999999585,21.459,2.556,4.11699999999999,4.872,Cassini ISS,COISS_2099,data/1822284452_1822296442/W1822294660_1.LBL,"CL1,CL2",ISSWA,34.988,60.855,44.3825,25.316,1.923,138.422,111.411,2.98165,0.36774416011268923,Voyager ISS,VGISS_6113,DATA/C34900XX/C3490043_RAW.LBL,CLEAR,NARROW ANGLE CAMERA,26.194,53.308499999999995,44.772999999999996,3.857,4.479,142.539,116.283,18.38525,0.0763383690730341
DIONE,26.492914137557616,co-iss-w1507734588,vg-iss-1-s-c3490807,1.3840000000000003,1.2434999999999974,1.1524999999999963,23.963,4.729,1.7769999999999868,9.866000000000014,Cassini ISS,COISS_2016,data/1507534214_1507739456/W1507734588_2.LBL,"CL1,CL2",ISSWA,22.889,51.146499999999996,45.538000000000004,-20.103,-0.869,173.211,160.526,6.38083,0.17184039928974756,Voyager ISS,VGISS_6113,DATA/C34908XX/C3490807_RAW.LBL,CLEAR,NARROW ANGLE CAMERA,24.273,49.903,46.6905,3.86,3.86,174.988,150.66,13.83528,0.10144355589478492
ENCELADUS,12.884345200668898,co-iss-n1669852642,vg-iss-1-s-c3492956,6.746,0.9079999999999941,3.3044999999999973,3.279,5.1930000000000005,7.259999999999991,4.2809999999999775,Cassini ISS,COISS_2066,data/1669801294_1669905403/N1669852642_1.LBL,"CL1,CL2",ISSNA,7.141,47.0245,43.3555,7.146,0.073,259.312,260.256,2.66481,0.1847722023333746,Voyager ISS,VGISS_6113,DATA/C34929XX/C3492956_RAW.LBL,CLEAR,NARROW ANGLE CAMERA,13.887,47.9325,46.66,3.867,-5.12,266.572,255.975,6.30776,0.09991661065100765
ENCELADUS,16.264319244899244,co-iss-n1669856551,vg-iss-1-s-c3492956,6.3870000000000005,0.2875000000000014,1.4354999999999976,3.2800000000000002,5.187,4.625,12.748999999999995,Cassini ISS,COISS_2066,data/1669801294_1669905403/N1669856551_1.LBL,"CL1,CL2",ISSNA,7.5,48.22,45.2245,7.147,0.067,271.197,268.724,3.05526,0.16115905438489686,Voyager ISS,VGISS_6113,DATA/C34929XX/C3492956_RAW.LBL,CLEAR,NARROW ANGLE CAMERA,13.887,47.9325,46.66,3.867,-5.12,266.572,255.975,6.30776,0.09991661065100765
ENCELADUS,16.902480010341684,co-iss-n1669850329,vg-iss-1-s-c3492956,6.255000000000001,0.8804999999999978,1.7494999999999976,3.279,5.197,14.293000000000006,0.8259999999999934,Cassini ISS,COISS_2066,data/1669801294_1669905403/N1669850329_1.LBL,"CL1,CL2",ISSNA,7.632,47.052,44.9105,7.146,0.077,252.279,255.149,2.43989,0.20180533241252677,Voyager ISS,VGISS_6113,DATA/C34929XX/C3492956_RAW.LBL,CLEAR,NARROW ANGLE CAMERA,13.887,47.9325,46.66,3.867,-5.12,266.572,255.975,6.30776,0.09991661065100765
ENCELADUS,17.800824826395015,co-iss-n1606764338,vg-iss-2-s-c4400420,6.736000000000004,1.9454999999999956,0.907500000000006,11.976,2.728999999999999,7.881000000000029,7.342000000000041,Cassini ISS,COISS_2050,data/1606686151_1606796995/N1606764338_2.LBL,"CL1,CL2",ISSNA,47.213,67.524,44.293,-3.907,41.522,318.994,333.109,6.12431,0.08039808770294123,Voyager ISS,VGISS_6214,DATA/C44004XX/C4400420_RAW.LBL,CLEAR,NARROW ANGLE CAMERA,40.477,65.5785,45.200500000000005,8.069,38.793,311.113,340.451,1.06717,0.5905806947346721
ENCELADUS,17.98320266943575,co-iss-n1669856551,vg-iss-1-s-c3493157,6.4510000000000005,3.9025000000000034,0.6729999999999947,3.2790000000000004,6.726,13.035000000000025,6.340000000000032,Cassini ISS,COISS_2066,data/1669801294_1669905403/N1669856551_1.LBL,"CL1,CL2",ISSNA,7.5,48.22,45.2245,7.147,0.067,271.197,268.724,3.05526,0.16115905438489686,Voyager ISS,VGISS_6113,DATA/C34931XX/C3493157_RAW.LBL,CLEAR,NARROW ANGLE CAMERA,13.951,52.1225,45.897499999999994,3.868,-6.659,284.232,275.064,6.02804,0.10455305538782092
ENCELADUS,19.736139319785934,co-iss-n1592198755,vg-iss-2-s-c4400420,5.209000000000003,0.4714999999999918,0.9020000000000081,14.578000000000001,2.168999999999997,1.322999999999979,11.932000000000016,Cassini ISS,COISS_2045,data/1592159040_1592415177/N1592198755_2.LBL,"CL1,CL2",ISSNA,45.686,66.05,44.2985,-6.509,36.624,312.436,328.519,5.39884,0.09120159376829097,Voyager ISS,VGISS_6214,DATA/C44004XX/C4400420_RAW.LBL,CLEAR,NARROW ANGLE CAMERA,40.477,65.5785,45.200500000000005,8.069,38.793,311.113,340.451,1.06717,0.5905806947346721
ENCELADUS,21.239456655008848,co-iss-n1663942614,vg-iss-1-s-c3493157,9.934000000000001,7.763000000000005,2.046999999999997,2.2840000000000003,9.251999999999999,5.579999999999984,12.884999999999991,Cassini ISS,COISS_2065,data/1663878634_1663946221/N1663942614_1.LBL,"CL1,CL2",ISSNA,4.017,44.3595,43.8505,6.152,2.593,289.812,287.949,3.33592,0.1476003059126118,Voyager ISS,VGISS_6113,DATA/C34931XX/C3493157_RAW.LBL,CLEAR,NARROW ANGLE CAMERA,13.951,52.1225,45.897499999999994,3.868,-6.659,284.232,275.064,6.02804,0.10455305538782092
ENCELADUS,21.812663598240327,co-iss-n1663943419,vg-iss-1-s-c3493157,9.31,5.548000000000009,0.10949999999998994,2.2840000000000003,9.183,8.026999999999987,14.294999999999959,Cassini ISS,COISS_2065,data/1663878634_1663946221/N1663943419_1.LBL,"CL1,CL2",ISSNA,4.641,46.57449999999999,45.788000000000004,6.152,2.524,292.259,289.359,3.41585,0.1441464972115286,Voyager ISS,VGISS_6113,DATA/C34931XX/C3493157_RAW.LBL,CLEAR,NARROW ANGLE CAMERA,13.951,52.1225,45.897499999999994,3.868,-6.659,284.232,275.064,6.02804,0.10455305538782092
ENCELADUS,21.850110846400742,co-iss-n1663943584,vg-iss-1-s-c3493157,9.166,4.132000000000005,1.2589999999999932,2.2840000000000003,9.169,8.528999999999996,14.58499999999998,Cassini ISS,COISS_2065,data/1663878634_1663946221/N1663943584_1.LBL,"CL1,CL2",ISSNA,4.785,47.9905,44.6385,6.152,2.51,292.761,289.649,3.43223,0.14345857139527363,Voyager ISS,VGISS_6113,DATA/C34931XX/C3493157_RAW.LBL,CLEAR,NARROW ANGLE CAMERA,13.951,52.1225,45.897499999999994,3.868,-6.659,284.232,275.064,6.02804,0.10455305538782092
ENCELADUS,21.942503030648037,co-iss-n1663943650,vg-iss-1-s-c3493157,9.107,3.9284999999999997,1.2549999999999955,2.2840000000000003,9.164,8.729999999999961,14.700999999999965,Cassini ISS,COISS_2065,data/1663878634_1663946221/N1663943650_1.LBL,"CL1,CL2",ISSNA,4.844,48.194,44.6425,6.152,2.505,292.962,289.765,3.43879,0.1431849029745928,Voyager ISS,VGISS_6113,DATA/C34931XX/C3493157_RAW.LBL,CLEAR,NARROW ANGLE CAMERA,13.951,52.1225,45.897499999999994,3.868,-6.659,284.232,275.064,6.02804,0.10455305538782092
ENCELADUS,22.03278825409983,co-iss-n1663943518,vg-iss-1-s-c3493157,9.224,5.558,1.1684999999999945,2.2840000000000003,9.175,8.327999999999975,14.468999999999994,Cassini ISS,COISS_2065,data/1663878634_1663946221/N1663943518_1.LBL,"CL1,CL2",ISSNA,4.727,46.5645,44.729,6.152,2.516,292.56,289.533,3.42568,0.143732868364821,Voyager ISS,VGISS_6113,DATA/C34931XX/C3493157_RAW.LBL,CLEAR,NARROW ANGLE CAMERA,13.951,52.1225,45.897499999999994,3.868,-6.659,284.232,275.064,6.02804,0.10455305538782092
ENCELADUS,22.177701329263122,co-iss-n1663943551,vg-iss-1-s-c3493157,9.195,5.8955000000000055,1.0589999999999904,2.2840000000000003,9.172,8.428999999999974,14.526999999999987,Cassini ISS,COISS_2065,data/1663878634_1663946221/N1663943551_1.LBL,"CL1,CL2",ISSNA,4.756,46.227,44.8385,6.152,2.513,292.661,289.591,3.42896,0.143595379502823,Voyager ISS,VGISS_6113,DATA/C34931XX/C3493157_RAW.LBL,CLEAR,NARROW ANGLE CAMERA,13.951,52.1225,45.897499999999994,3.868,-6.659,284.232,275.064,6.02804,0.10455305538782092
ENCELADUS,22.18953636288957,co-iss-n1663943617,vg-iss-1-s-c3493157,9.136,5.463000000000001,0.9679999999999893,2.2840000000000003,9.167,8.628999999999962,14.642999999999972,Cassini ISS,COISS_2065,data/1663878634_1663946221/N1663943617_1.LBL,"CL1,CL2",ISSNA,4.815,46.6595,44.929500000000004,6.152,2.508,292.861,289.707,3.43551,0.14332160654458873,Voyager ISS,VGISS_6113,DATA/C34931XX/C3493157_RAW.LBL,CLEAR,NARROW ANGLE CAMERA,13.951,52.1225,45.897499999999994,3.868,-6.659,284.232,275.064,6.02804,0.10455305538782092
ENCELADUS,22.40019054606454,co-iss-n1663943485,vg-iss-1-s-c3493157,9.253,7.163499999999999,0.07449999999999335,2.2840000000000003,9.178,8.227999999999952,14.411000000000001,Cassini ISS,COISS_2065,data/1663878634_1663946221/N1663943485_1.LBL,"CL1,CL2",ISSNA,4.698,44.959,45.823,6.152,2.519,292.46,289.475,3.4224,0.14387062076320709,Voyager ISS,VGISS_6113,DATA/C34931XX/C3493157_RAW.LBL,CLEAR,NARROW ANGLE CAMERA,13.951,52.1225,45.897499999999994,3.868,-6.659,284.232,275.064,6.02804,0.10455305538782092
ENCELADUS,23.14662055786975,co-iss-n1663943452,vg-iss-1-s-c3493157,9.282,9.270000000000003,1.454499999999996,2.2840000000000003,9.18,8.127999999999986,14.352999999999952,Cassini ISS,COISS_2065,data/1663878634_1663946221/N1663943452_1.LBL,"CL1,CL2",ISSNA,4.669,42.8525,44.443,6.152,2.521,292.36,289.417,3.41913,0.14400821627139068,Voyager ISS,VGISS_6113,DATA/C34931XX/C3493157_RAW.LBL,CLEAR,NARROW ANGLE CAMERA,13.951,52.1225,45.897499999999994,3.868,-6.659,284.232,275.064,6.02804,0.10455305538782092
ENCELADUS,24.072521803915762,co-iss-n1583755555,vg-iss-2-s-c4399312,8.257999999999996,2.014000000000003,2.7779999999999916,16.071,4.969000000000001,12.635999999999996,7.542000000000002,Cassini ISS,COISS_2042,data/1583421206_1583798789/N1583755555_2.LBL,"CL1,CL2",ISSNA,49.91,64.4025,42.118500000000004,-8.005,40.09,200.979,186.538,7.78138,0.06327705529096381,Voyager ISS,VGISS_6213,DATA/C43993XX/C4399312_RAW.LBL,CLEAR,NARROW ANGLE CAMERA,41.652,62.3885,44.896499999999996,8.066,35.121,213.615,178.996,3.67976,0.17127475704937278
MIMAS,28.431819094106512,co-iss-n1501638509,vg-iss-1-s-c3493615,5.155999999999999,0.6680000000000064,0.2820000000000036,24.9,4.093999999999998,10.730999999999995,5.415999999999997,Cassini ISS,COISS_2014,data/1501618408_1501647096/N1501638509_1.LBL,"CL1,CL2",ISSNA,44.379,65.66050000000001,45.003,-19.457,-22.639,229.32,181.69,0.62082,0.6235452707709158,Voyager ISS,VGISS_6113,DATA/C34936XX/C3493615_RAW.LBL,CLEAR,NARROW ANGLE CAMERA,39.223,64.9925,45.285000000000004,5.443,-18.545,218.589,187.106,2.79486,0.17728973902091696
MIMAS,28.793012351089626,co-iss-n1501637645,vg-iss-1-s-c3493615,5.756999999999998,0.7749999999999915,0.46450000000000813,24.9,5.236999999999998,6.911000000000001,9.994,Cassini ISS,COISS_2014,data/1501618408_1501647096/N1501637645_1.LBL,"CL1,CL2",ISSNA,44.98,65.7675,44.820499999999996,-19.457,-23.782,225.5,177.112,0.66176,0.5849694375604448,Voyager ISS,VGISS_6113,DATA/C34936XX/C3493615_RAW.LBL,CLEAR,NARROW ANGLE CAMERA,39.223,64.9925,45.285000000000004,5.443,-18.545,218.589,187.106,2.79486,0.17728973902091696
MIMAS,28.890507788026152,co-iss-n1501637585,vg-iss-1-s-c3493615,5.798000000000002,1.4809999999999945,0.49550000000000693,24.9,5.306999999999999,6.64500000000001,10.308999999999997,Cassini ISS,COISS_2014,data/1501618408_1501647096/N1501637585_1.LBL,"CL1,CL2",ISSNA,45.021,66.4735,44.7895,-19.457,-23.852,225.234,176.797,0.66471,0.5823733282183207,Voyager ISS,VGISS_6113,DATA/C34936XX/C3493615_RAW.LBL,CLEAR,NARROW ANGLE CAMERA,39.223,64.9925,45.285000000000004,5.443,-18.545,218.589,187.106,2.79486,0.17728973902091696
MIMAS,28.967460537644644,co-iss-n1501637525,vg-iss-1-s-c3493615,5.838000000000001,1.5989999999999895,0.018000000000000682,24.9,5.375,6.3799999999999955,10.623999999999995,Cassini ISS,COISS_2014,data/1501618408_1501647096/N1501637525_1.LBL,"CL1,CL2",ISSNA,45.061,66.5915,45.303000000000004,-19.457,-23.92,224.969,176.482,0.66767,0.5797914763281261,Voyager ISS,VGISS_6113,DATA/C34936XX/C3493615_RAW.LBL,CLEAR,NARROW ANGLE CAMERA,39.223,64.9925,45.285000000000004,5.443,-18.545,218.589,187.106,2.79486,0.17728973902091696
MIMAS,29.100408974789328,co-iss-n1501637405,vg-iss-1-s-c3493615,5.917000000000002,0.7314999999999827,0.34850000000000136,24.9,5.507999999999999,5.8489999999999895,11.251999999999981,Cassini ISS,COISS_2014,data/1501618408_1501647096/N1501637405_1.LBL,"CL1,CL2",ISSNA,45.14,65.72399999999999,44.9365,-19.457,-24.053,224.438,175.854,0.67362,0.5746702517739972,Voyager ISS,VGISS_6113,DATA/C34936XX/C3493615_RAW.LBL,CLEAR,NARROW ANGLE CAMERA,39.223,64.9925,45.285000000000004,5.443,-18.545,218.589,187.106,2.79486,0.17728973902091696
MIMAS,29.102948544778066,co-iss-n1501637465,vg-iss-1-s-c3493615,5.878,2.397999999999996,0.003999999999997783,24.9,5.441999999999997,6.115000000000009,10.938999999999993,Cassini ISS,COISS_2014,data/1501618408_1501647096/N1501637465_1.LBL,"CL1,CL2",ISSNA,45.101,67.3905,45.289,-19.457,-23.987,224.704,176.167,0.67064,0.5772238086007395,Voyager ISS,VGISS_6113,DATA/C34936XX/C3493615_RAW.LBL,CLEAR,NARROW ANGLE CAMERA,39.223,64.9925,45.285000000000004,5.443,-18.545,218.589,187.106,2.79486,0.17728973902091696
MIMAS,29.195005364787995,co-iss-n1501637345,vg-iss-1-s-c3493615,5.957000000000001,0.9084999999999894,0.12400000000000233,24.9,5.572999999999997,5.584000000000003,11.566000000000003,Cassini ISS,COISS_2014,data/1501618408_1501647096/N1501637345_1.LBL,"CL1,CL2",ISSNA,45.18,65.901,45.161,-19.457,-24.118,224.173,175.54,0.67662,0.5721222769057964,Voyager ISS,VGISS_6113,DATA/C34936XX/C3493615_RAW.LBL,CLEAR,NARROW ANGLE CAMERA,39.223,64.9925,45.285000000000004,5.443,-18.545,218.589,187.106,2.79486,0.17728973902091696
MIMAS,29.29388385823907,co-iss-n1501637285,vg-iss-1-s-c3493615,5.996000000000002,0.7934999999999945,0.6015000000000086,24.9,5.636999999999997,5.318999999999988,11.87899999999999,Cassini ISS,COISS_2014,data/1501618408_1501647096/N1501637285_1.LBL,"CL1,CL2",ISSNA,45.219,65.786,44.683499999999995,-19.457,-24.182,223.908,175.227,0.67963,0.5695884157556318,Voyager ISS,VGISS_6113,DATA/C34936XX/C3493615_RAW.LBL,CLEAR,NARROW ANGLE CAMERA,39.223,64.9925,45.285000000000004,5.443,-18.545,218.589,187.106,2.79486,0.17728973902091696
MIMAS,29.392781248122805,co-iss-n1501637229,vg-iss-1-s-c3493615,6.032000000000004,0.92349999999999,0.6375000000000028,24.9,5.694999999999997,5.070999999999998,12.170999999999992,Cassini ISS,COISS_2014,data/1501618408_1501647096/N1501637229_1.LBL,"CL1,CL2",ISSNA,45.255,65.916,44.6475,-19.457,-24.24,223.66,174.935,0.68246,0.5672264674852738,Voyager ISS,VGISS_6113,DATA/C34936XX/C3493615_RAW.LBL,CLEAR,NARROW ANGLE CAMERA,39.223,64.9925,45.285000000000004,5.443,-18.545,218.589,187.106,2.79486,0.17728973902091696
RHEA,9.18618503514925,co-iss-w1673423216,vg-iss-1-s-c3488407,1.5,3.4384999999999977,0.22750000000000625,4.114000000000001,7.084,0.6510000000000105,1.6520000000000152,Cassini ISS,COISS_2067,data/1673418976_1673425869/W1673423216_1.LBL,"CL1,CL2",ISSWA,15.023,50.772999999999996,45.3865,7.679,-0.955,209.667,197.34,3.6448,0.40913381735623355,Voyager ISS,VGISS_6112,DATA/C34884XX/C3488407_RAW.LBL,CLEAR,NARROW ANGLE CAMERA,13.523,47.3345,45.614000000000004,3.565,6.129,209.016,195.688,22.46229,0.08497575269484992
RHEA,10.179601097292572,co-iss-w1673425433,vg-iss-1-s-c3488407,1.4100000000000001,3.916499999999999,0.9125000000000014,4.114000000000001,6.907,2.695999999999998,3.683000000000021,Cassini ISS,COISS_2067,data/1673418976_1673425869/W1673425433_1.LBL,"CL1,CL2",ISSWA,14.933,51.251,44.7015,7.679,-0.778,211.712,199.371,9.44947,0.1578089498670296,Voyager ISS,VGISS_6112,DATA/C34884XX/C3488407_RAW.LBL,CLEAR,NARROW ANGLE CAMERA,13.523,47.3345,45.614000000000004,3.565,6.129,209.016,195.688,22.46229,0.08497575269484992
RHEA,10.321481591806474,co-iss-w1673419731,vg-iss-1-s-c3488407,1.9719999999999995,4.012999999999998,0.5655000000000072,4.114000000000001,7.742999999999999,2.562999999999988,1.664999999999992,Cassini ISS,COISS_2067,data/1673418976_1673425869/W1673419731_1.LBL,"CL1,CL2",ISSWA,15.495,51.3475,45.0485,7.679,-1.614,206.453,194.023,1.96127,0.7603292445711197,Voyager ISS,VGISS_6112,DATA/C34884XX/C3488407_RAW.LBL,CLEAR,NARROW ANGLE CAMERA,13.523,47.3345,45.614000000000004,3.565,6.129,209.016,195.688,22.46229,0.08497575269484992
RHEA,11.00023867922873,co-iss-w1673419131,vg-iss-1-s-c3488407,2.162000000000001,4.418999999999997,1.0970000000000013,4.114000000000001,7.9879999999999995,3.1159999999999854,2.2709999999999866,Cassini ISS,COISS_2067,data/1673418976_1673425869/W1673419131_1.LBL,"CL1,CL2",ISSWA,15.685,51.753499999999995,44.517,7.679,-1.859,205.9,193.417,1.67276,0.8914673578397379,Voyager ISS,VGISS_6112,DATA/C34884XX/C3488407_RAW.LBL,CLEAR,NARROW ANGLE CAMERA,13.523,47.3345,45.614000000000004,3.565,6.129,209.016,195.688,22.46229,0.08497575269484992
RHEA,11.974470896453015,co-iss-w1673428075,vg-iss-1-s-c3488407,1.3849999999999998,3.7920000000000016,1.0585000000000093,4.115,6.778,5.13300000000001,6.062000000000012,Cassini ISS,COISS_2067,data/1673425957_1673472095/W1673428075_1.LBL,"CL1,CL2",ISSWA,14.908,51.1265,44.555499999999995,7.68,-0.649,214.149,201.75,12.0466,0.12378687243703618,Voyager ISS,VGISS_6112,DATA/C34884XX/C3488407_RAW.LBL,CLEAR,NARROW ANGLE CAMERA,13.523,47.3345,45.614000000000004,3.565,6.129,209.016,195.688,22.46229,0.08497575269484992
RHEA,12.640876927650234,co-iss-w1711686681,vg-iss-1-s-c3488407,3.876999999999999,0.6325000000000003,0.7405000000000044,9.961,6.404999999999999,1.1029999999999802,1.5330000000000155,Cassini ISS,COISS_2073,data/1711681787_1711687639/W1711686681_1.LBL,"CL1,CL2",ISSWA,17.4,47.967,44.8735,13.526,-0.276,207.913,197.221,26.5228,0.05622373721854405,Voyager ISS,VGISS_6112,DATA/C34884XX/C3488407_RAW.LBL,CLEAR,NARROW ANGLE CAMERA,13.523,47.3345,45.614000000000004,3.565,6.129,209.016,195.688,22.46229,0.08497575269484992
RHEA,13.431886148266742,co-iss-n1711686681,vg-iss-1-s-c3488407,3.876999999999999,4.624499999999998,0.4314999999999998,9.961,6.404999999999999,1.1029999999999802,1.5330000000000155,Cassini ISS,COISS_2073,data/1711681787_1711687639/N1711686681_1.LBL,"CL1,CL2",ISSNA,17.4,51.958999999999996,45.182500000000005,13.526,-0.276,207.913,197.221,2.65897,0.5608227763005976,Voyager ISS,VGISS_6112,DATA/C34884XX/C3488407_RAW.LBL,CLEAR,NARROW ANGLE CAMERA,13.523,47.3345,45.614000000000004,3.565,6.129,209.016,195.688,22.46229,0.08497575269484992
RHEA,13.745997362868948,co-iss-n1711685630,vg-iss-1-s-c3488407,4.184000000000001,5.134500000000003,0.7085000000000079,9.961,6.4079999999999995,2.0720000000000027,0.0660000000000025,Cassini ISS,COISS_2073,data/1711681787_1711687639/N1711685630_1.LBL,"CL1,CL2",ISSNA,17.707,52.469,44.905499999999996,13.526,-0.279,206.944,195.754,2.6124,0.5708202945567294,Voyager ISS,VGISS_6112,DATA/C34884XX/C3488407_RAW.LBL,CLEAR,NARROW ANGLE CAMERA,13.523,47.3345,45.614000000000004,3.565,6.129,209.016,195.688,22.46229,0.08497575269484992
RHEA,13.76217799804958,co-iss-n1711685190,vg-iss-1-s-c3488407,4.318999999999999,4.855500000000006,0.6410000000000053,9.961,6.409999999999999,2.47799999999998,0.554000000000002,Cassini ISS,COISS_2073,data/1711681787_1711687639/N1711685190_1.LBL,"CL1,CL2",ISSNA,17.842,52.190000000000005,44.973,13.526,-0.281,206.538,195.134,2.59314,0.5750599418080011,Voyager ISS,VGISS_6112,DATA/C34884XX/C3488407_RAW.LBL,CLEAR,NARROW ANGLE CAMERA,13.523,47.3345,45.614000000000004,3.565,6.129,209.016,195.688,22.46229,0.08497575269484992
RHEA,13.80015754439057,co-iss-n1711685575,vg-iss-1-s-c3488407,4.199999999999999,5.231999999999999,0.7915000000000063,9.961,6.409,2.1229999999999905,0.01099999999999568,Cassini ISS,COISS_2073,data/1711681787_1711687639/N1711685575_1.LBL,"CL1,CL2",ISSNA,17.723,52.5665,44.8225,13.526,-0.28,206.893,195.677,2.60998,0.5713495649391949,Voyager ISS,VGISS_6112,DATA/C34884XX/C3488407_RAW.LBL,CLEAR,NARROW ANGLE CAMERA,13.523,47.3345,45.614000000000004,3.565,6.129,209.016,195.688,22.46229,0.08497575269484992
RHEA,13.814745826471077,co-iss-n1711685685,vg-iss-1-s-c3488407,4.167000000000002,5.293500000000002,1.0360000000000014,9.961,6.4079999999999995,2.0209999999999866,0.14300000000000068,Cassini ISS,COISS_2073,data/1711681787_1711687639/N1711685685_1.LBL,"CL1,CL2",ISSNA,17.69,52.628,44.578,13.526,-0.279,206.995,195.831,2.61482,0.5702920038473012,Voyager ISS,VGISS_6112,DATA/C34884XX/C3488407_RAW.LBL,CLEAR,NARROW ANGLE CAMERA,13.523,47.3345,45.614000000000004,3.565,6.129,209.016,195.688,22.46229,0.08497575269484992
RHEA,13.927736661065932,co-iss-n1711685410,vg-iss-1-s-c3488407,4.251000000000001,5.486500000000007,0.5265000000000057,9.961,6.409,2.2749999999999773,0.24399999999999977,Cassini ISS,COISS_2073,data/1711681787_1711687639/N1711685410_1.LBL,"CL1,CL2",ISSNA,17.774,52.821000000000005,45.0875,13.526,-0.28,206.741,195.444,2.60275,0.5729366775525886,Voyager ISS,VGISS_6112,DATA/C34884XX/C3488407_RAW.LBL,CLEAR,NARROW ANGLE CAMERA,13.523,47.3345,45.614000000000004,3.565,6.129,209.016,195.688,22.46229,0.08497575269484992
RHEA,13.933465613407165,co-iss-n1711684860,vg-iss-1-s-c3488407,4.422000000000001,5.036999999999999,0.3310000000000102,9.961,6.411,2.7819999999999823,1.0219999999999914,Cassini ISS,COISS_2073,data/1711681787_1711687639/N1711684860_1.LBL,"CL1,CL2",ISSNA,17.945,52.3715,45.282999999999994,13.526,-0.282,206.234,194.666,2.57879,0.5782599348919454,Voyager ISS,VGISS_6112,DATA/C34884XX/C3488407_RAW.LBL,CLEAR,NARROW ANGLE CAMERA,13.523,47.3345,45.614000000000004,3.565,6.129,209.016,195.688,22.46229,0.08497575269484992
RHEA,13.948002088112833,co-iss-n1711684695,vg-iss-1-s-c3488407,4.475000000000001,4.875,0.48150000000000404,9.961,6.412,2.9339999999999975,1.2569999999999766,Cassini ISS,COISS_2073,data/1711681787_1711687639/N1711684695_1.LBL,"CL1,CL2",ISSNA,17.998,52.2095,45.1325,13.526,-0.283,206.082,194.431,2.57165,0.5798654317267125,Voyager ISS,VGISS_6112,DATA/C34884XX/C3488407_RAW.LBL,CLEAR,NARROW ANGLE CAMERA,13.523,47.3345,45.614000000000004,3.565,6.129,209.016,195.688,22.46229,0.08497575269484992
RHEA,13.95184873054464,co-iss-n1711685300,vg-iss-1-s-c3488407,4.283999999999999,5.285000000000004,1.5020000000000095,9.961,6.409999999999999,2.3760000000000048,0.3990000000000009,Cassini ISS,COISS_2073,data/1711681787_1711687639/N1711685300_1.LBL,"CL1,CL2",ISSNA,17.807,52.6195,44.111999999999995,13.526,-0.281,206.64,195.289,2.59794,0.573997450864916,Voyager ISS,VGISS_6112,DATA/C34884XX/C3488407_RAW.LBL,CLEAR,NARROW ANGLE CAMERA,13.523,47.3345,45.614000000000004,3.565,6.129,209.016,195.688,22.46229,0.08497575269484992
RHEA,13.99542629754449,co-iss-n1711684640,vg-iss-1-s-c3488407,4.4929999999999986,4.911500000000004,0.7310000000000016,9.961,6.412,2.984999999999985,1.3349999999999795,Cassini ISS,COISS_2073,data/1711681787_1711687639/N1711684640_1.LBL,"CL1,CL2",ISSNA,18.016,52.246,44.883,13.526,-0.283,206.031,194.353,2.56927,0.5804025803049115,Voyager ISS,VGISS_6112,DATA/C34884XX/C3488407_RAW.LBL,CLEAR,NARROW ANGLE CAMERA,13.523,47.3345,45.614000000000004,3.565,6.129,209.016,195.688,22.46229,0.08497575269484992
RHEA,13.995878178949686,co-iss-n1711685135,vg-iss-1-s-c3488407,4.336000000000002,5.417999999999999,0.7899999999999991,9.961,6.409999999999999,2.5289999999999964,0.6319999999999766,Cassini ISS,COISS_2073,data/1711681787_1711687639/N1711685135_1.LBL,"CL1,CL2",ISSNA,17.859,52.7525,44.824000000000005,13.526,-0.281,206.487,195.056,2.59074,0.5755926636791033,Voyager ISS,VGISS_6112,DATA/C34884XX/C3488407_RAW.LBL,CLEAR,NARROW ANGLE CAMERA,13.523,47.3345,45.614000000000004,3.565,6.129,209.016,195.688,22.46229,0.08497575269484992
RHEA,14.016198923031881,co-iss-n1711685740,vg-iss-1-s-c3488407,4.149999999999999,5.865000000000002,0.7845000000000013,9.961,6.4079999999999995,1.9710000000000036,0.22100000000000364,Cassini ISS,COISS_2073,data/1711681787_1711687639/N1711685740_1.LBL,"CL1,CL2",ISSNA,17.673,53.1995,44.8295,13.526,-0.279,207.045,195.909,2.61724,0.5697646900933808,Voyager ISS,VGISS_6112,DATA/C34884XX/C3488407_RAW.LBL,CLEAR,NARROW ANGLE CAMERA,13.523,47.3345,45.614000000000004,3.565,6.129,209.016,195.688,22.46229,0.08497575269484992
RHEA,14.054834328443718,co-iss-n1711685355,vg-iss-1-s-c3488407,4.268000000000001,5.747,0.6960000000000051,9.961,6.409,2.3259999999999934,0.32099999999999795,Cassini ISS,COISS_2073,data/1711681787_1711687639/N1711685355_1.LBL,"CL1,CL2",ISSNA,17.791,53.0815,44.918,13.526,-0.28,206.69,195.367,2.60035,0.5734654709942892,Voyager ISS,VGISS_6112,DATA/C34884XX/C3488407_RAW.LBL,CLEAR,NARROW ANGLE CAMERA,13.523,47.3345,45.614000000000004,3.565,6.129,209.016,195.688,22.46229,0.08497575269484992
RHEA,14.072521522456451,co-iss-n1711684585,vg-iss-1-s-c3488407,4.510999999999999,4.928000000000004,1.3600000000000065,9.961,6.412,3.0360000000000014,1.4139999999999873,Cassini ISS,COISS_2073,data/1711681787_1711687639/N1711684585_1.LBL,"CL1,CL2",ISSNA,18.034,52.2625,44.254,13.526,-0.283,205.98,194.274,2.56689,0.5809407249628928,Voyager ISS,VGISS_6112,DATA/C34884XX/C3488407_RAW.LBL,CLEAR,NARROW ANGLE CAMERA,13.523,47.3345,45.614000000000004,3.565,6.129,209.016,195.688,22.46229,0.08497575269484992
RHEA,14.0743725703848,co-iss-n1711685795,vg-iss-1-s-c3488407,4.134,6.0560000000000045,0.5135000000000076,9.961,6.4079999999999995,1.9199999999999875,0.2980000000000018,Cassini ISS,COISS_2073,data/1711681787_1711687639/N1711685795_1.LBL,"CL1,CL2",ISSNA,17.657,53.3905,45.1005,13.526,-0.279,207.096,195.986,2.61966,0.5692383505874808,Voyager ISS,VGISS_6112,DATA/C34884XX/C3488407_RAW.LBL,CLEAR,NARROW ANGLE CAMERA,13.523,47.3345,45.614000000000004,3.565,6.129,209.016,195.688,22.46229,0.08497575269484992
RHEA,14.12091581661756,co-iss-n1711684530,vg-iss-1-s-c3488407,4.529,5.121500000000005,0.7535000000000025,9.961,6.412,3.086999999999989,1.4919999999999902,Cassini ISS,COISS_2073,data/1711681787_1711687639/N1711684530_1.LBL,"CL1,CL2",ISSNA,18.052,52.456,44.8605,13.526,-0.283,205.929,194.196,2.56452,0.5814776010715456,Voyager ISS,VGISS_6112,DATA/C34884XX/C3488407_RAW.LBL,CLEAR,NARROW ANGLE CAMERA,13.523,47.3345,45.614000000000004,3.565,6.129,209.016,195.688,22.46229,0.08497575269484992
RHEA,14.150995000352447,co-iss-n1711684970,vg-iss-1-s-c3488407,4.388000000000002,5.707500000000003,0.40050000000000097,9.961,6.411,2.680999999999983,0.8659999999999854,Cassini ISS,COISS_2073,data/1711681787_1711687639/N1711684970_1.LBL,"CL1,CL2",ISSNA,17.911,53.042,45.2135,13.526,-0.282,206.335,194.822,2.58357,0.5771900654907745,Voyager ISS,VGISS_6112,DATA/C34884XX/C3488407_RAW.LBL,CLEAR,NARROW ANGLE CAMERA,13.523,47.3345,45.614000000000004,3.565,6.129,209.016,195.688,22.46229,0.08497575269484992
RHEA,14.16791053754928,co-iss-n1711684750,vg-iss-1-s-c3488407,4.458000000000002,5.545000000000002,0.2810000000000059,9.961,6.411,2.883999999999986,1.179000000000002,Cassini ISS,COISS_2073,data/1711681787_1711687639/N1711684750_1.LBL,"CL1,CL2",ISSNA,17.981,52.8795,45.333,13.526,-0.282,206.132,194.509,2.57403,0.5793292764653093,Voyager ISS,VGISS_6112,DATA/C34884XX/C3488407_RAW.LBL,CLEAR,NARROW ANGLE CAMERA,13.523,47.3345,45.614000000000004,3.565,6.129,209.016,195.688,22.46229,0.08497575269484992
RHEA,14.196886604111477,co-iss-n1711685080,vg-iss-1-s-c3488407,4.3530000000000015,5.8260000000000005,1.093500000000006,9.961,6.409999999999999,2.5789999999999793,0.7099999999999795,Cassini ISS,COISS_2073,data/1711681787_1711687639/N1711685080_1.LBL,"CL1,CL2",ISSNA,17.876,53.1605,44.5205,13.526,-0.281,206.437,194.978,2.58835,0.576124147623003,Voyager ISS,VGISS_6112,DATA/C34884XX/C3488407_RAW.LBL,CLEAR,NARROW ANGLE CAMERA,13.523,47.3345,45.614000000000004,3.565,6.129,209.016,195.688,22.46229,0.08497575269484992
RHEA,14.224661665572222,co-iss-n1711685025,vg-iss-1-s-c3488407,4.370000000000001,5.841499999999996,1.1285000000000025,9.961,6.409999999999999,2.6299999999999955,0.7879999999999825,Cassini ISS,COISS_2073,data/1711681787_1711687639/N1711685025_1.LBL,"CL1,CL2",ISSNA,17.893,53.175999999999995,44.4855,13.526,-0.281,206.386,194.9,2.58596,0.5766566139847484,Voyager ISS,VGISS_6112,DATA/C34884XX/C3488407_RAW.LBL,CLEAR,NARROW ANGLE CAMERA,13.523,47.3345,45.614000000000004,3.565,6.129,209.016,195.688,22.46229,0.08497575269484992
RHEA,14.261398081885238,co-iss-n1711685520,vg-iss-1-s-c3488407,4.216999999999999,6.325000000000003,0.7535000000000025,9.961,6.409,2.173999999999978,0.08899999999999864,Cassini ISS,COISS_2073,data/1711681787_1711687639/N1711685520_1.LBL,"CL1,CL2",ISSNA,17.74,53.6595,44.8605,13.526,-0.28,206.842,195.599,2.60757,0.571877624570002,Voyager ISS,VGISS_6112,DATA/C34884XX/C3488407_RAW.LBL,CLEAR,NARROW ANGLE CAMERA,13.523,47.3345,45.614000000000004,3.565,6.129,209.016,195.688,22.46229,0.08497575269484992
RHEA,14.27354859521626,co-iss-n1711684915,vg-iss-1-s-c3488407,4.405000000000001,5.877500000000005,1.052500000000002,9.961,6.411,2.7319999999999993,0.9439999999999884,Cassini ISS,COISS_2073,data/1711681787_1711687639/N1711684915_1.LBL,"CL1,CL2",ISSNA,17.928,53.212,44.5615,13.526,-0.282,206.284,194.744,2.58118,0.5777245048776142,Voyager ISS,VGISS_6112,DATA/C34884XX/C3488407_RAW.LBL,CLEAR,NARROW ANGLE CAMERA,13.523,47.3345,45.614000000000004,3.565,6.129,209.016,195.688,22.46229,0.08497575269484992
RHEA,14.283526289050613,co-iss-n1711685245,vg-iss-1-s-c3488407,4.302,6.179000000000002,0.95150000000001,9.961,6.409999999999999,2.4269999999999925,0.4759999999999991,Cassini ISS,COISS_2073,data/1711681787_1711687639/N1711685245_1.LBL,"CL1,CL2",ISSNA,17.825,53.5135,44.662499999999994,13.526,-0.281,206.589,195.212,2.59554,0.5745282051133868,Voyager ISS,VGISS_6112,DATA/C34884XX/C3488407_RAW.LBL,CLEAR,NARROW ANGLE CAMERA,13.523,47.3345,45.614000000000004,3.565,6.129,209.016,195.688,22.46229,0.08497575269484992
RHEA,14.445576139427601,co-iss-n1711685465,vg-iss-1-s-c3488407,4.234000000000002,6.736000000000004,0.32200000000000273,9.961,6.409,2.2239999999999895,0.16599999999999682,Cassini ISS,COISS_2073,data/1711681787_1711687639/N1711685465_1.LBL,"CL1,CL2",ISSNA,17.757,54.0705,45.292,13.526,-0.28,206.792,195.522,2.60516,0.5724066612031506,Voyager ISS,VGISS_6112,DATA/C34884XX/C3488407_RAW.LBL,CLEAR,NARROW ANGLE CAMERA,13.523,47.3345,45.614000000000004,3.565,6.129,209.016,195.688,22.46229,0.08497575269484992
RHEA,14.524532703326466,co-iss-n1711684805,vg-iss-1-s-c3488407,4.440000000000001,6.429500000000004,0.5930000000000035,9.961,6.411,2.8329999999999984,1.0999999999999943,Cassini ISS,COISS_2073,data/1711681787_1711687639/N1711684805_1.LBL,"CL1,CL2",ISSNA,17.963,53.764,45.021,13.526,-0.282,206.183,194.588,2.57641,0.5787941117679252,Voyager ISS,VGISS_6112,DATA/C34884XX/C3488407_RAW.LBL,CLEAR,NARROW ANGLE CAMERA,13.523,47.3345,45.614000000000004,3.565,6.129,209.016,195.688,22.46229,0.08497575269484992
RHEA,14.754365370967331,co-iss-n1711684475,vg-iss-1-s-c3488407,4.545999999999999,6.600499999999997,0.9025000000000034,9.961,6.412,3.1370000000000005,1.570999999999998,Cassini ISS,COISS_2073,data/1711681787_1711687639/N1711684475_1.LBL,"CL1,CL2",ISSNA,18.069,53.934999999999995,44.7115,13.526,-0.283,205.879,194.117,2.56215,0.582015470405714,Voyager ISS,VGISS_6112,DATA/C34884XX/C3488407_RAW.LBL,CLEAR,NARROW ANGLE CAMERA,13.523,47.3345,45.614000000000004,3.565,6.129,209.016,195.688,22.46229,0.08497575269484992
RHEA,15.522139817048433,co-iss-w1673432224,vg-iss-1-s-c3488407,1.4540000000000006,1.0195000000000007,1.3145000000000024,4.115,6.656,8.959000000000003,9.724000000000018,Cassini ISS,COISS_2067,data/1673425957_1673472095/W1673432224_1.LBL,"CL1,CL2",ISSWA,14.977,46.315,44.2995,7.68,-0.527,217.975,205.412,16.18588,0.09213035914636708,Voyager ISS,VGISS_6112,DATA/C34884XX/C3488407_RAW.LBL,CLEAR,NARROW ANGLE CAMERA,13.523,47.3345,45.614000000000004,3.565,6.129,209.016,195.688,22.46229,0.08497575269484992
RHEA,15.58439617052903,co-iss-w1711683794,vg-iss-1-s-c3488407,4.773,1.0730000000000075,7.609999999999999,9.961,6.414,3.7649999999999864,2.548000000000002,Cassini ISS,COISS_2073,data/1711681787_1711687639/W1711683794_1.LBL,"CL1,CL2",ISSWA,18.296,48.407500000000006,38.004000000000005,13.526,-0.285,205.251,193.14,25.26612,0.059020179493329404,Voyager ISS,VGISS_6112,DATA/C34884XX/C3488407_RAW.LBL,CLEAR,NARROW ANGLE CAMERA,13.523,47.3345,45.614000000000004,3.565,6.129,209.016,195.688,22.46229,0.08497575269484992
RHEA,15.6367315718471,co-iss-n1711683794,vg-iss-1-s-c3488407,4.773,7.725499999999997,1.007000000000005,9.961,6.414,3.7649999999999864,2.548000000000002,Cassini ISS,COISS_2073,data/1711681787_1711687639/N1711683794_1.LBL,"CL1,CL2",ISSNA,18.296,39.609,44.607,13.526,-0.285,205.251,193.14,2.53299,0.588715682849123,Voyager ISS,VGISS_6112,DATA/C34884XX/C3488407_RAW.LBL,CLEAR,NARROW ANGLE CAMERA,13.523,47.3345,45.614000000000004,3.565,6.129,209.016,195.688,22.46229,0.08497575269484992
RHEA,15.642781098640988,co-iss-w1711682174,vg-iss-1-s-c3488407,5.3530000000000015,4.670500000000004,1.4125000000000085,9.961,6.42,5.259999999999991,4.911999999999978,Cassini ISS,COISS_2073,data/1711681787_1711687639/W1711682174_1.LBL,"CL1,CL2",ISSWA,18.876,52.005,44.201499999999996,13.526,-0.291,203.756,190.776,24.58849,0.060646706548470444,Voyager ISS,VGISS_6112,DATA/C34884XX/C3488407_RAW.LBL,CLEAR,NARROW ANGLE CAMERA,13.523,47.3345,45.614000000000004,3.565,6.129,209.016,195.688,22.46229,0.08497575269484992
RHEA,16.12177636769595,co-iss-n1711682174,vg-iss-1-s-c3488407,5.3530000000000015,6.216999999999999,0.6105000000000089,9.961,6.42,5.259999999999991,4.911999999999978,Cassini ISS,COISS_2073,data/1711681787_1711687639/N1711682174_1.LBL,"CL1,CL2",ISSNA,18.876,53.5515,45.003499999999995,13.526,-0.291,203.756,190.776,2.46506,0.6049390024989251,Voyager ISS,VGISS_6112,DATA/C34884XX/C3488407_RAW.LBL,CLEAR,NARROW ANGLE CAMERA,13.523,47.3345,45.614000000000004,3.565,6.129,209.016,195.688,22.46229,0.08497575269484992
RHEA,18.362198288875973,co-iss-n1572256382,vg-iss-1-s-c3486955,0.04299999999999926,2.3980000000000032,5.392000000000003,13.260000000000002,4.638,5.197999999999979,8.830999999999989,Cassini ISS,COISS_2038,data/1572235642_1572371574/N1572256382_1.LBL,"CL1,CL2",ISSNA,19.323,53.513000000000005,45.5855,-9.701,1.941,176.492,161.006,9.12408,0.16343685472946315,Voyager ISS,VGISS_6112,DATA/C34869XX/C3486955_RAW.LBL,CLEAR,NARROW ANGLE CAMERA,19.28,51.115,40.1935,3.559,6.579,171.294,152.175,28.94212,0.06595059380584421
RHEA,18.59315767964118,co-iss-n1572408219,vg-iss-1-s-c3492538,7.8919999999999995,5.295499999999997,0.07849999999999824,13.255,3.3840000000000003,2.7690000000000055,7.781999999999982,Cassini ISS,COISS_2038,data/1572371593_1572556520/N1572408219_1.LBL,"CL1,CL2",ISSNA,13.388,51.284,44.283500000000004,-9.672,1.814,316.497,309.574,16.20193,0.09203909271920073,Voyager ISS,VGISS_6113,DATA/C34925XX/C3492538_RAW.LBL,CLEAR,NARROW ANGLE CAMERA,5.496,45.9885,44.362,3.583,-1.57,319.266,317.356,11.97675,0.15937128185860105
RHEA,18.6821400607639,co-iss-n1572408219,vg-iss-1-s-c3492544,7.846,5.152999999999999,0.36949999999999505,13.255,3.42,3.033999999999992,8.010999999999967,Cassini ISS,COISS_2038,data/1572371593_1572556520/N1572408219_1.LBL,"CL1,CL2",ISSNA,13.388,51.284,44.283500000000004,-9.672,1.814,316.497,309.574,16.20193,0.09203909271920073,Voyager ISS,VGISS_6113,DATA/C34925XX/C3492544_RAW.LBL,CLEAR,NARROW ANGLE CAMERA,5.542,46.131,44.653,3.583,-1.606,319.531,317.585,11.94774,0.15975824716640974
RHEA,18.73607712409404,co-iss-n1572256382,vg-iss-1-s-c3487002,0.07400000000000162,4.676000000000002,5.989000000000004,13.260000000000002,4.6370000000000005,4.887999999999977,8.490000000000009,Cassini ISS,COISS_2038,data/1572235642_1572371574/N1572256382_1.LBL,"CL1,CL2",ISSNA,19.323,53.513000000000005,45.5855,-9.701,1.941,176.492,161.006,9.12408,0.16343685472946315,Voyager ISS,VGISS_6112,DATA/C34870XX/C3487002_RAW.LBL,CLEAR,NARROW ANGLE CAMERA,19.249,48.837,39.5965,3.559,6.578,171.604,152.516,28.88016,0.06609208536240796
RHEA,19.125750318614937,co-iss-n1572408219,vg-iss-1-s-c3492610,7.641,4.287500000000001,1.4309999999999903,13.255,3.576,4.185000000000002,8.998999999999967,Cassini ISS,COISS_2038,data/1572371593_1572556520/N1572408219_1.LBL,"CL1,CL2",ISSNA,13.388,51.284,44.283500000000004,-9.672,1.814,316.497,309.574,16.20193,0.09203909271920073,Voyager ISS,VGISS_6113,DATA/C34926XX/C3492610_RAW.LBL,CLEAR,NARROW ANGLE CAMERA,5.747,46.9965,45.714499999999994,3.583,-1.762,320.682,318.573,11.82094,0.16147193032026216
RHEA,19.187773971985393,co-iss-n1580699974,vg-iss-2-s-c4397714,4.259,2.8699999999999974,2.5529999999999973,15.964,5.632,6.368000000000002,2.8560000000000016,Cassini ISS,COISS_2041,data/1580614432_1580756339/N1580699974_2.LBL,"CL1,CL2",ISSNA,31.034,53.7595,41.807,-8.243,17.436,41.098,23.46,13.61083,0.10956061735397474,Voyager ISS,VGISS_6213,DATA/C43977XX/C4397714_RAW.LBL,CLEAR,NARROW ANGLE CAMERA,26.775,56.6295,44.36,7.721,11.804,47.466,20.604,15.73155,0.12133260867492396
RHEA,20.03721236225241,co-iss-n1572297754,vg-iss-1-s-c3488407,0.3019999999999996,1.7495000000000047,2.338000000000008,13.26,4.002,5.6340000000000146,13.011000000000024,Cassini ISS,COISS_2038,data/1572235642_1572371574/N1572297754_2.LBL,"CL1,CL2",ISSNA,13.221,49.084,43.275999999999996,-9.695,2.127,214.65,208.699,9.94457,0.1499522792337929,Voyager ISS,VGISS_6112,DATA/C34884XX/C3488407_RAW.LBL,CLEAR,NARROW ANGLE CAMERA,13.523,47.3345,45.614000000000004,3.565,6.129,209.016,195.688,22.46229,0.08497575269484992
RHEA,22.149122764795916,co-iss-n1576936847,vg-iss-2-s-c4388814,2.476000000000001,4.222999999999999,0.6884999999999977,16.58,6.643,0.5230000000000246,12.118000000000023,Cassini ISS,COISS_2040,data/1576929656_1577178609/N1576936847_1.LBL,"CL1,CL2",ISSNA,15.641,50.559,45.0405,-8.898,6.736,171.669,171.187,5.33327,0.27960537109503175,Voyager ISS,VGISS_6212,DATA/C43888XX/C4388814_RAW.LBL,CLEAR,NARROW ANGLE CAMERA,13.165,46.336,45.729,7.682,13.379,171.146,159.069,35.14017,0.054318177743590886
RHEA,22.80289822040172,co-iss-n1843694168,vg-iss-2-s-c4391248,9.094000000000001,8.866999999999997,0.2115000000000009,18.232,3.710000000000001,2.531000000000006,2.454999999999984,Cassini ISS,COISS_2104,data/1843625152_1843995563/N1843694168_1.LBL,"CL1,CL2",ISSNA,15.952,50.364,44.5385,25.923,10.056,233.873,235.612,3.43817,0.4337222817661721,Voyager ISS,VGISS_6213,DATA/C43912XX/C4391248_RAW.LBL,CLEAR,NARROW ANGLE CAMERA,6.858,41.497,44.75,7.691,13.766,236.404,233.157,28.76387,0.06635929031802744
RHEA,24.678938095063994,co-iss-n1572256382,vg-iss-1-s-c3487722,2.6020000000000003,1.792500000000004,2.5464999999999947,13.263,4.503,14.594000000000023,13.543000000000006,Cassini ISS,COISS_2038,data/1572235642_1572371574/N1572256382_1.LBL,"CL1,CL2",ISSNA,19.323,53.513000000000005,45.5855,-9.701,1.941,176.492,161.006,9.12408,0.16343685472946315,Voyager ISS,VGISS_6112,DATA/C34877XX/C3487722_RAW.LBL,CLEAR,NARROW ANGLE CAMERA,16.721,51.7205,48.132,3.562,6.444,191.086,174.549,25.26041,0.07556290654031347
RHEA,25.07500847457484,co-iss-n1519487727,vg-iss-1-s-c3485530,5.574000000000002,4.954999999999998,1.0509999999999948,21.662,6.7139999999999995,5.77800000000002,4.931999999999988,Cassini ISS,COISS_2020,data/1519478774_1519575099/N1519487727_1.LBL,"CL1,CL2",ISSNA,26.71,57.241,44.38,-18.11,-0.201,127.219,107.055,2.09507,0.7117714145589407,Voyager ISS,VGISS_6112,DATA/C34855XX/C3485530_RAW.LBL,CLEAR,NARROW ANGLE CAMERA,21.136,52.286,45.431,3.552,6.513,132.997,111.987,37.39086,0.05104857176325979
RHEA,25.27221452504707,co-iss-n1519488890,vg-iss-1-s-c3485530,6.647000000000002,5.4439999999999955,0.48699999999999477,21.662,6.713,4.706000000000017,5.307999999999993,Cassini ISS,COISS_2020,data/1519478774_1519575099/N1519488890_1.LBL,"CL1,CL2",ISSNA,27.783,57.73,44.944,-18.11,-0.2,128.291,106.679,2.04232,0.7301553808903599,Voyager ISS,VGISS_6112,DATA/C34855XX/C3485530_RAW.LBL,CLEAR,NARROW ANGLE CAMERA,21.136,52.286,45.431,3.552,6.513,132.997,111.987,37.39086,0.05104857176325979
RHEA,25.842426613033084,co-iss-n1572256382,vg-iss-1-s-c3487713,2.539999999999999,9.325000000000003,2.3575000000000017,13.263,4.508,14.195000000000022,13.081999999999994,Cassini ISS,COISS_2038,data/1572235642_1572371574/N1572256382_1.LBL,"CL1,CL2",ISSNA,19.323,53.513000000000005,45.5855,-9.701,1.941,176.492,161.006,9.12408,0.16343685472946315,Voyager ISS,VGISS_6112,DATA/C34877XX/C3487713_RAW.LBL,CLEAR,NARROW ANGLE CAMERA,16.783,44.188,43.228,3.562,6.449,190.687,174.088,25.32864,0.07535935604912068
RHEA,26.301796126880763,co-iss-n1519487727,vg-iss-1-s-c3485523,5.573,9.276499999999999,3.015500000000003,21.662,6.712999999999999,5.468999999999994,4.622,Cassini ISS,COISS_2020,data/1519478774_1519575099/N1519487727_1.LBL,"CL1,CL2",ISSNA,26.71,57.241,44.38,-18.11,-0.201,127.219,107.055,2.09507,0.7117714145589407,Voyager ISS,VGISS_6112,DATA/C34855XX/C3485523_RAW.LBL,CLEAR,NARROW ANGLE CAMERA,21.137,47.9645,41.3645,3.552,6.512,132.688,111.677,37.46376,0.05094923734296824
RHEA,26.66371931107886,co-iss-n1519488890,vg-iss-1-s-c3485523,6.646000000000001,9.765499999999996,3.579500000000003,21.662,6.712,4.396999999999991,4.998000000000005,Cassini ISS,COISS_2020,data/1519478774_1519575099/N1519488890_1.LBL,"CL1,CL2",ISSNA,27.783,57.73,44.944,-18.11,-0.2,128.291,106.679,2.04232,0.7301553808903599,Voyager ISS,VGISS_6112,DATA/C34855XX/C3485523_RAW.LBL,CLEAR,NARROW ANGLE CAMERA,21.137,47.9645,41.3645,3.552,6.512,132.688,111.677,37.46376,0.05094923734296824
RHEA,27.52598137215093,co-iss-w1511714612,vg-iss-1-s-c3486955,0.3810000000000002,1.6865000000000023,3.4765000000000015,22.759,6.883,10.177000000000021,8.583999999999975,Cassini ISS,COISS_2017,data/1511234877_1511715187/W1511714612_1.LBL,"CL1,CL2",ISSWA,18.899,52.801500000000004,43.67,-19.2,-0.304,161.117,160.759,10.36324,0.14389427799607074,Voyager ISS,VGISS_6112,DATA/C34869XX/C3486955_RAW.LBL,CLEAR,NARROW ANGLE CAMERA,19.28,51.115,40.1935,3.559,6.579,171.294,152.175,28.94212,0.06595059380584421
RHEA,27.85123669606074,co-iss-w1511714612,vg-iss-1-s-c3487002,0.34999999999999787,3.964500000000001,4.073500000000003,22.759,6.882000000000001,10.487000000000023,8.242999999999995,Cassini ISS,COISS_2017,data/1511234877_1511715187/W1511714612_1.LBL,"CL1,CL2",ISSWA,18.899,52.801500000000004,43.67,-19.2,-0.304,161.117,160.759,10.36324,0.14389427799607074,Voyager ISS,VGISS_6112,DATA/C34870XX/C3487002_RAW.LBL,CLEAR,NARROW ANGLE CAMERA,19.249,48.837,39.5965,3.559,6.578,171.604,152.516,28.88016,0.06609208536240796
TETHYS,17.978829306993266,co-iss-n1572471790,vg-iss-1-s-c3492618,5.864999999999998,1.5690000000000026,3.7324999999999946,14.99,2.6310000000000002,5.931999999999995,2.3739999999999988,Cassini ISS,COISS_2038,data/1572371593_1572556520/N1572471790_1.LBL,"CL1,CL2",ISSNA,24.445,52.6305,42.487,-11.022,0.882,42.67,21.194,16.94542,0.06120293123451647,Voyager ISS,VGISS_6113,DATA/C34926XX/C3492618_RAW.LBL,CLEAR,NARROW ANGLE CAMERA,30.31,54.1995,46.2195,3.968,-1.749,48.602,18.82,11.48191,0.1156166526300938
TETHYS,18.25172781546997,co-iss-n1572234308,vg-iss-1-s-c3490038,0.4530000000000012,6.020999999999994,0.3475000000000037,15.025,4.0,6.859000000000009,2.7840000000000202,Cassini ISS,COISS_2038,data/1572142854_1572235572/N1572234308_1.LBL,"CL1,CL2",ISSNA,11.361,44.091,45.978,-11.07,0.224,238.634,237.341,10.62392,0.09762021692557926,Voyager ISS,VGISS_6113,DATA/C34900XX/C3490038_RAW.LBL,CLEAR,NARROW ANGLE CAMERA,10.908,50.111999999999995,46.325500000000005,3.955,4.224,245.493,234.557,18.44263,0.07197997248765496
TETHYS,19.960017766775664,co-iss-n1579492705,vg-iss-2-s-c4395913,2.0410000000000004,3.118000000000002,1.3935000000000102,16.826,0.9869999999999983,9.864000000000004,1.0889999999999986,Cassini ISS,COISS_2041,data/1579447229_1579621185/N1579492705_2.LBL,"CL1,CL2",ISSNA,23.203,50.8815,44.162000000000006,-9.673,11.351,56.14,46.268,11.35119,0.09136569601953627,Voyager ISS,VGISS_6213,DATA/C43959XX/C4395913_RAW.LBL,CLEAR,NARROW ANGLE CAMERA,21.162,47.7635,42.768499999999996,7.153,12.338,66.004,45.179,19.11882,0.06943420148314593
TETHYS,21.6304170209453,co-iss-n1583582754,vg-iss-2-s-c4396317,7.6860000000000035,0.5664999999999907,0.5844999999999985,15.986,7.319000000000001,9.935000000000002,0.5600000000000023,Cassini ISS,COISS_2042,data/1583421206_1583798789/N1583582754_2.LBL,"CL1,CL2",ISSNA,32.392,53.714000000000006,44.0315,-8.831,20.556,81.916,68.066,10.32511,0.10044535845138695,Voyager ISS,VGISS_6213,DATA/C43963XX/C4396317_RAW.LBL,CLEAR,NARROW ANGLE CAMERA,24.706,54.280499999999996,44.616,7.155,13.237,91.851,67.506,16.84017,0.07882937048735256
TETHYS,23.858049113454364,co-iss-n1577178609,vg-iss-2-s-c4400357,0.8640000000000008,6.214499999999994,1.7175000000000011,17.301,4.552999999999999,0.8439999999999941,14.357000000000028,Cassini ISS,COISS_2040,data/1576929656_1577178609/N1577178609_3.LBL,"CL1,CL2",ISSNA,23.967,50.313500000000005,43.053,-10.133,12.426,349.495,341.329,13.75634,0.07539137408642124,Voyager ISS,VGISS_6214,DATA/C44003XX/C4400357_RAW.LBL,CLEAR,NARROW ANGLE CAMERA,24.831,56.528,44.7705,7.168,16.979,350.339,326.972,2.61421,0.507801592067967
TETHYS,25.82636217123891,co-iss-n1574928113,vg-iss-1-s-c3492618,6.971,4.4580000000000055,0.16900000000000404,14.532,7.670999999999999,14.574000000000005,10.774000000000001,Cassini ISS,COISS_2039,data/1574712106_1575013798/N1574928113_2.LBL,"CL1,CL2",ISSNA,37.281,58.657500000000006,46.3885,-10.564,5.922,63.176,29.594,13.94882,0.07435104725704397,Voyager ISS,VGISS_6113,DATA/C34926XX/C3492618_RAW.LBL,CLEAR,NARROW ANGLE CAMERA,30.31,54.1995,46.2195,3.968,-1.749,48.602,18.82,11.48191,0.1156166526300938
